% Sweeping over matrix sizes:  48 960 48 
data = [
%   m     n     k         reference      |         current implementation 
%                    time       GFLOPS   |    time       GFLOPS     diff 
    48    48    48 8.8260e-06 2.5061e+01   
0.000000 0.000985 0.041631 0.176643 0.364602 0.091331 0.092298 0.487217 0.526750 0.454433 0.233178 0.831292 0.931731 0.568060 0.556094 0.050832 0.767051 0.018915 0.252360 0.298197 0.875981 0.531557 0.920261 0.515431 0.810429 0.188420 0.886314 0.570614 0.076775 0.815274 0.984891 0.118352 0.893906 0.784484 0.100916 0.253311 0.019842 0.378377 0.678877 0.680923 0.752707 0.006229 0.624407 0.126462 0.617550 0.770928 0.186536 0.496722 0.000000 0.000000 0.000000 0.000000 0.000000 0.000000 0.000000 0.000000 0.000000 0.000000 0.000000 0.000000 0.000000 0.000000 0.000000 0.000000 0.000000 0.000000 0.000000 0.000000 0.000000 0.000000 0.000000 0.000000 0.000000 0.000000 0.000000 0.000000 0.000000 0.000000 0.000000 0.000000 0.000000 0.000000 0.000000 0.000000 0.000000 0.000000 0.000000 0.000000 0.000000 0.000000 0.000000 0.000000 0.000000 0.000000 0.000000 0.000000 0.000000 0.000000 0.000000 0.000000 0.000000 0.000000 0.000000 0.000000 0.000000 0.000000 0.000000 0.000000 0.000000 0.000000 0.000000 0.000000 0.000000 0.000000 0.000000 0.000000 0.000000 0.000000 0.000000 0.000000 0.000000 0.000000 0.000000 0.000000 0.000000 0.000000 0.000000 0.000000 0.000000 0.000000 0.000000 0.000000 0.000000 0.000000 0.000000 0.000000 0.000000 0.000000 0.000000 0.000000 0.000000 0.000000 0.000000 0.000000 0.000000 0.000000 0.000000 0.000000 0.000000 0.000000 0.000000 0.000000 0.000000 0.000000 0.000000 0.000000 0.000000 0.000000 0.000000 0.000000 0.000000 0.000000 0.000000 0.000000 0.000000 0.000000 0.000000 0.000000 0.000000 0.000000 0.000000 0.000000 0.000000 0.000000 0.000000 0.000000 0.000000 0.000000 0.000000 0.000000 0.000000 0.000000 0.000000 0.000000 0.000000 0.000000 0.000000 0.000000 0.000000 0.000000 0.000000 0.000000 0.000000 0.000000 0.000000 0.000000 0.000000 0.000000 0.000000 0.000000 0.000000 0.000000 0.000000 0.000000 0.000000 0.000000 0.000000 0.000000 0.000000 0.000000 0.000000 0.000000 0.000000 0.000000 0.000000 0.000000 
0.509500 0.315939 0.701703 0.367247 0.876312 0.370995 0.525252 0.427835 0.542743 0.667979 0.171142 0.830779 0.861905 0.769221 0.052579 0.966730 0.334284 0.082097 0.270315 0.074262 0.676226 0.810159 0.464211 0.569185 0.512203 0.586510 0.738759 0.871689 0.577967 0.964704 0.333529 0.392828 0.176928 0.111869 0.852681 0.811172 0.954887 0.904283 0.138915 0.686187 0.126987 0.004090 0.000503 0.192952 0.586780 0.374959 0.026786 0.464765 0.000000 0.000000 0.000000 0.000000 0.000000 0.000000 0.000000 0.000000 0.000000 0.000000 0.000000 0.000000 0.000000 0.000000 0.000000 0.000000 0.000000 0.000000 0.000000 0.000000 0.000000 0.000000 0.000000 0.000000 0.000000 0.000000 0.000000 0.000000 0.000000 0.000000 0.000000 0.000000 0.000000 0.000000 0.000000 0.000000 0.000000 0.000000 0.000000 0.000000 0.000000 0.000000 0.000000 0.000000 0.000000 0.000000 0.000000 0.000000 0.000000 0.000000 0.000000 0.000000 0.000000 0.000000 0.000000 0.000000 0.000000 0.000000 0.000000 0.000000 0.000000 0.000000 0.000000 0.000000 0.000000 0.000000 0.000000 0.000000 0.000000 0.000000 0.000000 0.000000 0.000000 0.000000 0.000000 0.000000 0.000000 0.000000 0.000000 0.000000 0.000000 0.000000 0.000000 0.000000 0.000000 0.000000 0.000000 0.000000 0.000000 0.000000 0.000000 0.000000 0.000000 0.000000 0.000000 0.000000 0.000000 0.000000 0.000000 0.000000 0.000000 0.000000 0.000000 0.000000 0.000000 0.000000 0.000000 0.000000 0.000000 0.000000 0.000000 0.000000 0.000000 0.000000 0.000000 0.000000 0.000000 0.000000 0.000000 0.000000 0.000000 0.000000 0.000000 0.000000 0.000000 0.000000 0.000000 0.000000 0.000000 0.000000 0.000000 0.000000 0.000000 0.000000 0.000000 0.000000 0.000000 0.000000 0.000000 0.000000 0.000000 0.000000 0.000000 0.000000 0.000000 0.000000 0.000000 0.000000 0.000000 0.000000 0.000000 0.000000 0.000000 0.000000 0.000000 0.000000 0.000000 0.000000 0.000000 0.000000 0.000000 0.000000 0.000000 0.000000 0.000000 0.000000 0.000000 0.000000 
0.785343 0.442235 0.287904 0.853353 0.525972 0.728417 0.266314 0.783484 0.468044 0.196997 0.447177 0.728440 0.966093 0.756841 0.466057 0.868966 0.134039 0.846053 0.018088 0.940855 0.670082 0.799972 0.143217 0.610460 0.908283 0.774415 0.366065 0.944288 0.884822 0.445171 0.163028 0.424817 0.479854 0.031128 0.608430 0.792261 0.182497 0.525121 0.898759 0.308790 0.942626 0.388025 0.930512 0.911384 0.337718 0.532812 0.702077 0.971011 0.000000 0.000000 0.000000 0.000000 0.000000 0.000000 0.000000 0.000000 0.000000 0.000000 0.000000 0.000000 0.000000 0.000000 0.000000 0.000000 0.000000 0.000000 0.000000 0.000000 0.000000 0.000000 0.000000 0.000000 0.000000 0.000000 0.000000 0.000000 0.000000 0.000000 0.000000 0.000000 0.000000 0.000000 0.000000 0.000000 0.000000 0.000000 0.000000 0.000000 0.000000 0.000000 0.000000 0.000000 0.000000 0.000000 0.000000 0.000000 0.000000 0.000000 0.000000 0.000000 0.000000 0.000000 0.000000 0.000000 0.000000 0.000000 0.000000 0.000000 0.000000 0.000000 0.000000 0.000000 0.000000 0.000000 0.000000 0.000000 0.000000 0.000000 0.000000 0.000000 0.000000 0.000000 0.000000 0.000000 0.000000 0.000000 0.000000 0.000000 0.000000 0.000000 0.000000 0.000000 0.000000 0.000000 0.000000 0.000000 0.000000 0.000000 0.000000 0.000000 0.000000 0.000000 0.000000 0.000000 0.000000 0.000000 0.000000 0.000000 0.000000 0.000000 0.000000 0.000000 0.000000 0.000000 0.000000 0.000000 0.000000 0.000000 0.000000 0.000000 0.000000 0.000000 0.000000 0.000000 0.000000 0.000000 0.000000 0.000000 0.000000 0.000000 0.000000 0.000000 0.000000 0.000000 0.000000 0.000000 0.000000 0.000000 0.000000 0.000000 0.000000 0.000000 0.000000 0.000000 0.000000 0.000000 0.000000 0.000000 0.000000 0.000000 0.000000 0.000000 0.000000 0.000000 0.000000 0.000000 0.000000 0.000000 0.000000 0.000000 0.000000 0.000000 0.000000 0.000000 0.000000 0.000000 0.000000 0.000000 0.000000 0.000000 0.000000 0.000000 0.000000 0.000000 0.000000 0.000000 
0.768085 0.751941 0.090864 0.853967 0.174644 0.019770 0.419054 0.296370 0.378232 0.418716 0.138448 0.380847 0.299780 0.021012 0.238803 0.037109 0.221059 0.525435 0.494525 0.882522 0.773830 0.059002 0.119801 0.547801 0.341916 0.456812 0.588122 0.585150 0.069927 0.818931 0.403161 0.585483 0.191161 0.892277 0.176332 0.207704 0.115748 0.158915 0.992644 0.681571 0.811796 0.642215 0.329342 0.737553 0.823483 0.721261 0.657982 0.358774 0.000000 0.000000 0.000000 0.000000 0.000000 0.000000 0.000000 0.000000 0.000000 0.000000 0.000000 0.000000 0.000000 0.000000 0.000000 0.000000 0.000000 0.000000 0.000000 0.000000 0.000000 0.000000 0.000000 0.000000 0.000000 0.000000 0.000000 0.000000 0.000000 0.000000 0.000000 0.000000 0.000000 0.000000 0.000000 0.000000 0.000000 0.000000 0.000000 0.000000 0.000000 0.000000 0.000000 0.000000 0.000000 0.000000 0.000000 0.000000 0.000000 0.000000 0.000000 0.000000 0.000000 0.000000 0.000000 0.000000 0.000000 0.000000 0.000000 0.000000 0.000000 0.000000 0.000000 0.000000 0.000000 0.000000 0.000000 0.000000 0.000000 0.000000 0.000000 0.000000 0.000000 0.000000 0.000000 0.000000 0.000000 0.000000 0.000000 0.000000 0.000000 0.000000 0.000000 0.000000 0.000000 0.000000 0.000000 0.000000 0.000000 0.000000 0.000000 0.000000 0.000000 0.000000 0.000000 0.000000 0.000000 0.000000 0.000000 0.000000 0.000000 0.000000 0.000000 0.000000 0.000000 0.000000 0.000000 0.000000 0.000000 0.000000 0.000000 0.000000 0.000000 0.000000 0.000000 0.000000 0.000000 0.000000 0.000000 0.000000 0.000000 0.000000 0.000000 0.000000 0.000000 0.000000 0.000000 0.000000 0.000000 0.000000 0.000000 0.000000 0.000000 0.000000 0.000000 0.000000 0.000000 0.000000 0.000000 0.000000 0.000000 0.000000 0.000000 0.000000 0.000000 0.000000 0.000000 0.000000 0.000000 0.000000 0.000000 0.000000 0.000000 0.000000 0.000000 0.000000 0.000000 0.000000 0.000000 0.000000 0.000000 0.000000 0.000000 0.000000 0.000000 0.000000 0.000000 0.000000 
0.610365 0.415004 0.814954 0.773965 0.274311 0.044742 0.601041 0.514091 0.630215 0.180893 0.278501 0.452489 0.642986 0.742832 0.413655 0.618052 0.618289 0.854436 0.181457 0.307928 0.023328 0.009182 0.951453 0.990755 0.204940 0.604093 0.935652 0.559567 0.546866 0.439128 0.449752 0.306805 0.200814 0.215800 0.049896 0.209561 0.574563 0.914820 0.415610 0.654159 0.355701 0.586702 0.391946 0.033850 0.285516 0.091604 0.444385 0.925937 0.000000 0.000000 0.000000 0.000000 0.000000 0.000000 0.000000 0.000000 0.000000 0.000000 0.000000 0.000000 0.000000 0.000000 0.000000 0.000000 0.000000 0.000000 0.000000 0.000000 0.000000 0.000000 0.000000 0.000000 0.000000 0.000000 0.000000 0.000000 0.000000 0.000000 0.000000 0.000000 0.000000 0.000000 0.000000 0.000000 0.000000 0.000000 0.000000 0.000000 0.000000 0.000000 0.000000 0.000000 0.000000 0.000000 0.000000 0.000000 0.000000 0.000000 0.000000 0.000000 0.000000 0.000000 0.000000 0.000000 0.000000 0.000000 0.000000 0.000000 0.000000 0.000000 0.000000 0.000000 0.000000 0.000000 0.000000 0.000000 0.000000 0.000000 0.000000 0.000000 0.000000 0.000000 0.000000 0.000000 0.000000 0.000000 0.000000 0.000000 0.000000 0.000000 0.000000 0.000000 0.000000 0.000000 0.000000 0.000000 0.000000 0.000000 0.000000 0.000000 0.000000 0.000000 0.000000 0.000000 0.000000 0.000000 0.000000 0.000000 0.000000 0.000000 0.000000 0.000000 0.000000 0.000000 0.000000 0.000000 0.000000 0.000000 0.000000 0.000000 0.000000 0.000000 0.000000 0.000000 0.000000 0.000000 0.000000 0.000000 0.000000 0.000000 0.000000 0.000000 0.000000 0.000000 0.000000 0.000000 0.000000 0.000000 0.000000 0.000000 0.000000 0.000000 0.000000 0.000000 0.000000 0.000000 0.000000 0.000000 0.000000 0.000000 0.000000 0.000000 0.000000 0.000000 0.000000 0.000000 0.000000 0.000000 0.000000 0.000000 0.000000 0.000000 0.000000 0.000000 0.000000 0.000000 0.000000 0.000000 0.000000 0.000000 0.000000 0.000000 0.000000 0.000000 0.000000 0.000000 
0.921284 0.605927 0.861146 0.014717 0.686701 0.844568 0.129647 0.059656 0.013072 0.391159 0.865676 0.015057 0.924289 0.886719 0.662069 0.654911 0.076340 0.092977 0.003252 0.526670 0.789756 0.654019 0.545893 0.798389 0.726753 0.253315 0.255246 0.138354 0.482949 0.467587 0.100876 0.504214 0.858395 0.010048 0.821570 0.964318 0.019459 0.929619 0.063080 0.037962 0.190257 0.276666 0.447314 0.649382 0.151123 0.487155 0.649658 0.534280 0.000000 0.000000 0.000000 0.000000 0.000000 0.000000 0.000000 0.000000 0.000000 0.000000 0.000000 0.000000 0.000000 0.000000 0.000000 0.000000 0.000000 0.000000 0.000000 0.000000 0.000000 0.000000 0.000000 0.000000 0.000000 0.000000 0.000000 0.000000 0.000000 0.000000 0.000000 0.000000 0.000000 0.000000 0.000000 0.000000 0.000000 0.000000 0.000000 0.000000 0.000000 0.000000 0.000000 0.000000 0.000000 0.000000 0.000000 0.000000 0.000000 0.000000 0.000000 0.000000 0.000000 0.000000 0.000000 0.000000 0.000000 0.000000 0.000000 0.000000 0.000000 0.000000 0.000000 0.000000 0.000000 0.000000 0.000000 0.000000 0.000000 0.000000 0.000000 0.000000 0.000000 0.000000 0.000000 0.000000 0.000000 0.000000 0.000000 0.000000 0.000000 0.000000 0.000000 0.000000 0.000000 0.000000 0.000000 0.000000 0.000000 0.000000 0.000000 0.000000 0.000000 0.000000 0.000000 0.000000 0.000000 0.000000 0.000000 0.000000 0.000000 0.000000 0.000000 0.000000 0.000000 0.000000 0.000000 0.000000 0.000000 0.000000 0.000000 0.000000 0.000000 0.000000 0.000000 0.000000 0.000000 0.000000 0.000000 0.000000 0.000000 0.000000 0.000000 0.000000 0.000000 0.000000 0.000000 0.000000 0.000000 0.000000 0.000000 0.000000 0.000000 0.000000 0.000000 0.000000 0.000000 0.000000 0.000000 0.000000 0.000000 0.000000 0.000000 0.000000 0.000000 0.000000 0.000000 0.000000 0.000000 0.000000 0.000000 0.000000 0.000000 0.000000 0.000000 0.000000 0.000000 0.000000 0.000000 0.000000 0.000000 0.000000 0.000000 0.000000 0.000000 0.000000 0.000000 0.000000 
0.356802 0.394116 0.721992 0.724702 0.306141 0.106581 0.910780 0.740914 0.239058 0.651344 0.368411 0.026181 0.849258 0.041816 0.056121 0.426039 0.479733 0.501694 0.980527 0.607505 0.912656 0.750416 0.713813 0.971132 0.029212 0.264289 0.018311 0.080676 0.154636 0.114352 0.756538 0.938249 0.128804 0.592612 0.122524 0.599178 0.065873 0.256026 0.412451 0.948387 0.353495 0.016996 0.973425 0.762359 0.861975 0.405130 0.867867 0.036761 0.000000 0.000000 0.000000 0.000000 0.000000 0.000000 0.000000 0.000000 0.000000 0.000000 0.000000 0.000000 0.000000 0.000000 0.000000 0.000000 0.000000 0.000000 0.000000 0.000000 0.000000 0.000000 0.000000 0.000000 0.000000 0.000000 0.000000 0.000000 0.000000 0.000000 0.000000 0.000000 0.000000 0.000000 0.000000 0.000000 0.000000 0.000000 0.000000 0.000000 0.000000 0.000000 0.000000 0.000000 0.000000 0.000000 0.000000 0.000000 0.000000 0.000000 0.000000 0.000000 0.000000 0.000000 0.000000 0.000000 0.000000 0.000000 0.000000 0.000000 0.000000 0.000000 0.000000 0.000000 0.000000 0.000000 0.000000 0.000000 0.000000 0.000000 0.000000 0.000000 0.000000 0.000000 0.000000 0.000000 0.000000 0.000000 0.000000 0.000000 0.000000 0.000000 0.000000 0.000000 0.000000 0.000000 0.000000 0.000000 0.000000 0.000000 0.000000 0.000000 0.000000 0.000000 0.000000 0.000000 0.000000 0.000000 0.000000 0.000000 0.000000 0.000000 0.000000 0.000000 0.000000 0.000000 0.000000 0.000000 0.000000 0.000000 0.000000 0.000000 0.000000 0.000000 0.000000 0.000000 0.000000 0.000000 0.000000 0.000000 0.000000 0.000000 0.000000 0.000000 0.000000 0.000000 0.000000 0.000000 0.000000 0.000000 0.000000 0.000000 0.000000 0.000000 0.000000 0.000000 0.000000 0.000000 0.000000 0.000000 0.000000 0.000000 0.000000 0.000000 0.000000 0.000000 0.000000 0.000000 0.000000 0.000000 0.000000 0.000000 0.000000 0.000000 0.000000 0.000000 0.000000 0.000000 0.000000 0.000000 0.000000 0.000000 0.000000 0.000000 0.000000 0.000000 0.000000 0.000000 
0.208479 0.423333 0.984823 0.564353 0.576262 0.468223 0.464160 0.761121 0.302084 0.417257 0.098524 0.136846 0.698138 0.180448 0.893077 0.730879 0.302287 0.141218 0.824100 0.442203 0.590112 0.977622 0.502689 0.897659 0.724808 0.261282 0.455035 0.261958 0.960489 0.016931 0.940439 0.901961 0.097871 0.521122 0.084702 0.795402 0.868910 0.095782 0.880272 0.006006 0.202012 0.472639 0.644231 0.933968 0.098426 0.570898 0.507583 0.659436 0.000000 0.000000 0.000000 0.000000 0.000000 0.000000 0.000000 0.000000 0.000000 0.000000 0.000000 0.000000 0.000000 0.000000 0.000000 0.000000 0.000000 0.000000 0.000000 0.000000 0.000000 0.000000 0.000000 0.000000 0.000000 0.000000 0.000000 0.000000 0.000000 0.000000 0.000000 0.000000 0.000000 0.000000 0.000000 0.000000 0.000000 0.000000 0.000000 0.000000 0.000000 0.000000 0.000000 0.000000 0.000000 0.000000 0.000000 0.000000 0.000000 0.000000 0.000000 0.000000 0.000000 0.000000 0.000000 0.000000 0.000000 0.000000 0.000000 0.000000 0.000000 0.000000 0.000000 0.000000 0.000000 0.000000 0.000000 0.000000 0.000000 0.000000 0.000000 0.000000 0.000000 0.000000 0.000000 0.000000 0.000000 0.000000 0.000000 0.000000 0.000000 0.000000 0.000000 0.000000 0.000000 0.000000 0.000000 0.000000 0.000000 0.000000 0.000000 0.000000 0.000000 0.000000 0.000000 0.000000 0.000000 0.000000 0.000000 0.000000 0.000000 0.000000 0.000000 0.000000 0.000000 0.000000 0.000000 0.000000 0.000000 0.000000 0.000000 0.000000 0.000000 0.000000 0.000000 0.000000 0.000000 0.000000 0.000000 0.000000 0.000000 0.000000 0.000000 0.000000 0.000000 0.000000 0.000000 0.000000 0.000000 0.000000 0.000000 0.000000 0.000000 0.000000 0.000000 0.000000 0.000000 0.000000 0.000000 0.000000 0.000000 0.000000 0.000000 0.000000 0.000000 0.000000 0.000000 0.000000 0.000000 0.000000 0.000000 0.000000 0.000000 0.000000 0.000000 0.000000 0.000000 0.000000 0.000000 0.000000 0.000000 0.000000 0.000000 0.000000 0.000000 0.000000 0.000000 0.000000 
0.892915 0.735755 0.689250 0.809339 0.240409 0.763515 0.768728 0.542360 0.481051 0.414380 0.073568 0.526698 0.507623 0.751598 0.131093 0.009376 0.763973 0.101193 0.965288 0.089244 0.115920 0.896274 0.745245 0.218530 0.585460 0.240793 0.884460 0.396093 0.056503 0.927216 0.452420 0.870782 0.230231 0.488962 0.571254 0.852889 0.218364 0.920511 0.038626 0.408390 0.053819 0.105162 0.529782 0.572954 0.114494 0.042568 0.500902 0.724749 0.000000 0.000000 0.000000 0.000000 0.000000 0.000000 0.000000 0.000000 0.000000 0.000000 0.000000 0.000000 0.000000 0.000000 0.000000 0.000000 0.000000 0.000000 0.000000 0.000000 0.000000 0.000000 0.000000 0.000000 0.000000 0.000000 0.000000 0.000000 0.000000 0.000000 0.000000 0.000000 0.000000 0.000000 0.000000 0.000000 0.000000 0.000000 0.000000 0.000000 0.000000 0.000000 0.000000 0.000000 0.000000 0.000000 0.000000 0.000000 0.000000 0.000000 0.000000 0.000000 0.000000 0.000000 0.000000 0.000000 0.000000 0.000000 0.000000 0.000000 0.000000 0.000000 0.000000 0.000000 0.000000 0.000000 0.000000 0.000000 0.000000 0.000000 0.000000 0.000000 0.000000 0.000000 0.000000 0.000000 0.000000 0.000000 0.000000 0.000000 0.000000 0.000000 0.000000 0.000000 0.000000 0.000000 0.000000 0.000000 0.000000 0.000000 0.000000 0.000000 0.000000 0.000000 0.000000 0.000000 0.000000 0.000000 0.000000 0.000000 0.000000 0.000000 0.000000 0.000000 0.000000 0.000000 0.000000 0.000000 0.000000 0.000000 0.000000 0.000000 0.000000 0.000000 0.000000 0.000000 0.000000 0.000000 0.000000 0.000000 0.000000 0.000000 0.000000 0.000000 0.000000 0.000000 0.000000 0.000000 0.000000 0.000000 0.000000 0.000000 0.000000 0.000000 0.000000 0.000000 0.000000 0.000000 0.000000 0.000000 0.000000 0.000000 0.000000 0.000000 0.000000 0.000000 0.000000 0.000000 0.000000 0.000000 0.000000 0.000000 0.000000 0.000000 0.000000 0.000000 0.000000 0.000000 0.000000 0.000000 0.000000 0.000000 0.000000 0.000000 0.000000 0.000000 0.000000 0.000000 
0.494231 0.346086 0.035075 0.366505 0.915601 0.504929 0.861768 0.923538 0.015347 0.289962 0.239358 0.716462 0.101573 0.777378 0.244662 0.431663 0.591599 0.514516 0.768635 0.721587 0.803579 0.740518 0.506180 0.818314 0.059264 0.575870 0.861748 0.551174 0.828654 0.124058 0.710174 0.001572 0.031797 0.291344 0.671436 0.300237 0.433837 0.273296 0.124291 0.134329 0.104943 0.416033 0.820584 0.260122 0.148330 0.013878 0.221272 0.352915 0.000000 0.000000 0.000000 0.000000 0.000000 0.000000 0.000000 0.000000 0.000000 0.000000 0.000000 0.000000 0.000000 0.000000 0.000000 0.000000 0.000000 0.000000 0.000000 0.000000 0.000000 0.000000 0.000000 0.000000 0.000000 0.000000 0.000000 0.000000 0.000000 0.000000 0.000000 0.000000 0.000000 0.000000 0.000000 0.000000 0.000000 0.000000 0.000000 0.000000 0.000000 0.000000 0.000000 0.000000 0.000000 0.000000 0.000000 0.000000 0.000000 0.000000 0.000000 0.000000 0.000000 0.000000 0.000000 0.000000 0.000000 0.000000 0.000000 0.000000 0.000000 0.000000 0.000000 0.000000 0.000000 0.000000 0.000000 0.000000 0.000000 0.000000 0.000000 0.000000 0.000000 0.000000 0.000000 0.000000 0.000000 0.000000 0.000000 0.000000 0.000000 0.000000 0.000000 0.000000 0.000000 0.000000 0.000000 0.000000 0.000000 0.000000 0.000000 0.000000 0.000000 0.000000 0.000000 0.000000 0.000000 0.000000 0.000000 0.000000 0.000000 0.000000 0.000000 0.000000 0.000000 0.000000 0.000000 0.000000 0.000000 0.000000 0.000000 0.000000 0.000000 0.000000 0.000000 0.000000 0.000000 0.000000 0.000000 0.000000 0.000000 0.000000 0.000000 0.000000 0.000000 0.000000 0.000000 0.000000 0.000000 0.000000 0.000000 0.000000 0.000000 0.000000 0.000000 0.000000 0.000000 0.000000 0.000000 0.000000 0.000000 0.000000 0.000000 0.000000 0.000000 0.000000 0.000000 0.000000 0.000000 0.000000 0.000000 0.000000 0.000000 0.000000 0.000000 0.000000 0.000000 0.000000 0.000000 0.000000 0.000000 0.000000 0.000000 0.000000 0.000000 0.000000 0.000000 0.000000 
0.761930 0.421203 0.686691 0.526691 0.329879 0.143644 0.375358 0.744665 0.729884 0.731954 0.173760 0.556697 0.685514 0.870456 0.558393 0.344739 0.535651 0.962264 0.923171 0.752715 0.686961 0.336166 0.360733 0.707908 0.662554 0.397451 0.013741 0.407951 0.667512 0.219446 0.088817 0.617571 0.019182 0.217242 0.206055 0.374485 0.399823 0.293948 0.524278 0.792152 0.397100 0.727059 0.697282 0.631985 0.123042 0.733361 0.168706 0.028108 0.000000 0.000000 0.000000 0.000000 0.000000 0.000000 0.000000 0.000000 0.000000 0.000000 0.000000 0.000000 0.000000 0.000000 0.000000 0.000000 0.000000 0.000000 0.000000 0.000000 0.000000 0.000000 0.000000 0.000000 0.000000 0.000000 0.000000 0.000000 0.000000 0.000000 0.000000 0.000000 0.000000 0.000000 0.000000 0.000000 0.000000 0.000000 0.000000 0.000000 0.000000 0.000000 0.000000 0.000000 0.000000 0.000000 0.000000 0.000000 0.000000 0.000000 0.000000 0.000000 0.000000 0.000000 0.000000 0.000000 0.000000 0.000000 0.000000 0.000000 0.000000 0.000000 0.000000 0.000000 0.000000 0.000000 0.000000 0.000000 0.000000 0.000000 0.000000 0.000000 0.000000 0.000000 0.000000 0.000000 0.000000 0.000000 0.000000 0.000000 0.000000 0.000000 0.000000 0.000000 0.000000 0.000000 0.000000 0.000000 0.000000 0.000000 0.000000 0.000000 0.000000 0.000000 0.000000 0.000000 0.000000 0.000000 0.000000 0.000000 0.000000 0.000000 0.000000 0.000000 0.000000 0.000000 0.000000 0.000000 0.000000 0.000000 0.000000 0.000000 0.000000 0.000000 0.000000 0.000000 0.000000 0.000000 0.000000 0.000000 0.000000 0.000000 0.000000 0.000000 0.000000 0.000000 0.000000 0.000000 0.000000 0.000000 0.000000 0.000000 0.000000 0.000000 0.000000 0.000000 0.000000 0.000000 0.000000 0.000000 0.000000 0.000000 0.000000 0.000000 0.000000 0.000000 0.000000 0.000000 0.000000 0.000000 0.000000 0.000000 0.000000 0.000000 0.000000 0.000000 0.000000 0.000000 0.000000 0.000000 0.000000 0.000000 0.000000 0.000000 0.000000 0.000000 0.000000 0.000000 
0.216490 0.170799 0.170083 0.528646 0.312893 0.901156 0.443719 0.079153 0.136992 0.535290 0.642834 0.842087 0.969753 0.340412 0.367711 0.712868 0.045647 0.124773 0.258288 0.965184 0.837492 0.687851 0.688702 0.808773 0.524610 0.583177 0.683919 0.460254 0.759754 0.276283 0.316928 0.065967 0.148406 0.472621 0.239584 0.944774 0.330580 0.260945 0.171349 0.873876 0.863814 0.478475 0.216758 0.772772 0.102704 0.207741 0.230993 0.166173 0.000000 0.000000 0.000000 0.000000 0.000000 0.000000 0.000000 0.000000 0.000000 0.000000 0.000000 0.000000 0.000000 0.000000 0.000000 0.000000 0.000000 0.000000 0.000000 0.000000 0.000000 0.000000 0.000000 0.000000 0.000000 0.000000 0.000000 0.000000 0.000000 0.000000 0.000000 0.000000 0.000000 0.000000 0.000000 0.000000 0.000000 0.000000 0.000000 0.000000 0.000000 0.000000 0.000000 0.000000 0.000000 0.000000 0.000000 0.000000 0.000000 0.000000 0.000000 0.000000 0.000000 0.000000 0.000000 0.000000 0.000000 0.000000 0.000000 0.000000 0.000000 0.000000 0.000000 0.000000 0.000000 0.000000 0.000000 0.000000 0.000000 0.000000 0.000000 0.000000 0.000000 0.000000 0.000000 0.000000 0.000000 0.000000 0.000000 0.000000 0.000000 0.000000 0.000000 0.000000 0.000000 0.000000 0.000000 0.000000 0.000000 0.000000 0.000000 0.000000 0.000000 0.000000 0.000000 0.000000 0.000000 0.000000 0.000000 0.000000 0.000000 0.000000 0.000000 0.000000 0.000000 0.000000 0.000000 0.000000 0.000000 0.000000 0.000000 0.000000 0.000000 0.000000 0.000000 0.000000 0.000000 0.000000 0.000000 0.000000 0.000000 0.000000 0.000000 0.000000 0.000000 0.000000 0.000000 0.000000 0.000000 0.000000 0.000000 0.000000 0.000000 0.000000 0.000000 0.000000 0.000000 0.000000 0.000000 0.000000 0.000000 0.000000 0.000000 0.000000 0.000000 0.000000 0.000000 0.000000 0.000000 0.000000 0.000000 0.000000 0.000000 0.000000 0.000000 0.000000 0.000000 0.000000 0.000000 0.000000 0.000000 0.000000 0.000000 0.000000 0.000000 0.000000 0.000000 0.000000 
0.265020 0.804494 0.108500 0.258255 0.879562 0.215200 0.665078 0.625837 0.792525 0.345951 0.630425 0.250514 0.035976 0.806997 0.405085 0.438404 0.756344 0.784341 0.480335 0.715900 0.387701 0.028168 0.417493 0.900804 0.612354 0.834165 0.757822 0.606587 0.861440 0.405708 0.237630 0.584804 0.105243 0.490458 0.845010 0.704126 0.104651 0.692993 0.033096 0.426893 0.732294 0.275132 0.335741 0.314019 0.218391 0.607551 0.579483 0.070587 0.000000 0.000000 0.000000 0.000000 0.000000 0.000000 0.000000 0.000000 0.000000 0.000000 0.000000 0.000000 0.000000 0.000000 0.000000 0.000000 0.000000 0.000000 0.000000 0.000000 0.000000 0.000000 0.000000 0.000000 0.000000 0.000000 0.000000 0.000000 0.000000 0.000000 0.000000 0.000000 0.000000 0.000000 0.000000 0.000000 0.000000 0.000000 0.000000 0.000000 0.000000 0.000000 0.000000 0.000000 0.000000 0.000000 0.000000 0.000000 0.000000 0.000000 0.000000 0.000000 0.000000 0.000000 0.000000 0.000000 0.000000 0.000000 0.000000 0.000000 0.000000 0.000000 0.000000 0.000000 0.000000 0.000000 0.000000 0.000000 0.000000 0.000000 0.000000 0.000000 0.000000 0.000000 0.000000 0.000000 0.000000 0.000000 0.000000 0.000000 0.000000 0.000000 0.000000 0.000000 0.000000 0.000000 0.000000 0.000000 0.000000 0.000000 0.000000 0.000000 0.000000 0.000000 0.000000 0.000000 0.000000 0.000000 0.000000 0.000000 0.000000 0.000000 0.000000 0.000000 0.000000 0.000000 0.000000 0.000000 0.000000 0.000000 0.000000 0.000000 0.000000 0.000000 0.000000 0.000000 0.000000 0.000000 0.000000 0.000000 0.000000 0.000000 0.000000 0.000000 0.000000 0.000000 0.000000 0.000000 0.000000 0.000000 0.000000 0.000000 0.000000 0.000000 0.000000 0.000000 0.000000 0.000000 0.000000 0.000000 0.000000 0.000000 0.000000 0.000000 0.000000 0.000000 0.000000 0.000000 0.000000 0.000000 0.000000 0.000000 0.000000 0.000000 0.000000 0.000000 0.000000 0.000000 0.000000 0.000000 0.000000 0.000000 0.000000 0.000000 0.000000 0.000000 0.000000 0.000000 
0.479340 0.160880 0.292917 0.657304 0.996661 0.092966 0.051626 0.022452 0.933532 0.063295 0.712304 0.556107 0.412148 0.988242 0.460360 0.699764 0.687137 0.535025 0.576024 0.542324 0.600958 0.371753 0.897791 0.245560 0.412392 0.570197 0.290063 0.832116 0.267869 0.261940 0.493320 0.065951 0.109539 0.233001 0.617532 0.703576 0.258866 0.803192 0.128187 0.404914 0.808443 0.161266 0.443031 0.690954 0.029097 0.542918 0.508058 0.913377 0.000000 0.000000 0.000000 0.000000 0.000000 0.000000 0.000000 0.000000 0.000000 0.000000 0.000000 0.000000 0.000000 0.000000 0.000000 0.000000 0.000000 0.000000 0.000000 0.000000 0.000000 0.000000 0.000000 0.000000 0.000000 0.000000 0.000000 0.000000 0.000000 0.000000 0.000000 0.000000 0.000000 0.000000 0.000000 0.000000 0.000000 0.000000 0.000000 0.000000 0.000000 0.000000 0.000000 0.000000 0.000000 0.000000 0.000000 0.000000 0.000000 0.000000 0.000000 0.000000 0.000000 0.000000 0.000000 0.000000 0.000000 0.000000 0.000000 0.000000 0.000000 0.000000 0.000000 0.000000 0.000000 0.000000 0.000000 0.000000 0.000000 0.000000 0.000000 0.000000 0.000000 0.000000 0.000000 0.000000 0.000000 0.000000 0.000000 0.000000 0.000000 0.000000 0.000000 0.000000 0.000000 0.000000 0.000000 0.000000 0.000000 0.000000 0.000000 0.000000 0.000000 0.000000 0.000000 0.000000 0.000000 0.000000 0.000000 0.000000 0.000000 0.000000 0.000000 0.000000 0.000000 0.000000 0.000000 0.000000 0.000000 0.000000 0.000000 0.000000 0.000000 0.000000 0.000000 0.000000 0.000000 0.000000 0.000000 0.000000 0.000000 0.000000 0.000000 0.000000 0.000000 0.000000 0.000000 0.000000 0.000000 0.000000 0.000000 0.000000 0.000000 0.000000 0.000000 0.000000 0.000000 0.000000 0.000000 0.000000 0.000000 0.000000 0.000000 0.000000 0.000000 0.000000 0.000000 0.000000 0.000000 0.000000 0.000000 0.000000 0.000000 0.000000 0.000000 0.000000 0.000000 0.000000 0.000000 0.000000 0.000000 0.000000 0.000000 0.000000 0.000000 0.000000 0.000000 0.000000 
0.438810 0.863972 0.833358 0.665999 0.872171 0.914567 0.151167 0.092266 0.674812 0.131121 0.895940 0.315506 0.070578 0.581422 0.213810 0.693284 0.306999 0.804998 0.878733 0.743849 0.577276 0.867274 0.845470 0.646554 0.097727 0.623799 0.803995 0.930262 0.444886 0.102613 0.942635 0.850835 0.135853 0.841756 0.683185 0.552864 0.981669 0.348773 0.753355 0.209897 0.422319 0.854310 0.021409 0.254909 0.532371 0.627505 0.773860 0.627729 0.000000 0.000000 0.000000 0.000000 0.000000 0.000000 0.000000 0.000000 0.000000 0.000000 0.000000 0.000000 0.000000 0.000000 0.000000 0.000000 0.000000 0.000000 0.000000 0.000000 0.000000 0.000000 0.000000 0.000000 0.000000 0.000000 0.000000 0.000000 0.000000 0.000000 0.000000 0.000000 0.000000 0.000000 0.000000 0.000000 0.000000 0.000000 0.000000 0.000000 0.000000 0.000000 0.000000 0.000000 0.000000 0.000000 0.000000 0.000000 0.000000 0.000000 0.000000 0.000000 0.000000 0.000000 0.000000 0.000000 0.000000 0.000000 0.000000 0.000000 0.000000 0.000000 0.000000 0.000000 0.000000 0.000000 0.000000 0.000000 0.000000 0.000000 0.000000 0.000000 0.000000 0.000000 0.000000 0.000000 0.000000 0.000000 0.000000 0.000000 0.000000 0.000000 0.000000 0.000000 0.000000 0.000000 0.000000 0.000000 0.000000 0.000000 0.000000 0.000000 0.000000 0.000000 0.000000 0.000000 0.000000 0.000000 0.000000 0.000000 0.000000 0.000000 0.000000 0.000000 0.000000 0.000000 0.000000 0.000000 0.000000 0.000000 0.000000 0.000000 0.000000 0.000000 0.000000 0.000000 0.000000 0.000000 0.000000 0.000000 0.000000 0.000000 0.000000 0.000000 0.000000 0.000000 0.000000 0.000000 0.000000 0.000000 0.000000 0.000000 0.000000 0.000000 0.000000 0.000000 0.000000 0.000000 0.000000 0.000000 0.000000 0.000000 0.000000 0.000000 0.000000 0.000000 0.000000 0.000000 0.000000 0.000000 0.000000 0.000000 0.000000 0.000000 0.000000 0.000000 0.000000 0.000000 0.000000 0.000000 0.000000 0.000000 0.000000 0.000000 0.000000 0.000000 0.000000 0.000000 
0.790272 0.112535 0.887194 0.773443 0.857243 0.479736 0.774054 0.285605 0.291724 0.197939 0.297004 0.476542 0.313978 0.404809 0.590476 0.415645 0.867308 0.046935 0.043811 0.762543 0.434994 0.490307 0.533305 0.958349 0.456499 0.963680 0.385154 0.463136 0.036460 0.332576 0.868259 0.945686 0.702766 0.240648 0.198498 0.861911 0.695628 0.169366 0.854752 0.186674 0.061407 0.918223 0.310355 0.190960 0.289511 0.998560 0.248398 0.848987 0.000000 0.000000 0.000000 0.000000 0.000000 0.000000 0.000000 0.000000 0.000000 0.000000 0.000000 0.000000 0.000000 0.000000 0.000000 0.000000 0.000000 0.000000 0.000000 0.000000 0.000000 0.000000 0.000000 0.000000 0.000000 0.000000 0.000000 0.000000 0.000000 0.000000 0.000000 0.000000 0.000000 0.000000 0.000000 0.000000 0.000000 0.000000 0.000000 0.000000 0.000000 0.000000 0.000000 0.000000 0.000000 0.000000 0.000000 0.000000 0.000000 0.000000 0.000000 0.000000 0.000000 0.000000 0.000000 0.000000 0.000000 0.000000 0.000000 0.000000 0.000000 0.000000 0.000000 0.000000 0.000000 0.000000 0.000000 0.000000 0.000000 0.000000 0.000000 0.000000 0.000000 0.000000 0.000000 0.000000 0.000000 0.000000 0.000000 0.000000 0.000000 0.000000 0.000000 0.000000 0.000000 0.000000 0.000000 0.000000 0.000000 0.000000 0.000000 0.000000 0.000000 0.000000 0.000000 0.000000 0.000000 0.000000 0.000000 0.000000 0.000000 0.000000 0.000000 0.000000 0.000000 0.000000 0.000000 0.000000 0.000000 0.000000 0.000000 0.000000 0.000000 0.000000 0.000000 0.000000 0.000000 0.000000 0.000000 0.000000 0.000000 0.000000 0.000000 0.000000 0.000000 0.000000 0.000000 0.000000 0.000000 0.000000 0.000000 0.000000 0.000000 0.000000 0.000000 0.000000 0.000000 0.000000 0.000000 0.000000 0.000000 0.000000 0.000000 0.000000 0.000000 0.000000 0.000000 0.000000 0.000000 0.000000 0.000000 0.000000 0.000000 0.000000 0.000000 0.000000 0.000000 0.000000 0.000000 0.000000 0.000000 0.000000 0.000000 0.000000 0.000000 0.000000 0.000000 0.000000 
0.427422 0.457750 0.710492 0.500323 0.300612 0.340710 0.009002 0.827981 0.366578 0.876902 0.273700 0.608564 0.764369 0.218197 0.194412 0.373621 0.654893 0.201899 0.428968 0.437495 0.058197 0.870058 0.666101 0.306156 0.110096 0.927995 0.939546 0.410016 0.213394 0.699112 0.284144 0.292981 0.633189 0.547851 0.587271 0.747304 0.068948 0.956784 0.727227 0.081987 0.969032 0.106800 0.090641 0.440025 0.380172 0.711056 0.937598 0.290783 0.000000 0.000000 0.000000 0.000000 0.000000 0.000000 0.000000 0.000000 0.000000 0.000000 0.000000 0.000000 0.000000 0.000000 0.000000 0.000000 0.000000 0.000000 0.000000 0.000000 0.000000 0.000000 0.000000 0.000000 0.000000 0.000000 0.000000 0.000000 0.000000 0.000000 0.000000 0.000000 0.000000 0.000000 0.000000 0.000000 0.000000 0.000000 0.000000 0.000000 0.000000 0.000000 0.000000 0.000000 0.000000 0.000000 0.000000 0.000000 0.000000 0.000000 0.000000 0.000000 0.000000 0.000000 0.000000 0.000000 0.000000 0.000000 0.000000 0.000000 0.000000 0.000000 0.000000 0.000000 0.000000 0.000000 0.000000 0.000000 0.000000 0.000000 0.000000 0.000000 0.000000 0.000000 0.000000 0.000000 0.000000 0.000000 0.000000 0.000000 0.000000 0.000000 0.000000 0.000000 0.000000 0.000000 0.000000 0.000000 0.000000 0.000000 0.000000 0.000000 0.000000 0.000000 0.000000 0.000000 0.000000 0.000000 0.000000 0.000000 0.000000 0.000000 0.000000 0.000000 0.000000 0.000000 0.000000 0.000000 0.000000 0.000000 0.000000 0.000000 0.000000 0.000000 0.000000 0.000000 0.000000 0.000000 0.000000 0.000000 0.000000 0.000000 0.000000 0.000000 0.000000 0.000000 0.000000 0.000000 0.000000 0.000000 0.000000 0.000000 0.000000 0.000000 0.000000 0.000000 0.000000 0.000000 0.000000 0.000000 0.000000 0.000000 0.000000 0.000000 0.000000 0.000000 0.000000 0.000000 0.000000 0.000000 0.000000 0.000000 0.000000 0.000000 0.000000 0.000000 0.000000 0.000000 0.000000 0.000000 0.000000 0.000000 0.000000 0.000000 0.000000 0.000000 0.000000 0.000000 
0.941990 0.174689 0.028523 0.387987 0.945305 0.714289 0.461379 0.336545 0.825957 0.585883 0.890016 0.703631 0.919677 0.890181 0.631414 0.357848 0.067659 0.792193 0.625854 0.456972 0.749714 0.292908 0.622832 0.527660 0.797972 0.697903 0.237892 0.203092 0.578003 0.556564 0.900761 0.985825 0.438034 0.401726 0.010569 0.477996 0.545855 0.049270 0.475154 0.729667 0.235276 0.357432 0.961916 0.074642 0.151216 0.173880 0.679416 0.192994 0.000000 0.000000 0.000000 0.000000 0.000000 0.000000 0.000000 0.000000 0.000000 0.000000 0.000000 0.000000 0.000000 0.000000 0.000000 0.000000 0.000000 0.000000 0.000000 0.000000 0.000000 0.000000 0.000000 0.000000 0.000000 0.000000 0.000000 0.000000 0.000000 0.000000 0.000000 0.000000 0.000000 0.000000 0.000000 0.000000 0.000000 0.000000 0.000000 0.000000 0.000000 0.000000 0.000000 0.000000 0.000000 0.000000 0.000000 0.000000 0.000000 0.000000 0.000000 0.000000 0.000000 0.000000 0.000000 0.000000 0.000000 0.000000 0.000000 0.000000 0.000000 0.000000 0.000000 0.000000 0.000000 0.000000 0.000000 0.000000 0.000000 0.000000 0.000000 0.000000 0.000000 0.000000 0.000000 0.000000 0.000000 0.000000 0.000000 0.000000 0.000000 0.000000 0.000000 0.000000 0.000000 0.000000 0.000000 0.000000 0.000000 0.000000 0.000000 0.000000 0.000000 0.000000 0.000000 0.000000 0.000000 0.000000 0.000000 0.000000 0.000000 0.000000 0.000000 0.000000 0.000000 0.000000 0.000000 0.000000 0.000000 0.000000 0.000000 0.000000 0.000000 0.000000 0.000000 0.000000 0.000000 0.000000 0.000000 0.000000 0.000000 0.000000 0.000000 0.000000 0.000000 0.000000 0.000000 0.000000 0.000000 0.000000 0.000000 0.000000 0.000000 0.000000 0.000000 0.000000 0.000000 0.000000 0.000000 0.000000 0.000000 0.000000 0.000000 0.000000 0.000000 0.000000 0.000000 0.000000 0.000000 0.000000 0.000000 0.000000 0.000000 0.000000 0.000000 0.000000 0.000000 0.000000 0.000000 0.000000 0.000000 0.000000 0.000000 0.000000 0.000000 0.000000 0.000000 0.000000 
0.749040 0.083079 0.971513 0.318164 0.707502 0.516010 0.897557 0.916574 0.146312 0.698158 0.828978 0.747776 0.992856 0.830125 0.778833 0.667334 0.665123 0.248648 0.138917 0.582616 0.379540 0.175742 0.999364 0.598802 0.756520 0.991894 0.616913 0.099701 0.089603 0.868316 0.556957 0.561984 0.225576 0.556367 0.816021 0.584443 0.735675 0.293196 0.918379 0.473664 0.157721 0.165792 0.734353 0.827632 0.974665 0.046047 0.077588 0.728267 0.000000 0.000000 0.000000 0.000000 0.000000 0.000000 0.000000 0.000000 0.000000 0.000000 0.000000 0.000000 0.000000 0.000000 0.000000 0.000000 0.000000 0.000000 0.000000 0.000000 0.000000 0.000000 0.000000 0.000000 0.000000 0.000000 0.000000 0.000000 0.000000 0.000000 0.000000 0.000000 0.000000 0.000000 0.000000 0.000000 0.000000 0.000000 0.000000 0.000000 0.000000 0.000000 0.000000 0.000000 0.000000 0.000000 0.000000 0.000000 0.000000 0.000000 0.000000 0.000000 0.000000 0.000000 0.000000 0.000000 0.000000 0.000000 0.000000 0.000000 0.000000 0.000000 0.000000 0.000000 0.000000 0.000000 0.000000 0.000000 0.000000 0.000000 0.000000 0.000000 0.000000 0.000000 0.000000 0.000000 0.000000 0.000000 0.000000 0.000000 0.000000 0.000000 0.000000 0.000000 0.000000 0.000000 0.000000 0.000000 0.000000 0.000000 0.000000 0.000000 0.000000 0.000000 0.000000 0.000000 0.000000 0.000000 0.000000 0.000000 0.000000 0.000000 0.000000 0.000000 0.000000 0.000000 0.000000 0.000000 0.000000 0.000000 0.000000 0.000000 0.000000 0.000000 0.000000 0.000000 0.000000 0.000000 0.000000 0.000000 0.000000 0.000000 0.000000 0.000000 0.000000 0.000000 0.000000 0.000000 0.000000 0.000000 0.000000 0.000000 0.000000 0.000000 0.000000 0.000000 0.000000 0.000000 0.000000 0.000000 0.000000 0.000000 0.000000 0.000000 0.000000 0.000000 0.000000 0.000000 0.000000 0.000000 0.000000 0.000000 0.000000 0.000000 0.000000 0.000000 0.000000 0.000000 0.000000 0.000000 0.000000 0.000000 0.000000 0.000000 0.000000 0.000000 0.000000 0.000000 
0.538749 0.922804 0.071733 0.237515 0.927368 0.309434 0.728931 0.999725 0.255177 0.484168 0.127023 0.511578 0.998390 0.852830 0.311062 0.421436 0.596208 0.327819 0.457622 0.469884 0.868525 0.552036 0.635386 0.055217 0.469349 0.211341 0.458750 0.090265 0.725661 0.864116 0.177029 0.764288 0.288849 0.352192 0.962524 0.005410 0.250467 0.265178 0.876898 0.090646 0.899379 0.321905 0.805478 0.722877 0.479585 0.260901 0.480124 0.503812 0.000000 0.000000 0.000000 0.000000 0.000000 0.000000 0.000000 0.000000 0.000000 0.000000 0.000000 0.000000 0.000000 0.000000 0.000000 0.000000 0.000000 0.000000 0.000000 0.000000 0.000000 0.000000 0.000000 0.000000 0.000000 0.000000 0.000000 0.000000 0.000000 0.000000 0.000000 0.000000 0.000000 0.000000 0.000000 0.000000 0.000000 0.000000 0.000000 0.000000 0.000000 0.000000 0.000000 0.000000 0.000000 0.000000 0.000000 0.000000 0.000000 0.000000 0.000000 0.000000 0.000000 0.000000 0.000000 0.000000 0.000000 0.000000 0.000000 0.000000 0.000000 0.000000 0.000000 0.000000 0.000000 0.000000 0.000000 0.000000 0.000000 0.000000 0.000000 0.000000 0.000000 0.000000 0.000000 0.000000 0.000000 0.000000 0.000000 0.000000 0.000000 0.000000 0.000000 0.000000 0.000000 0.000000 0.000000 0.000000 0.000000 0.000000 0.000000 0.000000 0.000000 0.000000 0.000000 0.000000 0.000000 0.000000 0.000000 0.000000 0.000000 0.000000 0.000000 0.000000 0.000000 0.000000 0.000000 0.000000 0.000000 0.000000 0.000000 0.000000 0.000000 0.000000 0.000000 0.000000 0.000000 0.000000 0.000000 0.000000 0.000000 0.000000 0.000000 0.000000 0.000000 0.000000 0.000000 0.000000 0.000000 0.000000 0.000000 0.000000 0.000000 0.000000 0.000000 0.000000 0.000000 0.000000 0.000000 0.000000 0.000000 0.000000 0.000000 0.000000 0.000000 0.000000 0.000000 0.000000 0.000000 0.000000 0.000000 0.000000 0.000000 0.000000 0.000000 0.000000 0.000000 0.000000 0.000000 0.000000 0.000000 0.000000 0.000000 0.000000 0.000000 0.000000 0.000000 0.000000 
0.957014 0.639628 0.068029 0.611262 0.431724 0.213500 0.019186 0.435767 0.905344 0.574822 0.350561 0.259245 0.301015 0.893831 0.039297 0.846019 0.056637 0.724551 0.018151 0.158967 0.097170 0.363671 0.559112 0.671062 0.316299 0.517762 0.819621 0.791155 0.843438 0.520703 0.561588 0.404120 0.773436 0.917080 0.666449 0.096645 0.831045 0.397558 0.017849 0.223899 0.721142 0.238074 0.643250 0.007432 0.972757 0.096282 0.061129 0.545193 0.000000 0.000000 0.000000 0.000000 0.000000 0.000000 0.000000 0.000000 0.000000 0.000000 0.000000 0.000000 0.000000 0.000000 0.000000 0.000000 0.000000 0.000000 0.000000 0.000000 0.000000 0.000000 0.000000 0.000000 0.000000 0.000000 0.000000 0.000000 0.000000 0.000000 0.000000 0.000000 0.000000 0.000000 0.000000 0.000000 0.000000 0.000000 0.000000 0.000000 0.000000 0.000000 0.000000 0.000000 0.000000 0.000000 0.000000 0.000000 0.000000 0.000000 0.000000 0.000000 0.000000 0.000000 0.000000 0.000000 0.000000 0.000000 0.000000 0.000000 0.000000 0.000000 0.000000 0.000000 0.000000 0.000000 0.000000 0.000000 0.000000 0.000000 0.000000 0.000000 0.000000 0.000000 0.000000 0.000000 0.000000 0.000000 0.000000 0.000000 0.000000 0.000000 0.000000 0.000000 0.000000 0.000000 0.000000 0.000000 0.000000 0.000000 0.000000 0.000000 0.000000 0.000000 0.000000 0.000000 0.000000 0.000000 0.000000 0.000000 0.000000 0.000000 0.000000 0.000000 0.000000 0.000000 0.000000 0.000000 0.000000 0.000000 0.000000 0.000000 0.000000 0.000000 0.000000 0.000000 0.000000 0.000000 0.000000 0.000000 0.000000 0.000000 0.000000 0.000000 0.000000 0.000000 0.000000 0.000000 0.000000 0.000000 0.000000 0.000000 0.000000 0.000000 0.000000 0.000000 0.000000 0.000000 0.000000 0.000000 0.000000 0.000000 0.000000 0.000000 0.000000 0.000000 0.000000 0.000000 0.000000 0.000000 0.000000 0.000000 0.000000 0.000000 0.000000 0.000000 0.000000 0.000000 0.000000 0.000000 0.000000 0.000000 0.000000 0.000000 0.000000 0.000000 0.000000 0.000000 
0.667218 0.186609 0.513874 0.180096 0.998382 0.060906 0.948419 0.599510 0.549341 0.926818 0.085836 0.325443 0.091500 0.243319 0.874161 0.670519 0.678279 0.235385 0.800649 0.560397 0.579377 0.601434 0.533374 0.906955 0.898543 0.572246 0.828797 0.021698 0.456984 0.283699 0.570828 0.214712 0.077982 0.203492 0.765427 0.575654 0.851232 0.800253 0.698410 0.590226 0.316103 0.349143 0.746505 0.834178 0.012970 0.458611 0.314558 0.398833 0.000000 0.000000 0.000000 0.000000 0.000000 0.000000 0.000000 0.000000 0.000000 0.000000 0.000000 0.000000 0.000000 0.000000 0.000000 0.000000 0.000000 0.000000 0.000000 0.000000 0.000000 0.000000 0.000000 0.000000 0.000000 0.000000 0.000000 0.000000 0.000000 0.000000 0.000000 0.000000 0.000000 0.000000 0.000000 0.000000 0.000000 0.000000 0.000000 0.000000 0.000000 0.000000 0.000000 0.000000 0.000000 0.000000 0.000000 0.000000 0.000000 0.000000 0.000000 0.000000 0.000000 0.000000 0.000000 0.000000 0.000000 0.000000 0.000000 0.000000 0.000000 0.000000 0.000000 0.000000 0.000000 0.000000 0.000000 0.000000 0.000000 0.000000 0.000000 0.000000 0.000000 0.000000 0.000000 0.000000 0.000000 0.000000 0.000000 0.000000 0.000000 0.000000 0.000000 0.000000 0.000000 0.000000 0.000000 0.000000 0.000000 0.000000 0.000000 0.000000 0.000000 0.000000 0.000000 0.000000 0.000000 0.000000 0.000000 0.000000 0.000000 0.000000 0.000000 0.000000 0.000000 0.000000 0.000000 0.000000 0.000000 0.000000 0.000000 0.000000 0.000000 0.000000 0.000000 0.000000 0.000000 0.000000 0.000000 0.000000 0.000000 0.000000 0.000000 0.000000 0.000000 0.000000 0.000000 0.000000 0.000000 0.000000 0.000000 0.000000 0.000000 0.000000 0.000000 0.000000 0.000000 0.000000 0.000000 0.000000 0.000000 0.000000 0.000000 0.000000 0.000000 0.000000 0.000000 0.000000 0.000000 0.000000 0.000000 0.000000 0.000000 0.000000 0.000000 0.000000 0.000000 0.000000 0.000000 0.000000 0.000000 0.000000 0.000000 0.000000 0.000000 0.000000 0.000000 0.000000 
0.195499 0.696660 0.435045 0.844583 0.062006 0.350515 0.917694 0.524647 0.991565 0.520446 0.863172 0.759068 0.504339 0.216648 0.469778 0.022614 0.002780 0.078282 0.558127 0.509557 0.490997 0.587194 0.136681 0.888720 0.067121 0.917522 0.729000 0.014542 0.894317 0.698749 0.508778 0.830970 0.889769 0.217069 0.545829 0.726788 0.540194 0.821913 0.488208 0.471584 0.023083 0.315544 0.703843 0.394255 0.353783 0.798884 0.518482 0.239946 0.000000 0.000000 0.000000 0.000000 0.000000 0.000000 0.000000 0.000000 0.000000 0.000000 0.000000 0.000000 0.000000 0.000000 0.000000 0.000000 0.000000 0.000000 0.000000 0.000000 0.000000 0.000000 0.000000 0.000000 0.000000 0.000000 0.000000 0.000000 0.000000 0.000000 0.000000 0.000000 0.000000 0.000000 0.000000 0.000000 0.000000 0.000000 0.000000 0.000000 0.000000 0.000000 0.000000 0.000000 0.000000 0.000000 0.000000 0.000000 0.000000 0.000000 0.000000 0.000000 0.000000 0.000000 0.000000 0.000000 0.000000 0.000000 0.000000 0.000000 0.000000 0.000000 0.000000 0.000000 0.000000 0.000000 0.000000 0.000000 0.000000 0.000000 0.000000 0.000000 0.000000 0.000000 0.000000 0.000000 0.000000 0.000000 0.000000 0.000000 0.000000 0.000000 0.000000 0.000000 0.000000 0.000000 0.000000 0.000000 0.000000 0.000000 0.000000 0.000000 0.000000 0.000000 0.000000 0.000000 0.000000 0.000000 0.000000 0.000000 0.000000 0.000000 0.000000 0.000000 0.000000 0.000000 0.000000 0.000000 0.000000 0.000000 0.000000 0.000000 0.000000 0.000000 0.000000 0.000000 0.000000 0.000000 0.000000 0.000000 0.000000 0.000000 0.000000 0.000000 0.000000 0.000000 0.000000 0.000000 0.000000 0.000000 0.000000 0.000000 0.000000 0.000000 0.000000 0.000000 0.000000 0.000000 0.000000 0.000000 0.000000 0.000000 0.000000 0.000000 0.000000 0.000000 0.000000 0.000000 0.000000 0.000000 0.000000 0.000000 0.000000 0.000000 0.000000 0.000000 0.000000 0.000000 0.000000 0.000000 0.000000 0.000000 0.000000 0.000000 0.000000 0.000000 0.000000 0.000000 
0.211884 0.131736 0.533013 0.751298 0.751321 0.786716 0.727639 0.326240 0.345400 0.270338 0.886705 0.483204 0.342190 0.429391 0.857912 0.457250 0.441828 0.224122 0.923117 0.214331 0.893024 0.940692 0.562849 0.928692 0.932247 0.233135 0.679310 0.458608 0.549636 0.869865 0.767137 0.282543 0.007720 0.042164 0.030016 0.440868 0.512701 0.643365 0.304827 0.253162 0.946721 0.009612 0.222067 0.448470 0.719603 0.328522 0.978476 0.122629 0.000000 0.000000 0.000000 0.000000 0.000000 0.000000 0.000000 0.000000 0.000000 0.000000 0.000000 0.000000 0.000000 0.000000 0.000000 0.000000 0.000000 0.000000 0.000000 0.000000 0.000000 0.000000 0.000000 0.000000 0.000000 0.000000 0.000000 0.000000 0.000000 0.000000 0.000000 0.000000 0.000000 0.000000 0.000000 0.000000 0.000000 0.000000 0.000000 0.000000 0.000000 0.000000 0.000000 0.000000 0.000000 0.000000 0.000000 0.000000 0.000000 0.000000 0.000000 0.000000 0.000000 0.000000 0.000000 0.000000 0.000000 0.000000 0.000000 0.000000 0.000000 0.000000 0.000000 0.000000 0.000000 0.000000 0.000000 0.000000 0.000000 0.000000 0.000000 0.000000 0.000000 0.000000 0.000000 0.000000 0.000000 0.000000 0.000000 0.000000 0.000000 0.000000 0.000000 0.000000 0.000000 0.000000 0.000000 0.000000 0.000000 0.000000 0.000000 0.000000 0.000000 0.000000 0.000000 0.000000 0.000000 0.000000 0.000000 0.000000 0.000000 0.000000 0.000000 0.000000 0.000000 0.000000 0.000000 0.000000 0.000000 0.000000 0.000000 0.000000 0.000000 0.000000 0.000000 0.000000 0.000000 0.000000 0.000000 0.000000 0.000000 0.000000 0.000000 0.000000 0.000000 0.000000 0.000000 0.000000 0.000000 0.000000 0.000000 0.000000 0.000000 0.000000 0.000000 0.000000 0.000000 0.000000 0.000000 0.000000 0.000000 0.000000 0.000000 0.000000 0.000000 0.000000 0.000000 0.000000 0.000000 0.000000 0.000000 0.000000 0.000000 0.000000 0.000000 0.000000 0.000000 0.000000 0.000000 0.000000 0.000000 0.000000 0.000000 0.000000 0.000000 0.000000 0.000000 0.000000 
0.149610 0.764120 0.680142 0.904895 0.597538 0.448744 0.514675 0.423550 0.072678 0.879651 0.190676 0.670467 0.621910 0.094917 0.630738 0.006709 0.376392 0.845452 0.888160 0.170086 0.239261 0.023950 0.572789 0.851269 0.380732 0.944195 0.691683 0.823838 0.695405 0.912952 0.037287 0.636848 0.355152 0.519772 0.969465 0.913557 0.447147 0.446322 0.345999 0.019633 0.261455 0.515637 0.245247 0.456917 0.129918 0.453058 0.108709 0.758816 0.000000 0.000000 0.000000 0.000000 0.000000 0.000000 0.000000 0.000000 0.000000 0.000000 0.000000 0.000000 0.000000 0.000000 0.000000 0.000000 0.000000 0.000000 0.000000 0.000000 0.000000 0.000000 0.000000 0.000000 0.000000 0.000000 0.000000 0.000000 0.000000 0.000000 0.000000 0.000000 0.000000 0.000000 0.000000 0.000000 0.000000 0.000000 0.000000 0.000000 0.000000 0.000000 0.000000 0.000000 0.000000 0.000000 0.000000 0.000000 0.000000 0.000000 0.000000 0.000000 0.000000 0.000000 0.000000 0.000000 0.000000 0.000000 0.000000 0.000000 0.000000 0.000000 0.000000 0.000000 0.000000 0.000000 0.000000 0.000000 0.000000 0.000000 0.000000 0.000000 0.000000 0.000000 0.000000 0.000000 0.000000 0.000000 0.000000 0.000000 0.000000 0.000000 0.000000 0.000000 0.000000 0.000000 0.000000 0.000000 0.000000 0.000000 0.000000 0.000000 0.000000 0.000000 0.000000 0.000000 0.000000 0.000000 0.000000 0.000000 0.000000 0.000000 0.000000 0.000000 0.000000 0.000000 0.000000 0.000000 0.000000 0.000000 0.000000 0.000000 0.000000 0.000000 0.000000 0.000000 0.000000 0.000000 0.000000 0.000000 0.000000 0.000000 0.000000 0.000000 0.000000 0.000000 0.000000 0.000000 0.000000 0.000000 0.000000 0.000000 0.000000 0.000000 0.000000 0.000000 0.000000 0.000000 0.000000 0.000000 0.000000 0.000000 0.000000 0.000000 0.000000 0.000000 0.000000 0.000000 0.000000 0.000000 0.000000 0.000000 0.000000 0.000000 0.000000 0.000000 0.000000 0.000000 0.000000 0.000000 0.000000 0.000000 0.000000 0.000000 0.000000 0.000000 0.000000 0.000000 
0.314982 0.095258 0.702795 0.880336 0.503814 0.882905 0.378459 0.324947 0.132817 0.618121 0.093412 0.282963 0.407030 0.012467 0.480860 0.388466 0.297290 0.237954 0.406228 0.866229 0.508332 0.906234 0.282047 0.634451 0.878872 0.914181 0.322161 0.666958 0.569162 0.822480 0.649076 0.678790 0.834634 0.683346 0.039861 0.076707 0.001187 0.950310 0.252089 0.471283 0.226753 0.624113 0.535527 0.756020 0.736531 0.591635 0.659339 0.462820 0.000000 0.000000 0.000000 0.000000 0.000000 0.000000 0.000000 0.000000 0.000000 0.000000 0.000000 0.000000 0.000000 0.000000 0.000000 0.000000 0.000000 0.000000 0.000000 0.000000 0.000000 0.000000 0.000000 0.000000 0.000000 0.000000 0.000000 0.000000 0.000000 0.000000 0.000000 0.000000 0.000000 0.000000 0.000000 0.000000 0.000000 0.000000 0.000000 0.000000 0.000000 0.000000 0.000000 0.000000 0.000000 0.000000 0.000000 0.000000 0.000000 0.000000 0.000000 0.000000 0.000000 0.000000 0.000000 0.000000 0.000000 0.000000 0.000000 0.000000 0.000000 0.000000 0.000000 0.000000 0.000000 0.000000 0.000000 0.000000 0.000000 0.000000 0.000000 0.000000 0.000000 0.000000 0.000000 0.000000 0.000000 0.000000 0.000000 0.000000 0.000000 0.000000 0.000000 0.000000 0.000000 0.000000 0.000000 0.000000 0.000000 0.000000 0.000000 0.000000 0.000000 0.000000 0.000000 0.000000 0.000000 0.000000 0.000000 0.000000 0.000000 0.000000 0.000000 0.000000 0.000000 0.000000 0.000000 0.000000 0.000000 0.000000 0.000000 0.000000 0.000000 0.000000 0.000000 0.000000 0.000000 0.000000 0.000000 0.000000 0.000000 0.000000 0.000000 0.000000 0.000000 0.000000 0.000000 0.000000 0.000000 0.000000 0.000000 0.000000 0.000000 0.000000 0.000000 0.000000 0.000000 0.000000 0.000000 0.000000 0.000000 0.000000 0.000000 0.000000 0.000000 0.000000 0.000000 0.000000 0.000000 0.000000 0.000000 0.000000 0.000000 0.000000 0.000000 0.000000 0.000000 0.000000 0.000000 0.000000 0.000000 0.000000 0.000000 0.000000 0.000000 0.000000 0.000000 0.000000 
0.890126 0.067633 0.698431 0.459502 0.815614 0.660686 0.884149 0.986607 0.518981 0.254493 0.070055 0.976077 0.641506 0.163681 0.157157 0.757526 0.139414 0.820092 0.107183 0.858541 0.549849 0.142562 0.717704 0.129071 0.588139 0.202245 0.987886 0.867485 0.199887 0.419269 0.844964 0.763875 0.927290 0.307945 0.984243 0.086896 0.304818 0.360790 0.182456 0.671749 0.690921 0.550655 0.336751 0.482220 0.388634 0.800260 0.648797 0.148191 0.000000 0.000000 0.000000 0.000000 0.000000 0.000000 0.000000 0.000000 0.000000 0.000000 0.000000 0.000000 0.000000 0.000000 0.000000 0.000000 0.000000 0.000000 0.000000 0.000000 0.000000 0.000000 0.000000 0.000000 0.000000 0.000000 0.000000 0.000000 0.000000 0.000000 0.000000 0.000000 0.000000 0.000000 0.000000 0.000000 0.000000 0.000000 0.000000 0.000000 0.000000 0.000000 0.000000 0.000000 0.000000 0.000000 0.000000 0.000000 0.000000 0.000000 0.000000 0.000000 0.000000 0.000000 0.000000 0.000000 0.000000 0.000000 0.000000 0.000000 0.000000 0.000000 0.000000 0.000000 0.000000 0.000000 0.000000 0.000000 0.000000 0.000000 0.000000 0.000000 0.000000 0.000000 0.000000 0.000000 0.000000 0.000000 0.000000 0.000000 0.000000 0.000000 0.000000 0.000000 0.000000 0.000000 0.000000 0.000000 0.000000 0.000000 0.000000 0.000000 0.000000 0.000000 0.000000 0.000000 0.000000 0.000000 0.000000 0.000000 0.000000 0.000000 0.000000 0.000000 0.000000 0.000000 0.000000 0.000000 0.000000 0.000000 0.000000 0.000000 0.000000 0.000000 0.000000 0.000000 0.000000 0.000000 0.000000 0.000000 0.000000 0.000000 0.000000 0.000000 0.000000 0.000000 0.000000 0.000000 0.000000 0.000000 0.000000 0.000000 0.000000 0.000000 0.000000 0.000000 0.000000 0.000000 0.000000 0.000000 0.000000 0.000000 0.000000 0.000000 0.000000 0.000000 0.000000 0.000000 0.000000 0.000000 0.000000 0.000000 0.000000 0.000000 0.000000 0.000000 0.000000 0.000000 0.000000 0.000000 0.000000 0.000000 0.000000 0.000000 0.000000 0.000000 0.000000 0.000000 
0.480955 0.675137 0.382797 0.266389 0.581803 0.195711 0.873085 0.006721 0.708614 0.623765 0.415148 0.815312 0.949603 0.085554 0.145061 0.639990 0.211966 0.066425 0.376344 0.031521 0.484609 0.908717 0.328198 0.867443 0.071019 0.115513 0.030990 0.993182 0.688779 0.297365 0.048124 0.231439 0.188889 0.178197 0.700310 0.445372 0.620769 0.021445 0.739290 0.389080 0.110855 0.860067 0.992008 0.191521 0.390581 0.866816 0.809570 0.513588 0.000000 0.000000 0.000000 0.000000 0.000000 0.000000 0.000000 0.000000 0.000000 0.000000 0.000000 0.000000 0.000000 0.000000 0.000000 0.000000 0.000000 0.000000 0.000000 0.000000 0.000000 0.000000 0.000000 0.000000 0.000000 0.000000 0.000000 0.000000 0.000000 0.000000 0.000000 0.000000 0.000000 0.000000 0.000000 0.000000 0.000000 0.000000 0.000000 0.000000 0.000000 0.000000 0.000000 0.000000 0.000000 0.000000 0.000000 0.000000 0.000000 0.000000 0.000000 0.000000 0.000000 0.000000 0.000000 0.000000 0.000000 0.000000 0.000000 0.000000 0.000000 0.000000 0.000000 0.000000 0.000000 0.000000 0.000000 0.000000 0.000000 0.000000 0.000000 0.000000 0.000000 0.000000 0.000000 0.000000 0.000000 0.000000 0.000000 0.000000 0.000000 0.000000 0.000000 0.000000 0.000000 0.000000 0.000000 0.000000 0.000000 0.000000 0.000000 0.000000 0.000000 0.000000 0.000000 0.000000 0.000000 0.000000 0.000000 0.000000 0.000000 0.000000 0.000000 0.000000 0.000000 0.000000 0.000000 0.000000 0.000000 0.000000 0.000000 0.000000 0.000000 0.000000 0.000000 0.000000 0.000000 0.000000 0.000000 0.000000 0.000000 0.000000 0.000000 0.000000 0.000000 0.000000 0.000000 0.000000 0.000000 0.000000 0.000000 0.000000 0.000000 0.000000 0.000000 0.000000 0.000000 0.000000 0.000000 0.000000 0.000000 0.000000 0.000000 0.000000 0.000000 0.000000 0.000000 0.000000 0.000000 0.000000 0.000000 0.000000 0.000000 0.000000 0.000000 0.000000 0.000000 0.000000 0.000000 0.000000 0.000000 0.000000 0.000000 0.000000 0.000000 0.000000 0.000000 0.000000 
0.112716 0.327402 0.213301 0.725136 0.346313 0.862519 0.265462 0.166936 0.805679 0.559730 0.316179 0.505394 0.616738 0.437797 0.629843 0.934541 0.377046 0.480033 0.291284 0.124943 0.248642 0.285735 0.879704 0.223155 0.114347 0.036828 0.900472 0.244192 0.909281 0.937958 0.433103 0.014727 0.045077 0.930538 0.517967 0.573622 0.012021 0.313598 0.922511 0.041837 0.365050 0.826002 0.636185 0.374121 0.167178 0.795772 0.606054 0.804405 0.000000 0.000000 0.000000 0.000000 0.000000 0.000000 0.000000 0.000000 0.000000 0.000000 0.000000 0.000000 0.000000 0.000000 0.000000 0.000000 0.000000 0.000000 0.000000 0.000000 0.000000 0.000000 0.000000 0.000000 0.000000 0.000000 0.000000 0.000000 0.000000 0.000000 0.000000 0.000000 0.000000 0.000000 0.000000 0.000000 0.000000 0.000000 0.000000 0.000000 0.000000 0.000000 0.000000 0.000000 0.000000 0.000000 0.000000 0.000000 0.000000 0.000000 0.000000 0.000000 0.000000 0.000000 0.000000 0.000000 0.000000 0.000000 0.000000 0.000000 0.000000 0.000000 0.000000 0.000000 0.000000 0.000000 0.000000 0.000000 0.000000 0.000000 0.000000 0.000000 0.000000 0.000000 0.000000 0.000000 0.000000 0.000000 0.000000 0.000000 0.000000 0.000000 0.000000 0.000000 0.000000 0.000000 0.000000 0.000000 0.000000 0.000000 0.000000 0.000000 0.000000 0.000000 0.000000 0.000000 0.000000 0.000000 0.000000 0.000000 0.000000 0.000000 0.000000 0.000000 0.000000 0.000000 0.000000 0.000000 0.000000 0.000000 0.000000 0.000000 0.000000 0.000000 0.000000 0.000000 0.000000 0.000000 0.000000 0.000000 0.000000 0.000000 0.000000 0.000000 0.000000 0.000000 0.000000 0.000000 0.000000 0.000000 0.000000 0.000000 0.000000 0.000000 0.000000 0.000000 0.000000 0.000000 0.000000 0.000000 0.000000 0.000000 0.000000 0.000000 0.000000 0.000000 0.000000 0.000000 0.000000 0.000000 0.000000 0.000000 0.000000 0.000000 0.000000 0.000000 0.000000 0.000000 0.000000 0.000000 0.000000 0.000000 0.000000 0.000000 0.000000 0.000000 0.000000 0.000000 
0.825447 0.573578 0.284662 0.915067 0.060241 0.710131 0.788616 0.082739 0.401953 0.173289 0.209160 0.080863 0.216152 0.432551 0.551529 0.118587 0.378936 0.959541 0.162922 0.848858 0.620969 0.736834 0.422625 0.433698 0.447476 0.758419 0.073152 0.675066 0.841202 0.408338 0.357614 0.334515 0.538076 0.575211 0.163215 0.918796 0.106324 0.595726 0.549330 0.511954 0.887244 0.706708 0.334639 0.313337 0.801359 0.850575 0.133096 0.786856 0.000000 0.000000 0.000000 0.000000 0.000000 0.000000 0.000000 0.000000 0.000000 0.000000 0.000000 0.000000 0.000000 0.000000 0.000000 0.000000 0.000000 0.000000 0.000000 0.000000 0.000000 0.000000 0.000000 0.000000 0.000000 0.000000 0.000000 0.000000 0.000000 0.000000 0.000000 0.000000 0.000000 0.000000 0.000000 0.000000 0.000000 0.000000 0.000000 0.000000 0.000000 0.000000 0.000000 0.000000 0.000000 0.000000 0.000000 0.000000 0.000000 0.000000 0.000000 0.000000 0.000000 0.000000 0.000000 0.000000 0.000000 0.000000 0.000000 0.000000 0.000000 0.000000 0.000000 0.000000 0.000000 0.000000 0.000000 0.000000 0.000000 0.000000 0.000000 0.000000 0.000000 0.000000 0.000000 0.000000 0.000000 0.000000 0.000000 0.000000 0.000000 0.000000 0.000000 0.000000 0.000000 0.000000 0.000000 0.000000 0.000000 0.000000 0.000000 0.000000 0.000000 0.000000 0.000000 0.000000 0.000000 0.000000 0.000000 0.000000 0.000000 0.000000 0.000000 0.000000 0.000000 0.000000 0.000000 0.000000 0.000000 0.000000 0.000000 0.000000 0.000000 0.000000 0.000000 0.000000 0.000000 0.000000 0.000000 0.000000 0.000000 0.000000 0.000000 0.000000 0.000000 0.000000 0.000000 0.000000 0.000000 0.000000 0.000000 0.000000 0.000000 0.000000 0.000000 0.000000 0.000000 0.000000 0.000000 0.000000 0.000000 0.000000 0.000000 0.000000 0.000000 0.000000 0.000000 0.000000 0.000000 0.000000 0.000000 0.000000 0.000000 0.000000 0.000000 0.000000 0.000000 0.000000 0.000000 0.000000 0.000000 0.000000 0.000000 0.000000 0.000000 0.000000 0.000000 0.000000 
0.271694 0.041011 0.242937 0.147004 0.954203 0.313368 0.814484 0.974507 0.434727 0.706990 0.537349 0.257373 0.596220 0.044447 0.810013 0.045772 0.476424 0.166200 0.677027 0.161255 0.324899 0.069762 0.261815 0.247689 0.382626 0.301954 0.584789 0.643897 0.003776 0.313825 0.464080 0.613021 0.927207 0.053466 0.154475 0.913185 0.297527 0.226048 0.822072 0.336080 0.898007 0.667324 0.289052 0.988052 0.659081 0.571688 0.453795 0.821241 0.000000 0.000000 0.000000 0.000000 0.000000 0.000000 0.000000 0.000000 0.000000 0.000000 0.000000 0.000000 0.000000 0.000000 0.000000 0.000000 0.000000 0.000000 0.000000 0.000000 0.000000 0.000000 0.000000 0.000000 0.000000 0.000000 0.000000 0.000000 0.000000 0.000000 0.000000 0.000000 0.000000 0.000000 0.000000 0.000000 0.000000 0.000000 0.000000 0.000000 0.000000 0.000000 0.000000 0.000000 0.000000 0.000000 0.000000 0.000000 0.000000 0.000000 0.000000 0.000000 0.000000 0.000000 0.000000 0.000000 0.000000 0.000000 0.000000 0.000000 0.000000 0.000000 0.000000 0.000000 0.000000 0.000000 0.000000 0.000000 0.000000 0.000000 0.000000 0.000000 0.000000 0.000000 0.000000 0.000000 0.000000 0.000000 0.000000 0.000000 0.000000 0.000000 0.000000 0.000000 0.000000 0.000000 0.000000 0.000000 0.000000 0.000000 0.000000 0.000000 0.000000 0.000000 0.000000 0.000000 0.000000 0.000000 0.000000 0.000000 0.000000 0.000000 0.000000 0.000000 0.000000 0.000000 0.000000 0.000000 0.000000 0.000000 0.000000 0.000000 0.000000 0.000000 0.000000 0.000000 0.000000 0.000000 0.000000 0.000000 0.000000 0.000000 0.000000 0.000000 0.000000 0.000000 0.000000 0.000000 0.000000 0.000000 0.000000 0.000000 0.000000 0.000000 0.000000 0.000000 0.000000 0.000000 0.000000 0.000000 0.000000 0.000000 0.000000 0.000000 0.000000 0.000000 0.000000 0.000000 0.000000 0.000000 0.000000 0.000000 0.000000 0.000000 0.000000 0.000000 0.000000 0.000000 0.000000 0.000000 0.000000 0.000000 0.000000 0.000000 0.000000 0.000000 0.000000 0.000000 
0.968828 0.694289 0.714007 0.335035 0.460809 0.554900 0.739870 0.820949 0.568241 0.446268 0.284197 0.892918 0.193273 0.168965 0.928969 0.971575 0.780508 0.746505 0.882217 0.532594 0.042727 0.427520 0.114120 0.208363 0.654755 0.455459 0.292458 0.687791 0.702502 0.920668 0.509505 0.994804 0.295583 0.435455 0.627437 0.361991 0.973598 0.961148 0.977835 0.037115 0.761651 0.329174 0.981592 0.967897 0.566275 0.438247 0.185172 0.171118 0.000000 0.000000 0.000000 0.000000 0.000000 0.000000 0.000000 0.000000 0.000000 0.000000 0.000000 0.000000 0.000000 0.000000 0.000000 0.000000 0.000000 0.000000 0.000000 0.000000 0.000000 0.000000 0.000000 0.000000 0.000000 0.000000 0.000000 0.000000 0.000000 0.000000 0.000000 0.000000 0.000000 0.000000 0.000000 0.000000 0.000000 0.000000 0.000000 0.000000 0.000000 0.000000 0.000000 0.000000 0.000000 0.000000 0.000000 0.000000 0.000000 0.000000 0.000000 0.000000 0.000000 0.000000 0.000000 0.000000 0.000000 0.000000 0.000000 0.000000 0.000000 0.000000 0.000000 0.000000 0.000000 0.000000 0.000000 0.000000 0.000000 0.000000 0.000000 0.000000 0.000000 0.000000 0.000000 0.000000 0.000000 0.000000 0.000000 0.000000 0.000000 0.000000 0.000000 0.000000 0.000000 0.000000 0.000000 0.000000 0.000000 0.000000 0.000000 0.000000 0.000000 0.000000 0.000000 0.000000 0.000000 0.000000 0.000000 0.000000 0.000000 0.000000 0.000000 0.000000 0.000000 0.000000 0.000000 0.000000 0.000000 0.000000 0.000000 0.000000 0.000000 0.000000 0.000000 0.000000 0.000000 0.000000 0.000000 0.000000 0.000000 0.000000 0.000000 0.000000 0.000000 0.000000 0.000000 0.000000 0.000000 0.000000 0.000000 0.000000 0.000000 0.000000 0.000000 0.000000 0.000000 0.000000 0.000000 0.000000 0.000000 0.000000 0.000000 0.000000 0.000000 0.000000 0.000000 0.000000 0.000000 0.000000 0.000000 0.000000 0.000000 0.000000 0.000000 0.000000 0.000000 0.000000 0.000000 0.000000 0.000000 0.000000 0.000000 0.000000 0.000000 0.000000 0.000000 0.000000 
0.108312 0.770143 0.992625 0.487987 0.527081 0.380984 0.593073 0.406646 0.876210 0.417860 0.901626 0.258189 0.884765 0.147061 0.737169 0.693719 0.949832 0.515805 0.520547 0.271444 0.433662 0.100438 0.886825 0.835098 0.988304 0.507551 0.239296 0.273883 0.054607 0.617876 0.232269 0.111372 0.565301 0.614287 0.834536 0.083593 0.611145 0.273603 0.203597 0.607668 0.745774 0.176563 0.378453 0.500391 0.252709 0.091298 0.390301 0.935090 0.000000 0.000000 0.000000 0.000000 0.000000 0.000000 0.000000 0.000000 0.000000 0.000000 0.000000 0.000000 0.000000 0.000000 0.000000 0.000000 0.000000 0.000000 0.000000 0.000000 0.000000 0.000000 0.000000 0.000000 0.000000 0.000000 0.000000 0.000000 0.000000 0.000000 0.000000 0.000000 0.000000 0.000000 0.000000 0.000000 0.000000 0.000000 0.000000 0.000000 0.000000 0.000000 0.000000 0.000000 0.000000 0.000000 0.000000 0.000000 0.000000 0.000000 0.000000 0.000000 0.000000 0.000000 0.000000 0.000000 0.000000 0.000000 0.000000 0.000000 0.000000 0.000000 0.000000 0.000000 0.000000 0.000000 0.000000 0.000000 0.000000 0.000000 0.000000 0.000000 0.000000 0.000000 0.000000 0.000000 0.000000 0.000000 0.000000 0.000000 0.000000 0.000000 0.000000 0.000000 0.000000 0.000000 0.000000 0.000000 0.000000 0.000000 0.000000 0.000000 0.000000 0.000000 0.000000 0.000000 0.000000 0.000000 0.000000 0.000000 0.000000 0.000000 0.000000 0.000000 0.000000 0.000000 0.000000 0.000000 0.000000 0.000000 0.000000 0.000000 0.000000 0.000000 0.000000 0.000000 0.000000 0.000000 0.000000 0.000000 0.000000 0.000000 0.000000 0.000000 0.000000 0.000000 0.000000 0.000000 0.000000 0.000000 0.000000 0.000000 0.000000 0.000000 0.000000 0.000000 0.000000 0.000000 0.000000 0.000000 0.000000 0.000000 0.000000 0.000000 0.000000 0.000000 0.000000 0.000000 0.000000 0.000000 0.000000 0.000000 0.000000 0.000000 0.000000 0.000000 0.000000 0.000000 0.000000 0.000000 0.000000 0.000000 0.000000 0.000000 0.000000 0.000000 0.000000 0.000000 
0.074250 0.993645 0.988120 0.894795 0.906675 0.823868 0.800500 0.025411 0.852777 0.855856 0.504720 0.065312 0.847622 0.324039 0.875781 0.944100 0.146190 0.958380 0.446779 0.235425 0.494829 0.202570 0.760606 0.214648 0.168148 0.909480 0.742681 0.125124 0.007988 0.135931 0.814445 0.976235 0.573493 0.601694 0.815135 0.876542 0.826305 0.381593 0.250362 0.407144 0.710808 0.301509 0.563884 0.239252 0.027603 0.286590 0.085483 0.237931 0.000000 0.000000 0.000000 0.000000 0.000000 0.000000 0.000000 0.000000 0.000000 0.000000 0.000000 0.000000 0.000000 0.000000 0.000000 0.000000 0.000000 0.000000 0.000000 0.000000 0.000000 0.000000 0.000000 0.000000 0.000000 0.000000 0.000000 0.000000 0.000000 0.000000 0.000000 0.000000 0.000000 0.000000 0.000000 0.000000 0.000000 0.000000 0.000000 0.000000 0.000000 0.000000 0.000000 0.000000 0.000000 0.000000 0.000000 0.000000 0.000000 0.000000 0.000000 0.000000 0.000000 0.000000 0.000000 0.000000 0.000000 0.000000 0.000000 0.000000 0.000000 0.000000 0.000000 0.000000 0.000000 0.000000 0.000000 0.000000 0.000000 0.000000 0.000000 0.000000 0.000000 0.000000 0.000000 0.000000 0.000000 0.000000 0.000000 0.000000 0.000000 0.000000 0.000000 0.000000 0.000000 0.000000 0.000000 0.000000 0.000000 0.000000 0.000000 0.000000 0.000000 0.000000 0.000000 0.000000 0.000000 0.000000 0.000000 0.000000 0.000000 0.000000 0.000000 0.000000 0.000000 0.000000 0.000000 0.000000 0.000000 0.000000 0.000000 0.000000 0.000000 0.000000 0.000000 0.000000 0.000000 0.000000 0.000000 0.000000 0.000000 0.000000 0.000000 0.000000 0.000000 0.000000 0.000000 0.000000 0.000000 0.000000 0.000000 0.000000 0.000000 0.000000 0.000000 0.000000 0.000000 0.000000 0.000000 0.000000 0.000000 0.000000 0.000000 0.000000 0.000000 0.000000 0.000000 0.000000 0.000000 0.000000 0.000000 0.000000 0.000000 0.000000 0.000000 0.000000 0.000000 0.000000 0.000000 0.000000 0.000000 0.000000 0.000000 0.000000 0.000000 0.000000 0.000000 0.000000 
0.073579 0.931197 0.672837 0.828006 0.271743 0.833826 0.296835 0.851203 0.029245 0.665862 0.453934 0.454147 0.136624 0.560636 0.190250 0.418964 0.402445 0.649457 0.132437 0.501697 0.855203 0.505375 0.510586 0.763841 0.642102 0.845430 0.076970 0.070053 0.818454 0.190383 0.748236 0.147094 0.111574 0.780798 0.982528 0.137488 0.721836 0.033444 0.429929 0.984188 0.506897 0.216907 0.425786 0.313102 0.901832 0.994886 0.921071 0.567770 0.000000 0.000000 0.000000 0.000000 0.000000 0.000000 0.000000 0.000000 0.000000 0.000000 0.000000 0.000000 0.000000 0.000000 0.000000 0.000000 0.000000 0.000000 0.000000 0.000000 0.000000 0.000000 0.000000 0.000000 0.000000 0.000000 0.000000 0.000000 0.000000 0.000000 0.000000 0.000000 0.000000 0.000000 0.000000 0.000000 0.000000 0.000000 0.000000 0.000000 0.000000 0.000000 0.000000 0.000000 0.000000 0.000000 0.000000 0.000000 0.000000 0.000000 0.000000 0.000000 0.000000 0.000000 0.000000 0.000000 0.000000 0.000000 0.000000 0.000000 0.000000 0.000000 0.000000 0.000000 0.000000 0.000000 0.000000 0.000000 0.000000 0.000000 0.000000 0.000000 0.000000 0.000000 0.000000 0.000000 0.000000 0.000000 0.000000 0.000000 0.000000 0.000000 0.000000 0.000000 0.000000 0.000000 0.000000 0.000000 0.000000 0.000000 0.000000 0.000000 0.000000 0.000000 0.000000 0.000000 0.000000 0.000000 0.000000 0.000000 0.000000 0.000000 0.000000 0.000000 0.000000 0.000000 0.000000 0.000000 0.000000 0.000000 0.000000 0.000000 0.000000 0.000000 0.000000 0.000000 0.000000 0.000000 0.000000 0.000000 0.000000 0.000000 0.000000 0.000000 0.000000 0.000000 0.000000 0.000000 0.000000 0.000000 0.000000 0.000000 0.000000 0.000000 0.000000 0.000000 0.000000 0.000000 0.000000 0.000000 0.000000 0.000000 0.000000 0.000000 0.000000 0.000000 0.000000 0.000000 0.000000 0.000000 0.000000 0.000000 0.000000 0.000000 0.000000 0.000000 0.000000 0.000000 0.000000 0.000000 0.000000 0.000000 0.000000 0.000000 0.000000 0.000000 0.000000 0.000000 
0.530230 0.585761 0.529434 0.839625 0.234278 0.713790 0.412383 0.238288 0.723922 0.367732 0.695904 0.385403 0.947667 0.864276 0.315359 0.084053 0.805205 0.454633 0.500723 0.821188 0.842303 0.971657 0.249074 0.175432 0.932329 0.941544 0.871859 0.615774 0.700133 0.468271 0.165106 0.541913 0.080017 0.721437 0.623834 0.704269 0.120252 0.340092 0.927890 0.586205 0.105459 0.718574 0.263978 0.683786 0.621574 0.317775 0.844533 0.396053 0.000000 0.000000 0.000000 0.000000 0.000000 0.000000 0.000000 0.000000 0.000000 0.000000 0.000000 0.000000 0.000000 0.000000 0.000000 0.000000 0.000000 0.000000 0.000000 0.000000 0.000000 0.000000 0.000000 0.000000 0.000000 0.000000 0.000000 0.000000 0.000000 0.000000 0.000000 0.000000 0.000000 0.000000 0.000000 0.000000 0.000000 0.000000 0.000000 0.000000 0.000000 0.000000 0.000000 0.000000 0.000000 0.000000 0.000000 0.000000 0.000000 0.000000 0.000000 0.000000 0.000000 0.000000 0.000000 0.000000 0.000000 0.000000 0.000000 0.000000 0.000000 0.000000 0.000000 0.000000 0.000000 0.000000 0.000000 0.000000 0.000000 0.000000 0.000000 0.000000 0.000000 0.000000 0.000000 0.000000 0.000000 0.000000 0.000000 0.000000 0.000000 0.000000 0.000000 0.000000 0.000000 0.000000 0.000000 0.000000 0.000000 0.000000 0.000000 0.000000 0.000000 0.000000 0.000000 0.000000 0.000000 0.000000 0.000000 0.000000 0.000000 0.000000 0.000000 0.000000 0.000000 0.000000 0.000000 0.000000 0.000000 0.000000 0.000000 0.000000 0.000000 0.000000 0.000000 0.000000 0.000000 0.000000 0.000000 0.000000 0.000000 0.000000 0.000000 0.000000 0.000000 0.000000 0.000000 0.000000 0.000000 0.000000 0.000000 0.000000 0.000000 0.000000 0.000000 0.000000 0.000000 0.000000 0.000000 0.000000 0.000000 0.000000 0.000000 0.000000 0.000000 0.000000 0.000000 0.000000 0.000000 0.000000 0.000000 0.000000 0.000000 0.000000 0.000000 0.000000 0.000000 0.000000 0.000000 0.000000 0.000000 0.000000 0.000000 0.000000 0.000000 0.000000 0.000000 0.000000 
0.145615 0.589811 0.743095 0.973529 0.616789 0.199555 0.221152 0.462383 0.702425 0.247353 0.483958 0.139755 0.780739 0.558478 0.012059 0.641422 0.144603 0.612164 0.588409 0.930802 0.411496 0.782728 0.023596 0.808846 0.382989 0.594168 0.597488 0.693359 0.613878 0.125346 0.936225 0.545568 0.161032 0.413521 0.558899 0.748381 0.522858 0.198426 0.616436 0.367663 0.742770 0.026655 0.442231 0.993518 0.328234 0.136929 0.804343 0.466995 0.000000 0.000000 0.000000 0.000000 0.000000 0.000000 0.000000 0.000000 0.000000 0.000000 0.000000 0.000000 0.000000 0.000000 0.000000 0.000000 0.000000 0.000000 0.000000 0.000000 0.000000 0.000000 0.000000 0.000000 0.000000 0.000000 0.000000 0.000000 0.000000 0.000000 0.000000 0.000000 0.000000 0.000000 0.000000 0.000000 0.000000 0.000000 0.000000 0.000000 0.000000 0.000000 0.000000 0.000000 0.000000 0.000000 0.000000 0.000000 0.000000 0.000000 0.000000 0.000000 0.000000 0.000000 0.000000 0.000000 0.000000 0.000000 0.000000 0.000000 0.000000 0.000000 0.000000 0.000000 0.000000 0.000000 0.000000 0.000000 0.000000 0.000000 0.000000 0.000000 0.000000 0.000000 0.000000 0.000000 0.000000 0.000000 0.000000 0.000000 0.000000 0.000000 0.000000 0.000000 0.000000 0.000000 0.000000 0.000000 0.000000 0.000000 0.000000 0.000000 0.000000 0.000000 0.000000 0.000000 0.000000 0.000000 0.000000 0.000000 0.000000 0.000000 0.000000 0.000000 0.000000 0.000000 0.000000 0.000000 0.000000 0.000000 0.000000 0.000000 0.000000 0.000000 0.000000 0.000000 0.000000 0.000000 0.000000 0.000000 0.000000 0.000000 0.000000 0.000000 0.000000 0.000000 0.000000 0.000000 0.000000 0.000000 0.000000 0.000000 0.000000 0.000000 0.000000 0.000000 0.000000 0.000000 0.000000 0.000000 0.000000 0.000000 0.000000 0.000000 0.000000 0.000000 0.000000 0.000000 0.000000 0.000000 0.000000 0.000000 0.000000 0.000000 0.000000 0.000000 0.000000 0.000000 0.000000 0.000000 0.000000 0.000000 0.000000 0.000000 0.000000 0.000000 0.000000 0.000000 
0.777774 0.601470 0.134785 0.468667 0.562146 0.478518 0.283298 0.664502 0.775801 0.697942 0.349420 0.872217 0.967464 0.658377 0.064659 0.294662 0.933524 0.053605 0.780780 0.047812 0.277756 0.901764 0.953805 0.037525 0.021475 0.647751 0.757365 0.274893 0.408517 0.212073 0.102803 0.293812 0.661451 0.023885 0.454277 0.791036 0.884505 0.098481 0.800586 0.558916 0.602915 0.686858 0.455152 0.350081 0.809495 0.664800 0.803306 0.393248 0.000000 0.000000 0.000000 0.000000 0.000000 0.000000 0.000000 0.000000 0.000000 0.000000 0.000000 0.000000 0.000000 0.000000 0.000000 0.000000 0.000000 0.000000 0.000000 0.000000 0.000000 0.000000 0.000000 0.000000 0.000000 0.000000 0.000000 0.000000 0.000000 0.000000 0.000000 0.000000 0.000000 0.000000 0.000000 0.000000 0.000000 0.000000 0.000000 0.000000 0.000000 0.000000 0.000000 0.000000 0.000000 0.000000 0.000000 0.000000 0.000000 0.000000 0.000000 0.000000 0.000000 0.000000 0.000000 0.000000 0.000000 0.000000 0.000000 0.000000 0.000000 0.000000 0.000000 0.000000 0.000000 0.000000 0.000000 0.000000 0.000000 0.000000 0.000000 0.000000 0.000000 0.000000 0.000000 0.000000 0.000000 0.000000 0.000000 0.000000 0.000000 0.000000 0.000000 0.000000 0.000000 0.000000 0.000000 0.000000 0.000000 0.000000 0.000000 0.000000 0.000000 0.000000 0.000000 0.000000 0.000000 0.000000 0.000000 0.000000 0.000000 0.000000 0.000000 0.000000 0.000000 0.000000 0.000000 0.000000 0.000000 0.000000 0.000000 0.000000 0.000000 0.000000 0.000000 0.000000 0.000000 0.000000 0.000000 0.000000 0.000000 0.000000 0.000000 0.000000 0.000000 0.000000 0.000000 0.000000 0.000000 0.000000 0.000000 0.000000 0.000000 0.000000 0.000000 0.000000 0.000000 0.000000 0.000000 0.000000 0.000000 0.000000 0.000000 0.000000 0.000000 0.000000 0.000000 0.000000 0.000000 0.000000 0.000000 0.000000 0.000000 0.000000 0.000000 0.000000 0.000000 0.000000 0.000000 0.000000 0.000000 0.000000 0.000000 0.000000 0.000000 0.000000 0.000000 0.000000 
0.541534 0.759297 0.081620 0.777251 0.322448 0.689926 0.965501 0.009216 0.613782 0.981322 0.444805 0.420949 0.278045 0.370331 0.796980 0.199249 0.948616 0.568254 0.615737 0.120670 0.839719 0.466326 0.840860 0.314596 0.560578 0.402890 0.660201 0.811383 0.779788 0.696366 0.444913 0.271258 0.428199 0.532109 0.538406 0.167043 0.543942 0.357446 0.581409 0.107250 0.817450 0.961980 0.031017 0.749290 0.556345 0.314705 0.859900 0.444503 0.000000 0.000000 0.000000 0.000000 0.000000 0.000000 0.000000 0.000000 0.000000 0.000000 0.000000 0.000000 0.000000 0.000000 0.000000 0.000000 0.000000 0.000000 0.000000 0.000000 0.000000 0.000000 0.000000 0.000000 0.000000 0.000000 0.000000 0.000000 0.000000 0.000000 0.000000 0.000000 0.000000 0.000000 0.000000 0.000000 0.000000 0.000000 0.000000 0.000000 0.000000 0.000000 0.000000 0.000000 0.000000 0.000000 0.000000 0.000000 0.000000 0.000000 0.000000 0.000000 0.000000 0.000000 0.000000 0.000000 0.000000 0.000000 0.000000 0.000000 0.000000 0.000000 0.000000 0.000000 0.000000 0.000000 0.000000 0.000000 0.000000 0.000000 0.000000 0.000000 0.000000 0.000000 0.000000 0.000000 0.000000 0.000000 0.000000 0.000000 0.000000 0.000000 0.000000 0.000000 0.000000 0.000000 0.000000 0.000000 0.000000 0.000000 0.000000 0.000000 0.000000 0.000000 0.000000 0.000000 0.000000 0.000000 0.000000 0.000000 0.000000 0.000000 0.000000 0.000000 0.000000 0.000000 0.000000 0.000000 0.000000 0.000000 0.000000 0.000000 0.000000 0.000000 0.000000 0.000000 0.000000 0.000000 0.000000 0.000000 0.000000 0.000000 0.000000 0.000000 0.000000 0.000000 0.000000 0.000000 0.000000 0.000000 0.000000 0.000000 0.000000 0.000000 0.000000 0.000000 0.000000 0.000000 0.000000 0.000000 0.000000 0.000000 0.000000 0.000000 0.000000 0.000000 0.000000 0.000000 0.000000 0.000000 0.000000 0.000000 0.000000 0.000000 0.000000 0.000000 0.000000 0.000000 0.000000 0.000000 0.000000 0.000000 0.000000 0.000000 0.000000 0.000000 0.000000 0.000000 
0.782021 0.301207 0.920450 0.972183 0.816743 0.699598 0.772882 0.319043 0.300543 0.889655 0.629990 0.819758 0.572467 0.883580 0.516053 0.234721 0.695443 0.666879 0.403137 0.660429 0.735886 0.553013 0.432875 0.968585 0.818926 0.184982 0.891771 0.690745 0.761813 0.001037 0.247398 0.610117 0.988672 0.850780 0.714053 0.510719 0.899577 0.073470 0.769854 0.551878 0.809125 0.694201 0.141654 0.083943 0.090904 0.558289 0.686223 0.665741 0.000000 0.000000 0.000000 0.000000 0.000000 0.000000 0.000000 0.000000 0.000000 0.000000 0.000000 0.000000 0.000000 0.000000 0.000000 0.000000 0.000000 0.000000 0.000000 0.000000 0.000000 0.000000 0.000000 0.000000 0.000000 0.000000 0.000000 0.000000 0.000000 0.000000 0.000000 0.000000 0.000000 0.000000 0.000000 0.000000 0.000000 0.000000 0.000000 0.000000 0.000000 0.000000 0.000000 0.000000 0.000000 0.000000 0.000000 0.000000 0.000000 0.000000 0.000000 0.000000 0.000000 0.000000 0.000000 0.000000 0.000000 0.000000 0.000000 0.000000 0.000000 0.000000 0.000000 0.000000 0.000000 0.000000 0.000000 0.000000 0.000000 0.000000 0.000000 0.000000 0.000000 0.000000 0.000000 0.000000 0.000000 0.000000 0.000000 0.000000 0.000000 0.000000 0.000000 0.000000 0.000000 0.000000 0.000000 0.000000 0.000000 0.000000 0.000000 0.000000 0.000000 0.000000 0.000000 0.000000 0.000000 0.000000 0.000000 0.000000 0.000000 0.000000 0.000000 0.000000 0.000000 0.000000 0.000000 0.000000 0.000000 0.000000 0.000000 0.000000 0.000000 0.000000 0.000000 0.000000 0.000000 0.000000 0.000000 0.000000 0.000000 0.000000 0.000000 0.000000 0.000000 0.000000 0.000000 0.000000 0.000000 0.000000 0.000000 0.000000 0.000000 0.000000 0.000000 0.000000 0.000000 0.000000 0.000000 0.000000 0.000000 0.000000 0.000000 0.000000 0.000000 0.000000 0.000000 0.000000 0.000000 0.000000 0.000000 0.000000 0.000000 0.000000 0.000000 0.000000 0.000000 0.000000 0.000000 0.000000 0.000000 0.000000 0.000000 0.000000 0.000000 0.000000 0.000000 0.000000 
0.823860 0.702975 0.580760 0.867913 0.297452 0.192091 0.376048 0.696702 0.410292 0.038092 0.922462 0.213476 0.710788 0.871927 0.441972 0.985415 0.450103 0.250195 0.155484 0.227029 0.122795 0.107208 0.780031 0.990881 0.087044 0.953954 0.857873 0.165088 0.715937 0.223925 0.571455 0.726387 0.318375 0.285648 0.314139 0.088051 0.670504 0.342211 0.534760 0.144602 0.256998 0.868607 0.040459 0.938484 0.279918 0.688305 0.141164 0.711848 0.000000 0.000000 0.000000 0.000000 0.000000 0.000000 0.000000 0.000000 0.000000 0.000000 0.000000 0.000000 0.000000 0.000000 0.000000 0.000000 0.000000 0.000000 0.000000 0.000000 0.000000 0.000000 0.000000 0.000000 0.000000 0.000000 0.000000 0.000000 0.000000 0.000000 0.000000 0.000000 0.000000 0.000000 0.000000 0.000000 0.000000 0.000000 0.000000 0.000000 0.000000 0.000000 0.000000 0.000000 0.000000 0.000000 0.000000 0.000000 0.000000 0.000000 0.000000 0.000000 0.000000 0.000000 0.000000 0.000000 0.000000 0.000000 0.000000 0.000000 0.000000 0.000000 0.000000 0.000000 0.000000 0.000000 0.000000 0.000000 0.000000 0.000000 0.000000 0.000000 0.000000 0.000000 0.000000 0.000000 0.000000 0.000000 0.000000 0.000000 0.000000 0.000000 0.000000 0.000000 0.000000 0.000000 0.000000 0.000000 0.000000 0.000000 0.000000 0.000000 0.000000 0.000000 0.000000 0.000000 0.000000 0.000000 0.000000 0.000000 0.000000 0.000000 0.000000 0.000000 0.000000 0.000000 0.000000 0.000000 0.000000 0.000000 0.000000 0.000000 0.000000 0.000000 0.000000 0.000000 0.000000 0.000000 0.000000 0.000000 0.000000 0.000000 0.000000 0.000000 0.000000 0.000000 0.000000 0.000000 0.000000 0.000000 0.000000 0.000000 0.000000 0.000000 0.000000 0.000000 0.000000 0.000000 0.000000 0.000000 0.000000 0.000000 0.000000 0.000000 0.000000 0.000000 0.000000 0.000000 0.000000 0.000000 0.000000 0.000000 0.000000 0.000000 0.000000 0.000000 0.000000 0.000000 0.000000 0.000000 0.000000 0.000000 0.000000 0.000000 0.000000 0.000000 0.000000 0.000000 
0.648426 0.941802 0.442964 0.428958 0.715349 0.373279 0.266862 0.896931 0.630043 0.768814 0.182736 0.125463 0.187369 0.373411 0.932470 0.066488 0.779681 0.437554 0.576047 0.894637 0.015041 0.080906 0.362936 0.326693 0.216370 0.685536 0.019485 0.446525 0.031797 0.458663 0.590483 0.180235 0.888162 0.441167 0.997017 0.049333 0.832654 0.529120 0.218667 0.477857 0.210294 0.358419 0.699641 0.618578 0.598752 0.654717 0.767362 0.035332 0.000000 0.000000 0.000000 0.000000 0.000000 0.000000 0.000000 0.000000 0.000000 0.000000 0.000000 0.000000 0.000000 0.000000 0.000000 0.000000 0.000000 0.000000 0.000000 0.000000 0.000000 0.000000 0.000000 0.000000 0.000000 0.000000 0.000000 0.000000 0.000000 0.000000 0.000000 0.000000 0.000000 0.000000 0.000000 0.000000 0.000000 0.000000 0.000000 0.000000 0.000000 0.000000 0.000000 0.000000 0.000000 0.000000 0.000000 0.000000 0.000000 0.000000 0.000000 0.000000 0.000000 0.000000 0.000000 0.000000 0.000000 0.000000 0.000000 0.000000 0.000000 0.000000 0.000000 0.000000 0.000000 0.000000 0.000000 0.000000 0.000000 0.000000 0.000000 0.000000 0.000000 0.000000 0.000000 0.000000 0.000000 0.000000 0.000000 0.000000 0.000000 0.000000 0.000000 0.000000 0.000000 0.000000 0.000000 0.000000 0.000000 0.000000 0.000000 0.000000 0.000000 0.000000 0.000000 0.000000 0.000000 0.000000 0.000000 0.000000 0.000000 0.000000 0.000000 0.000000 0.000000 0.000000 0.000000 0.000000 0.000000 0.000000 0.000000 0.000000 0.000000 0.000000 0.000000 0.000000 0.000000 0.000000 0.000000 0.000000 0.000000 0.000000 0.000000 0.000000 0.000000 0.000000 0.000000 0.000000 0.000000 0.000000 0.000000 0.000000 0.000000 0.000000 0.000000 0.000000 0.000000 0.000000 0.000000 0.000000 0.000000 0.000000 0.000000 0.000000 0.000000 0.000000 0.000000 0.000000 0.000000 0.000000 0.000000 0.000000 0.000000 0.000000 0.000000 0.000000 0.000000 0.000000 0.000000 0.000000 0.000000 0.000000 0.000000 0.000000 0.000000 0.000000 0.000000 0.000000 
0.901469 0.740419 0.668201 0.290296 0.622922 0.826312 0.226527 0.459600 0.206907 0.896932 0.156030 0.276432 0.203887 0.965937 0.060847 0.181920 0.693856 0.161323 0.100507 0.270268 0.276954 0.071565 0.927838 0.431193 0.458580 0.504550 0.691221 0.920709 0.005448 0.884072 0.798805 0.897271 0.893424 0.926872 0.527324 0.926490 0.569878 0.640417 0.004990 0.131870 0.128356 0.582388 0.267796 0.114843 0.560723 0.392056 0.970563 0.313832 0.000000 0.000000 0.000000 0.000000 0.000000 0.000000 0.000000 0.000000 0.000000 0.000000 0.000000 0.000000 0.000000 0.000000 0.000000 0.000000 0.000000 0.000000 0.000000 0.000000 0.000000 0.000000 0.000000 0.000000 0.000000 0.000000 0.000000 0.000000 0.000000 0.000000 0.000000 0.000000 0.000000 0.000000 0.000000 0.000000 0.000000 0.000000 0.000000 0.000000 0.000000 0.000000 0.000000 0.000000 0.000000 0.000000 0.000000 0.000000 0.000000 0.000000 0.000000 0.000000 0.000000 0.000000 0.000000 0.000000 0.000000 0.000000 0.000000 0.000000 0.000000 0.000000 0.000000 0.000000 0.000000 0.000000 0.000000 0.000000 0.000000 0.000000 0.000000 0.000000 0.000000 0.000000 0.000000 0.000000 0.000000 0.000000 0.000000 0.000000 0.000000 0.000000 0.000000 0.000000 0.000000 0.000000 0.000000 0.000000 0.000000 0.000000 0.000000 0.000000 0.000000 0.000000 0.000000 0.000000 0.000000 0.000000 0.000000 0.000000 0.000000 0.000000 0.000000 0.000000 0.000000 0.000000 0.000000 0.000000 0.000000 0.000000 0.000000 0.000000 0.000000 0.000000 0.000000 0.000000 0.000000 0.000000 0.000000 0.000000 0.000000 0.000000 0.000000 0.000000 0.000000 0.000000 0.000000 0.000000 0.000000 0.000000 0.000000 0.000000 0.000000 0.000000 0.000000 0.000000 0.000000 0.000000 0.000000 0.000000 0.000000 0.000000 0.000000 0.000000 0.000000 0.000000 0.000000 0.000000 0.000000 0.000000 0.000000 0.000000 0.000000 0.000000 0.000000 0.000000 0.000000 0.000000 0.000000 0.000000 0.000000 0.000000 0.000000 0.000000 0.000000 0.000000 0.000000 0.000000 
0.883471 0.897175 0.495722 0.463862 0.705974 0.313925 0.039581 0.865837 0.747261 0.778708 0.241302 0.403825 0.145973 0.406837 0.855806 0.551239 0.830018 0.382423 0.238230 0.889923 0.105798 0.004975 0.212282 0.102582 0.332564 0.800681 0.524171 0.677334 0.609395 0.540134 0.151839 0.137450 0.817563 0.470063 0.438475 0.949312 0.829849 0.085723 0.370179 0.102623 0.874018 0.054836 0.418896 0.949931 0.776622 0.306032 0.649972 0.254165 0.000000 0.000000 0.000000 0.000000 0.000000 0.000000 0.000000 0.000000 0.000000 0.000000 0.000000 0.000000 0.000000 0.000000 0.000000 0.000000 0.000000 0.000000 0.000000 0.000000 0.000000 0.000000 0.000000 0.000000 0.000000 0.000000 0.000000 0.000000 0.000000 0.000000 0.000000 0.000000 0.000000 0.000000 0.000000 0.000000 0.000000 0.000000 0.000000 0.000000 0.000000 0.000000 0.000000 0.000000 0.000000 0.000000 0.000000 0.000000 0.000000 0.000000 0.000000 0.000000 0.000000 0.000000 0.000000 0.000000 0.000000 0.000000 0.000000 0.000000 0.000000 0.000000 0.000000 0.000000 0.000000 0.000000 0.000000 0.000000 0.000000 0.000000 0.000000 0.000000 0.000000 0.000000 0.000000 0.000000 0.000000 0.000000 0.000000 0.000000 0.000000 0.000000 0.000000 0.000000 0.000000 0.000000 0.000000 0.000000 0.000000 0.000000 0.000000 0.000000 0.000000 0.000000 0.000000 0.000000 0.000000 0.000000 0.000000 0.000000 0.000000 0.000000 0.000000 0.000000 0.000000 0.000000 0.000000 0.000000 0.000000 0.000000 0.000000 0.000000 0.000000 0.000000 0.000000 0.000000 0.000000 0.000000 0.000000 0.000000 0.000000 0.000000 0.000000 0.000000 0.000000 0.000000 0.000000 0.000000 0.000000 0.000000 0.000000 0.000000 0.000000 0.000000 0.000000 0.000000 0.000000 0.000000 0.000000 0.000000 0.000000 0.000000 0.000000 0.000000 0.000000 0.000000 0.000000 0.000000 0.000000 0.000000 0.000000 0.000000 0.000000 0.000000 0.000000 0.000000 0.000000 0.000000 0.000000 0.000000 0.000000 0.000000 0.000000 0.000000 0.000000 0.000000 0.000000 0.000000 
0.425071 0.057608 0.253955 0.555353 0.283301 0.570069 0.137400 0.228877 0.145116 0.432578 0.608733 0.780959 0.678318 0.154326 0.761824 0.591675 0.324243 0.032478 0.709247 0.066431 0.096333 0.655093 0.994792 0.853789 0.046384 0.807202 0.044221 0.806807 0.119378 0.958514 0.446323 0.848305 0.732101 0.290281 0.822907 0.004814 0.324588 0.375333 0.504440 0.022378 0.937756 0.058794 0.713791 0.108199 0.359277 0.837343 0.338180 0.159609 0.000000 0.000000 0.000000 0.000000 0.000000 0.000000 0.000000 0.000000 0.000000 0.000000 0.000000 0.000000 0.000000 0.000000 0.000000 0.000000 0.000000 0.000000 0.000000 0.000000 0.000000 0.000000 0.000000 0.000000 0.000000 0.000000 0.000000 0.000000 0.000000 0.000000 0.000000 0.000000 0.000000 0.000000 0.000000 0.000000 0.000000 0.000000 0.000000 0.000000 0.000000 0.000000 0.000000 0.000000 0.000000 0.000000 0.000000 0.000000 0.000000 0.000000 0.000000 0.000000 0.000000 0.000000 0.000000 0.000000 0.000000 0.000000 0.000000 0.000000 0.000000 0.000000 0.000000 0.000000 0.000000 0.000000 0.000000 0.000000 0.000000 0.000000 0.000000 0.000000 0.000000 0.000000 0.000000 0.000000 0.000000 0.000000 0.000000 0.000000 0.000000 0.000000 0.000000 0.000000 0.000000 0.000000 0.000000 0.000000 0.000000 0.000000 0.000000 0.000000 0.000000 0.000000 0.000000 0.000000 0.000000 0.000000 0.000000 0.000000 0.000000 0.000000 0.000000 0.000000 0.000000 0.000000 0.000000 0.000000 0.000000 0.000000 0.000000 0.000000 0.000000 0.000000 0.000000 0.000000 0.000000 0.000000 0.000000 0.000000 0.000000 0.000000 0.000000 0.000000 0.000000 0.000000 0.000000 0.000000 0.000000 0.000000 0.000000 0.000000 0.000000 0.000000 0.000000 0.000000 0.000000 0.000000 0.000000 0.000000 0.000000 0.000000 0.000000 0.000000 0.000000 0.000000 0.000000 0.000000 0.000000 0.000000 0.000000 0.000000 0.000000 0.000000 0.000000 0.000000 0.000000 0.000000 0.000000 0.000000 0.000000 0.000000 0.000000 0.000000 0.000000 0.000000 0.000000 0.000000 
0.799907 0.532939 0.081359 0.065569 0.364295 0.373828 0.104792 0.281363 0.667051 0.693436 0.536756 0.385160 0.923095 0.438825 0.128626 0.992466 0.270454 0.038069 0.123052 0.513243 0.226576 0.043830 0.152198 0.334524 0.251585 0.373111 0.866951 0.162313 0.812752 0.065616 0.499185 0.289241 0.985765 0.841021 0.746165 0.313945 0.065488 0.545084 0.134617 0.434446 0.419960 0.922727 0.345322 0.497176 0.637973 0.270677 0.159268 0.897154 0.000000 0.000000 0.000000 0.000000 0.000000 0.000000 0.000000 0.000000 0.000000 0.000000 0.000000 0.000000 0.000000 0.000000 0.000000 0.000000 0.000000 0.000000 0.000000 0.000000 0.000000 0.000000 0.000000 0.000000 0.000000 0.000000 0.000000 0.000000 0.000000 0.000000 0.000000 0.000000 0.000000 0.000000 0.000000 0.000000 0.000000 0.000000 0.000000 0.000000 0.000000 0.000000 0.000000 0.000000 0.000000 0.000000 0.000000 0.000000 0.000000 0.000000 0.000000 0.000000 0.000000 0.000000 0.000000 0.000000 0.000000 0.000000 0.000000 0.000000 0.000000 0.000000 0.000000 0.000000 0.000000 0.000000 0.000000 0.000000 0.000000 0.000000 0.000000 0.000000 0.000000 0.000000 0.000000 0.000000 0.000000 0.000000 0.000000 0.000000 0.000000 0.000000 0.000000 0.000000 0.000000 0.000000 0.000000 0.000000 0.000000 0.000000 0.000000 0.000000 0.000000 0.000000 0.000000 0.000000 0.000000 0.000000 0.000000 0.000000 0.000000 0.000000 0.000000 0.000000 0.000000 0.000000 0.000000 0.000000 0.000000 0.000000 0.000000 0.000000 0.000000 0.000000 0.000000 0.000000 0.000000 0.000000 0.000000 0.000000 0.000000 0.000000 0.000000 0.000000 0.000000 0.000000 0.000000 0.000000 0.000000 0.000000 0.000000 0.000000 0.000000 0.000000 0.000000 0.000000 0.000000 0.000000 0.000000 0.000000 0.000000 0.000000 0.000000 0.000000 0.000000 0.000000 0.000000 0.000000 0.000000 0.000000 0.000000 0.000000 0.000000 0.000000 0.000000 0.000000 0.000000 0.000000 0.000000 0.000000 0.000000 0.000000 0.000000 0.000000 0.000000 0.000000 0.000000 0.000000 
0.077215 0.020980 0.603134 0.600509 0.104308 0.448589 0.233293 0.670813 0.471040 0.630651 0.089718 0.914095 0.436534 0.802117 0.788372 0.568036 0.920135 0.032543 0.195296 0.318377 0.354609 0.013745 0.658170 0.565405 0.157172 0.909173 0.460201 0.536488 0.203302 0.026113 0.933655 0.063606 0.184896 0.274168 0.030921 0.149858 0.772654 0.351791 0.432829 0.633945 0.548656 0.631301 0.888123 0.640043 0.397611 0.206844 0.163689 0.151434 0.000000 0.000000 0.000000 0.000000 0.000000 0.000000 0.000000 0.000000 0.000000 0.000000 0.000000 0.000000 0.000000 0.000000 0.000000 0.000000 0.000000 0.000000 0.000000 0.000000 0.000000 0.000000 0.000000 0.000000 0.000000 0.000000 0.000000 0.000000 0.000000 0.000000 0.000000 0.000000 0.000000 0.000000 0.000000 0.000000 0.000000 0.000000 0.000000 0.000000 0.000000 0.000000 0.000000 0.000000 0.000000 0.000000 0.000000 0.000000 0.000000 0.000000 0.000000 0.000000 0.000000 0.000000 0.000000 0.000000 0.000000 0.000000 0.000000 0.000000 0.000000 0.000000 0.000000 0.000000 0.000000 0.000000 0.000000 0.000000 0.000000 0.000000 0.000000 0.000000 0.000000 0.000000 0.000000 0.000000 0.000000 0.000000 0.000000 0.000000 0.000000 0.000000 0.000000 0.000000 0.000000 0.000000 0.000000 0.000000 0.000000 0.000000 0.000000 0.000000 0.000000 0.000000 0.000000 0.000000 0.000000 0.000000 0.000000 0.000000 0.000000 0.000000 0.000000 0.000000 0.000000 0.000000 0.000000 0.000000 0.000000 0.000000 0.000000 0.000000 0.000000 0.000000 0.000000 0.000000 0.000000 0.000000 0.000000 0.000000 0.000000 0.000000 0.000000 0.000000 0.000000 0.000000 0.000000 0.000000 0.000000 0.000000 0.000000 0.000000 0.000000 0.000000 0.000000 0.000000 0.000000 0.000000 0.000000 0.000000 0.000000 0.000000 0.000000 0.000000 0.000000 0.000000 0.000000 0.000000 0.000000 0.000000 0.000000 0.000000 0.000000 0.000000 0.000000 0.000000 0.000000 0.000000 0.000000 0.000000 0.000000 0.000000 0.000000 0.000000 0.000000 0.000000 0.000000 0.000000 
0.566530 0.334911 0.059915 0.064433 0.747632 0.979441 0.554739 0.824972 0.086522 0.710287 0.507279 0.099540 0.948500 0.272308 0.029142 0.526751 0.024911 0.610852 0.748482 0.092750 0.066284 0.516621 0.706583 0.995873 0.280614 0.738303 0.575391 0.451930 0.527343 0.944956 0.631203 0.945253 0.617519 0.232616 0.407015 0.171970 0.748427 0.532223 0.944457 0.836250 0.760052 0.750661 0.924229 0.548363 0.107418 0.366036 0.848500 0.102062 0.000000 0.000000 0.000000 0.000000 0.000000 0.000000 0.000000 0.000000 0.000000 0.000000 0.000000 0.000000 0.000000 0.000000 0.000000 0.000000 0.000000 0.000000 0.000000 0.000000 0.000000 0.000000 0.000000 0.000000 0.000000 0.000000 0.000000 0.000000 0.000000 0.000000 0.000000 0.000000 0.000000 0.000000 0.000000 0.000000 0.000000 0.000000 0.000000 0.000000 0.000000 0.000000 0.000000 0.000000 0.000000 0.000000 0.000000 0.000000 0.000000 0.000000 0.000000 0.000000 0.000000 0.000000 0.000000 0.000000 0.000000 0.000000 0.000000 0.000000 0.000000 0.000000 0.000000 0.000000 0.000000 0.000000 0.000000 0.000000 0.000000 0.000000 0.000000 0.000000 0.000000 0.000000 0.000000 0.000000 0.000000 0.000000 0.000000 0.000000 0.000000 0.000000 0.000000 0.000000 0.000000 0.000000 0.000000 0.000000 0.000000 0.000000 0.000000 0.000000 0.000000 0.000000 0.000000 0.000000 0.000000 0.000000 0.000000 0.000000 0.000000 0.000000 0.000000 0.000000 0.000000 0.000000 0.000000 0.000000 0.000000 0.000000 0.000000 0.000000 0.000000 0.000000 0.000000 0.000000 0.000000 0.000000 0.000000 0.000000 0.000000 0.000000 0.000000 0.000000 0.000000 0.000000 0.000000 0.000000 0.000000 0.000000 0.000000 0.000000 0.000000 0.000000 0.000000 0.000000 0.000000 0.000000 0.000000 0.000000 0.000000 0.000000 0.000000 0.000000 0.000000 0.000000 0.000000 0.000000 0.000000 0.000000 0.000000 0.000000 0.000000 0.000000 0.000000 0.000000 0.000000 0.000000 0.000000 0.000000 0.000000 0.000000 0.000000 0.000000 0.000000 0.000000 0.000000 0.000000 
0.000000 0.000000 0.000000 0.000000 0.000000 0.000000 0.000000 0.000000 0.000000 0.000000 0.000000 0.000000 0.000000 0.000000 0.000000 0.000000 0.000000 0.000000 0.000000 0.000000 0.000000 0.000000 0.000000 0.000000 0.000000 0.000000 0.000000 0.000000 0.000000 0.000000 0.000000 0.000000 0.000000 0.000000 0.000000 0.000000 0.000000 0.000000 0.000000 0.000000 0.000000 0.000000 0.000000 0.000000 0.000000 0.000000 0.000000 0.000000 0.000000 0.000000 0.000000 0.000000 0.000000 0.000000 0.000000 0.000000 0.000000 0.000000 0.000000 0.000000 0.000000 0.000000 0.000000 0.000000 0.000000 0.000000 0.000000 0.000000 0.000000 0.000000 0.000000 0.000000 0.000000 0.000000 0.000000 0.000000 0.000000 0.000000 0.000000 0.000000 0.000000 0.000000 0.000000 0.000000 0.000000 0.000000 0.000000 0.000000 0.000000 0.000000 0.000000 0.000000 0.000000 0.000000 0.000000 0.000000 0.000000 0.000000 0.000000 0.000000 0.000000 0.000000 0.000000 0.000000 0.000000 0.000000 0.000000 0.000000 0.000000 0.000000 0.000000 0.000000 0.000000 0.000000 0.000000 0.000000 0.000000 0.000000 0.000000 0.000000 0.000000 0.000000 0.000000 0.000000 0.000000 0.000000 0.000000 0.000000 0.000000 0.000000 0.000000 0.000000 0.000000 0.000000 0.000000 0.000000 0.000000 0.000000 0.000000 0.000000 0.000000 0.000000 0.000000 0.000000 0.000000 0.000000 0.000000 0.000000 0.000000 0.000000 0.000000 0.000000 0.000000 0.000000 0.000000 0.000000 0.000000 0.000000 0.000000 0.000000 0.000000 0.000000 0.000000 0.000000 0.000000 0.000000 0.000000 0.000000 0.000000 0.000000 0.000000 0.000000 0.000000 0.000000 0.000000 0.000000 0.000000 0.000000 0.000000 0.000000 0.000000 0.000000 0.000000 0.000000 0.000000 0.000000 0.000000 0.000000 0.000000 0.000000 0.000000 0.000000 0.000000 0.000000 0.000000 0.000000 0.000000 0.000000 0.000000 0.000000 0.000000 0.000000 0.000000 0.000000 0.000000 0.000000 0.000000 0.000000 0.000000 0.000000 0.000000 0.000000 0.000000 0.000000 0.000000 0.000000 
0.000000 0.000000 0.000000 0.000000 0.000000 0.000000 0.000000 0.000000 0.000000 0.000000 0.000000 0.000000 0.000000 0.000000 0.000000 0.000000 0.000000 0.000000 0.000000 0.000000 0.000000 0.000000 0.000000 0.000000 0.000000 0.000000 0.000000 0.000000 0.000000 0.000000 0.000000 0.000000 0.000000 0.000000 0.000000 0.000000 0.000000 0.000000 0.000000 0.000000 0.000000 0.000000 0.000000 0.000000 0.000000 0.000000 0.000000 0.000000 0.000000 0.000000 0.000000 0.000000 0.000000 0.000000 0.000000 0.000000 0.000000 0.000000 0.000000 0.000000 0.000000 0.000000 0.000000 0.000000 0.000000 0.000000 0.000000 0.000000 0.000000 0.000000 0.000000 0.000000 0.000000 0.000000 0.000000 0.000000 0.000000 0.000000 0.000000 0.000000 0.000000 0.000000 0.000000 0.000000 0.000000 0.000000 0.000000 0.000000 0.000000 0.000000 0.000000 0.000000 0.000000 0.000000 0.000000 0.000000 0.000000 0.000000 0.000000 0.000000 0.000000 0.000000 0.000000 0.000000 0.000000 0.000000 0.000000 0.000000 0.000000 0.000000 0.000000 0.000000 0.000000 0.000000 0.000000 0.000000 0.000000 0.000000 0.000000 0.000000 0.000000 0.000000 0.000000 0.000000 0.000000 0.000000 0.000000 0.000000 0.000000 0.000000 0.000000 0.000000 0.000000 0.000000 0.000000 0.000000 0.000000 0.000000 0.000000 0.000000 0.000000 0.000000 0.000000 0.000000 0.000000 0.000000 0.000000 0.000000 0.000000 0.000000 0.000000 0.000000 0.000000 0.000000 0.000000 0.000000 0.000000 0.000000 0.000000 0.000000 0.000000 0.000000 0.000000 0.000000 0.000000 0.000000 0.000000 0.000000 0.000000 0.000000 0.000000 0.000000 0.000000 0.000000 0.000000 0.000000 0.000000 0.000000 0.000000 0.000000 0.000000 0.000000 0.000000 0.000000 0.000000 0.000000 0.000000 0.000000 0.000000 0.000000 0.000000 0.000000 0.000000 0.000000 0.000000 0.000000 0.000000 0.000000 0.000000 0.000000 0.000000 0.000000 0.000000 0.000000 0.000000 0.000000 0.000000 0.000000 0.000000 0.000000 0.000000 0.000000 0.000000 0.000000 0.000000 0.000000 
0.000000 0.000000 0.000000 0.000000 0.000000 0.000000 0.000000 0.000000 0.000000 0.000000 0.000000 0.000000 0.000000 0.000000 0.000000 0.000000 0.000000 0.000000 0.000000 0.000000 0.000000 0.000000 0.000000 0.000000 0.000000 0.000000 0.000000 0.000000 0.000000 0.000000 0.000000 0.000000 0.000000 0.000000 0.000000 0.000000 0.000000 0.000000 0.000000 0.000000 0.000000 0.000000 0.000000 0.000000 0.000000 0.000000 0.000000 0.000000 0.000000 0.000000 0.000000 0.000000 0.000000 0.000000 0.000000 0.000000 0.000000 0.000000 0.000000 0.000000 0.000000 0.000000 0.000000 0.000000 0.000000 0.000000 0.000000 0.000000 0.000000 0.000000 0.000000 0.000000 0.000000 0.000000 0.000000 0.000000 0.000000 0.000000 0.000000 0.000000 0.000000 0.000000 0.000000 0.000000 0.000000 0.000000 0.000000 0.000000 0.000000 0.000000 0.000000 0.000000 0.000000 0.000000 0.000000 0.000000 0.000000 0.000000 0.000000 0.000000 0.000000 0.000000 0.000000 0.000000 0.000000 0.000000 0.000000 0.000000 0.000000 0.000000 0.000000 0.000000 0.000000 0.000000 0.000000 0.000000 0.000000 0.000000 0.000000 0.000000 0.000000 0.000000 0.000000 0.000000 0.000000 0.000000 0.000000 0.000000 0.000000 0.000000 0.000000 0.000000 0.000000 0.000000 0.000000 0.000000 0.000000 0.000000 0.000000 0.000000 0.000000 0.000000 0.000000 0.000000 0.000000 0.000000 0.000000 0.000000 0.000000 0.000000 0.000000 0.000000 0.000000 0.000000 0.000000 0.000000 0.000000 0.000000 0.000000 0.000000 0.000000 0.000000 0.000000 0.000000 0.000000 0.000000 0.000000 0.000000 0.000000 0.000000 0.000000 0.000000 0.000000 0.000000 0.000000 0.000000 0.000000 0.000000 0.000000 0.000000 0.000000 0.000000 0.000000 0.000000 0.000000 0.000000 0.000000 0.000000 0.000000 0.000000 0.000000 0.000000 0.000000 0.000000 0.000000 0.000000 0.000000 0.000000 0.000000 0.000000 0.000000 0.000000 0.000000 0.000000 0.000000 0.000000 0.000000 0.000000 0.000000 0.000000 0.000000 0.000000 0.000000 0.000000 0.000000 0.000000 
0.000000 0.000000 0.000000 0.000000 0.000000 0.000000 0.000000 0.000000 0.000000 0.000000 0.000000 0.000000 0.000000 0.000000 0.000000 0.000000 0.000000 0.000000 0.000000 0.000000 0.000000 0.000000 0.000000 0.000000 0.000000 0.000000 0.000000 0.000000 0.000000 0.000000 0.000000 0.000000 0.000000 0.000000 0.000000 0.000000 0.000000 0.000000 0.000000 0.000000 0.000000 0.000000 0.000000 0.000000 0.000000 0.000000 0.000000 0.000000 0.000000 0.000000 0.000000 0.000000 0.000000 0.000000 0.000000 0.000000 0.000000 0.000000 0.000000 0.000000 0.000000 0.000000 0.000000 0.000000 0.000000 0.000000 0.000000 0.000000 0.000000 0.000000 0.000000 0.000000 0.000000 0.000000 0.000000 0.000000 0.000000 0.000000 0.000000 0.000000 0.000000 0.000000 0.000000 0.000000 0.000000 0.000000 0.000000 0.000000 0.000000 0.000000 0.000000 0.000000 0.000000 0.000000 0.000000 0.000000 0.000000 0.000000 0.000000 0.000000 0.000000 0.000000 0.000000 0.000000 0.000000 0.000000 0.000000 0.000000 0.000000 0.000000 0.000000 0.000000 0.000000 0.000000 0.000000 0.000000 0.000000 0.000000 0.000000 0.000000 0.000000 0.000000 0.000000 0.000000 0.000000 0.000000 0.000000 0.000000 0.000000 0.000000 0.000000 0.000000 0.000000 0.000000 0.000000 0.000000 0.000000 0.000000 0.000000 0.000000 0.000000 0.000000 0.000000 0.000000 0.000000 0.000000 0.000000 0.000000 0.000000 0.000000 0.000000 0.000000 0.000000 0.000000 0.000000 0.000000 0.000000 0.000000 0.000000 0.000000 0.000000 0.000000 0.000000 0.000000 0.000000 0.000000 0.000000 0.000000 0.000000 0.000000 0.000000 0.000000 0.000000 0.000000 0.000000 0.000000 0.000000 0.000000 0.000000 0.000000 0.000000 0.000000 0.000000 0.000000 0.000000 0.000000 0.000000 0.000000 0.000000 0.000000 0.000000 0.000000 0.000000 0.000000 0.000000 0.000000 0.000000 0.000000 0.000000 0.000000 0.000000 0.000000 0.000000 0.000000 0.000000 0.000000 0.000000 0.000000 0.000000 0.000000 0.000000 0.000000 0.000000 0.000000 0.000000 0.000000 
0.000000 0.000000 0.000000 0.000000 0.000000 0.000000 0.000000 0.000000 0.000000 0.000000 0.000000 0.000000 0.000000 0.000000 0.000000 0.000000 0.000000 0.000000 0.000000 0.000000 0.000000 0.000000 0.000000 0.000000 0.000000 0.000000 0.000000 0.000000 0.000000 0.000000 0.000000 0.000000 0.000000 0.000000 0.000000 0.000000 0.000000 0.000000 0.000000 0.000000 0.000000 0.000000 0.000000 0.000000 0.000000 0.000000 0.000000 0.000000 0.000000 0.000000 0.000000 0.000000 0.000000 0.000000 0.000000 0.000000 0.000000 0.000000 0.000000 0.000000 0.000000 0.000000 0.000000 0.000000 0.000000 0.000000 0.000000 0.000000 0.000000 0.000000 0.000000 0.000000 0.000000 0.000000 0.000000 0.000000 0.000000 0.000000 0.000000 0.000000 0.000000 0.000000 0.000000 0.000000 0.000000 0.000000 0.000000 0.000000 0.000000 0.000000 0.000000 0.000000 0.000000 0.000000 0.000000 0.000000 0.000000 0.000000 0.000000 0.000000 0.000000 0.000000 0.000000 0.000000 0.000000 0.000000 0.000000 0.000000 0.000000 0.000000 0.000000 0.000000 0.000000 0.000000 0.000000 0.000000 0.000000 0.000000 0.000000 0.000000 0.000000 0.000000 0.000000 0.000000 0.000000 0.000000 0.000000 0.000000 0.000000 0.000000 0.000000 0.000000 0.000000 0.000000 0.000000 0.000000 0.000000 0.000000 0.000000 0.000000 0.000000 0.000000 0.000000 0.000000 0.000000 0.000000 0.000000 0.000000 0.000000 0.000000 0.000000 0.000000 0.000000 0.000000 0.000000 0.000000 0.000000 0.000000 0.000000 0.000000 0.000000 0.000000 0.000000 0.000000 0.000000 0.000000 0.000000 0.000000 0.000000 0.000000 0.000000 0.000000 0.000000 0.000000 0.000000 0.000000 0.000000 0.000000 0.000000 0.000000 0.000000 0.000000 0.000000 0.000000 0.000000 0.000000 0.000000 0.000000 0.000000 0.000000 0.000000 0.000000 0.000000 0.000000 0.000000 0.000000 0.000000 0.000000 0.000000 0.000000 0.000000 0.000000 0.000000 0.000000 0.000000 0.000000 0.000000 0.000000 0.000000 0.000000 0.000000 0.000000 0.000000 0.000000 0.000000 0.000000 
0.000000 0.000000 0.000000 0.000000 0.000000 0.000000 0.000000 0.000000 0.000000 0.000000 0.000000 0.000000 0.000000 0.000000 0.000000 0.000000 0.000000 0.000000 0.000000 0.000000 0.000000 0.000000 0.000000 0.000000 0.000000 0.000000 0.000000 0.000000 0.000000 0.000000 0.000000 0.000000 0.000000 0.000000 0.000000 0.000000 0.000000 0.000000 0.000000 0.000000 0.000000 0.000000 0.000000 0.000000 0.000000 0.000000 0.000000 0.000000 0.000000 0.000000 0.000000 0.000000 0.000000 0.000000 0.000000 0.000000 0.000000 0.000000 0.000000 0.000000 0.000000 0.000000 0.000000 0.000000 0.000000 0.000000 0.000000 0.000000 0.000000 0.000000 0.000000 0.000000 0.000000 0.000000 0.000000 0.000000 0.000000 0.000000 0.000000 0.000000 0.000000 0.000000 0.000000 0.000000 0.000000 0.000000 0.000000 0.000000 0.000000 0.000000 0.000000 0.000000 0.000000 0.000000 0.000000 0.000000 0.000000 0.000000 0.000000 0.000000 0.000000 0.000000 0.000000 0.000000 0.000000 0.000000 0.000000 0.000000 0.000000 0.000000 0.000000 0.000000 0.000000 0.000000 0.000000 0.000000 0.000000 0.000000 0.000000 0.000000 0.000000 0.000000 0.000000 0.000000 0.000000 0.000000 0.000000 0.000000 0.000000 0.000000 0.000000 0.000000 0.000000 0.000000 0.000000 0.000000 0.000000 0.000000 0.000000 0.000000 0.000000 0.000000 0.000000 0.000000 0.000000 0.000000 0.000000 0.000000 0.000000 0.000000 0.000000 0.000000 0.000000 0.000000 0.000000 0.000000 0.000000 0.000000 0.000000 0.000000 0.000000 0.000000 0.000000 0.000000 0.000000 0.000000 0.000000 0.000000 0.000000 0.000000 0.000000 0.000000 0.000000 0.000000 0.000000 0.000000 0.000000 0.000000 0.000000 0.000000 0.000000 0.000000 0.000000 0.000000 0.000000 0.000000 0.000000 0.000000 0.000000 0.000000 0.000000 0.000000 0.000000 0.000000 0.000000 0.000000 0.000000 0.000000 0.000000 0.000000 0.000000 0.000000 0.000000 0.000000 0.000000 0.000000 0.000000 0.000000 0.000000 0.000000 0.000000 0.000000 0.000000 0.000000 0.000000 0.000000 
0.000000 0.000000 0.000000 0.000000 0.000000 0.000000 0.000000 0.000000 0.000000 0.000000 0.000000 0.000000 0.000000 0.000000 0.000000 0.000000 0.000000 0.000000 0.000000 0.000000 0.000000 0.000000 0.000000 0.000000 0.000000 0.000000 0.000000 0.000000 0.000000 0.000000 0.000000 0.000000 0.000000 0.000000 0.000000 0.000000 0.000000 0.000000 0.000000 0.000000 0.000000 0.000000 0.000000 0.000000 0.000000 0.000000 0.000000 0.000000 0.000000 0.000000 0.000000 0.000000 0.000000 0.000000 0.000000 0.000000 0.000000 0.000000 0.000000 0.000000 0.000000 0.000000 0.000000 0.000000 0.000000 0.000000 0.000000 0.000000 0.000000 0.000000 0.000000 0.000000 0.000000 0.000000 0.000000 0.000000 0.000000 0.000000 0.000000 0.000000 0.000000 0.000000 0.000000 0.000000 0.000000 0.000000 0.000000 0.000000 0.000000 0.000000 0.000000 0.000000 0.000000 0.000000 0.000000 0.000000 0.000000 0.000000 0.000000 0.000000 0.000000 0.000000 0.000000 0.000000 0.000000 0.000000 0.000000 0.000000 0.000000 0.000000 0.000000 0.000000 0.000000 0.000000 0.000000 0.000000 0.000000 0.000000 0.000000 0.000000 0.000000 0.000000 0.000000 0.000000 0.000000 0.000000 0.000000 0.000000 0.000000 0.000000 0.000000 0.000000 0.000000 0.000000 0.000000 0.000000 0.000000 0.000000 0.000000 0.000000 0.000000 0.000000 0.000000 0.000000 0.000000 0.000000 0.000000 0.000000 0.000000 0.000000 0.000000 0.000000 0.000000 0.000000 0.000000 0.000000 0.000000 0.000000 0.000000 0.000000 0.000000 0.000000 0.000000 0.000000 0.000000 0.000000 0.000000 0.000000 0.000000 0.000000 0.000000 0.000000 0.000000 0.000000 0.000000 0.000000 0.000000 0.000000 0.000000 0.000000 0.000000 0.000000 0.000000 0.000000 0.000000 0.000000 0.000000 0.000000 0.000000 0.000000 0.000000 0.000000 0.000000 0.000000 0.000000 0.000000 0.000000 0.000000 0.000000 0.000000 0.000000 0.000000 0.000000 0.000000 0.000000 0.000000 0.000000 0.000000 0.000000 0.000000 0.000000 0.000000 0.000000 0.000000 0.000000 0.000000 
0.000000 0.000000 0.000000 0.000000 0.000000 0.000000 0.000000 0.000000 0.000000 0.000000 0.000000 0.000000 0.000000 0.000000 0.000000 0.000000 0.000000 0.000000 0.000000 0.000000 0.000000 0.000000 0.000000 0.000000 0.000000 0.000000 0.000000 0.000000 0.000000 0.000000 0.000000 0.000000 0.000000 0.000000 0.000000 0.000000 0.000000 0.000000 0.000000 0.000000 0.000000 0.000000 0.000000 0.000000 0.000000 0.000000 0.000000 0.000000 0.000000 0.000000 0.000000 0.000000 0.000000 0.000000 0.000000 0.000000 0.000000 0.000000 0.000000 0.000000 0.000000 0.000000 0.000000 0.000000 0.000000 0.000000 0.000000 0.000000 0.000000 0.000000 0.000000 0.000000 0.000000 0.000000 0.000000 0.000000 0.000000 0.000000 0.000000 0.000000 0.000000 0.000000 0.000000 0.000000 0.000000 0.000000 0.000000 0.000000 0.000000 0.000000 0.000000 0.000000 0.000000 0.000000 0.000000 0.000000 0.000000 0.000000 0.000000 0.000000 0.000000 0.000000 0.000000 0.000000 0.000000 0.000000 0.000000 0.000000 0.000000 0.000000 0.000000 0.000000 0.000000 0.000000 0.000000 0.000000 0.000000 0.000000 0.000000 0.000000 0.000000 0.000000 0.000000 0.000000 0.000000 0.000000 0.000000 0.000000 0.000000 0.000000 0.000000 0.000000 0.000000 0.000000 0.000000 0.000000 0.000000 0.000000 0.000000 0.000000 0.000000 0.000000 0.000000 0.000000 0.000000 0.000000 0.000000 0.000000 0.000000 0.000000 0.000000 0.000000 0.000000 0.000000 0.000000 0.000000 0.000000 0.000000 0.000000 0.000000 0.000000 0.000000 0.000000 0.000000 0.000000 0.000000 0.000000 0.000000 0.000000 0.000000 0.000000 0.000000 0.000000 0.000000 0.000000 0.000000 0.000000 0.000000 0.000000 0.000000 0.000000 0.000000 0.000000 0.000000 0.000000 0.000000 0.000000 0.000000 0.000000 0.000000 0.000000 0.000000 0.000000 0.000000 0.000000 0.000000 0.000000 0.000000 0.000000 0.000000 0.000000 0.000000 0.000000 0.000000 0.000000 0.000000 0.000000 0.000000 0.000000 0.000000 0.000000 0.000000 0.000000 0.000000 0.000000 0.000000 
0.000000 0.000000 0.000000 0.000000 0.000000 0.000000 0.000000 0.000000 0.000000 0.000000 0.000000 0.000000 0.000000 0.000000 0.000000 0.000000 0.000000 0.000000 0.000000 0.000000 0.000000 0.000000 0.000000 0.000000 0.000000 0.000000 0.000000 0.000000 0.000000 0.000000 0.000000 0.000000 0.000000 0.000000 0.000000 0.000000 0.000000 0.000000 0.000000 0.000000 0.000000 0.000000 0.000000 0.000000 0.000000 0.000000 0.000000 0.000000 0.000000 0.000000 0.000000 0.000000 0.000000 0.000000 0.000000 0.000000 0.000000 0.000000 0.000000 0.000000 0.000000 0.000000 0.000000 0.000000 0.000000 0.000000 0.000000 0.000000 0.000000 0.000000 0.000000 0.000000 0.000000 0.000000 0.000000 0.000000 0.000000 0.000000 0.000000 0.000000 0.000000 0.000000 0.000000 0.000000 0.000000 0.000000 0.000000 0.000000 0.000000 0.000000 0.000000 0.000000 0.000000 0.000000 0.000000 0.000000 0.000000 0.000000 0.000000 0.000000 0.000000 0.000000 0.000000 0.000000 0.000000 0.000000 0.000000 0.000000 0.000000 0.000000 0.000000 0.000000 0.000000 0.000000 0.000000 0.000000 0.000000 0.000000 0.000000 0.000000 0.000000 0.000000 0.000000 0.000000 0.000000 0.000000 0.000000 0.000000 0.000000 0.000000 0.000000 0.000000 0.000000 0.000000 0.000000 0.000000 0.000000 0.000000 0.000000 0.000000 0.000000 0.000000 0.000000 0.000000 0.000000 0.000000 0.000000 0.000000 0.000000 0.000000 0.000000 0.000000 0.000000 0.000000 0.000000 0.000000 0.000000 0.000000 0.000000 0.000000 0.000000 0.000000 0.000000 0.000000 0.000000 0.000000 0.000000 0.000000 0.000000 0.000000 0.000000 0.000000 0.000000 0.000000 0.000000 0.000000 0.000000 0.000000 0.000000 0.000000 0.000000 0.000000 0.000000 0.000000 0.000000 0.000000 0.000000 0.000000 0.000000 0.000000 0.000000 0.000000 0.000000 0.000000 0.000000 0.000000 0.000000 0.000000 0.000000 0.000000 0.000000 0.000000 0.000000 0.000000 0.000000 0.000000 0.000000 0.000000 0.000000 0.000000 0.000000 0.000000 0.000000 0.000000 0.000000 0.000000 
0.000000 0.000000 0.000000 0.000000 0.000000 0.000000 0.000000 0.000000 0.000000 0.000000 0.000000 0.000000 0.000000 0.000000 0.000000 0.000000 0.000000 0.000000 0.000000 0.000000 0.000000 0.000000 0.000000 0.000000 0.000000 0.000000 0.000000 0.000000 0.000000 0.000000 0.000000 0.000000 0.000000 0.000000 0.000000 0.000000 0.000000 0.000000 0.000000 0.000000 0.000000 0.000000 0.000000 0.000000 0.000000 0.000000 0.000000 0.000000 0.000000 0.000000 0.000000 0.000000 0.000000 0.000000 0.000000 0.000000 0.000000 0.000000 0.000000 0.000000 0.000000 0.000000 0.000000 0.000000 0.000000 0.000000 0.000000 0.000000 0.000000 0.000000 0.000000 0.000000 0.000000 0.000000 0.000000 0.000000 0.000000 0.000000 0.000000 0.000000 0.000000 0.000000 0.000000 0.000000 0.000000 0.000000 0.000000 0.000000 0.000000 0.000000 0.000000 0.000000 0.000000 0.000000 0.000000 0.000000 0.000000 0.000000 0.000000 0.000000 0.000000 0.000000 0.000000 0.000000 0.000000 0.000000 0.000000 0.000000 0.000000 0.000000 0.000000 0.000000 0.000000 0.000000 0.000000 0.000000 0.000000 0.000000 0.000000 0.000000 0.000000 0.000000 0.000000 0.000000 0.000000 0.000000 0.000000 0.000000 0.000000 0.000000 0.000000 0.000000 0.000000 0.000000 0.000000 0.000000 0.000000 0.000000 0.000000 0.000000 0.000000 0.000000 0.000000 0.000000 0.000000 0.000000 0.000000 0.000000 0.000000 0.000000 0.000000 0.000000 0.000000 0.000000 0.000000 0.000000 0.000000 0.000000 0.000000 0.000000 0.000000 0.000000 0.000000 0.000000 0.000000 0.000000 0.000000 0.000000 0.000000 0.000000 0.000000 0.000000 0.000000 0.000000 0.000000 0.000000 0.000000 0.000000 0.000000 0.000000 0.000000 0.000000 0.000000 0.000000 0.000000 0.000000 0.000000 0.000000 0.000000 0.000000 0.000000 0.000000 0.000000 0.000000 0.000000 0.000000 0.000000 0.000000 0.000000 0.000000 0.000000 0.000000 0.000000 0.000000 0.000000 0.000000 0.000000 0.000000 0.000000 0.000000 0.000000 0.000000 0.000000 0.000000 0.000000 0.000000 
0.000000 0.000000 0.000000 0.000000 0.000000 0.000000 0.000000 0.000000 0.000000 0.000000 0.000000 0.000000 0.000000 0.000000 0.000000 0.000000 0.000000 0.000000 0.000000 0.000000 0.000000 0.000000 0.000000 0.000000 0.000000 0.000000 0.000000 0.000000 0.000000 0.000000 0.000000 0.000000 0.000000 0.000000 0.000000 0.000000 0.000000 0.000000 0.000000 0.000000 0.000000 0.000000 0.000000 0.000000 0.000000 0.000000 0.000000 0.000000 0.000000 0.000000 0.000000 0.000000 0.000000 0.000000 0.000000 0.000000 0.000000 0.000000 0.000000 0.000000 0.000000 0.000000 0.000000 0.000000 0.000000 0.000000 0.000000 0.000000 0.000000 0.000000 0.000000 0.000000 0.000000 0.000000 0.000000 0.000000 0.000000 0.000000 0.000000 0.000000 0.000000 0.000000 0.000000 0.000000 0.000000 0.000000 0.000000 0.000000 0.000000 0.000000 0.000000 0.000000 0.000000 0.000000 0.000000 0.000000 0.000000 0.000000 0.000000 0.000000 0.000000 0.000000 0.000000 0.000000 0.000000 0.000000 0.000000 0.000000 0.000000 0.000000 0.000000 0.000000 0.000000 0.000000 0.000000 0.000000 0.000000 0.000000 0.000000 0.000000 0.000000 0.000000 0.000000 0.000000 0.000000 0.000000 0.000000 0.000000 0.000000 0.000000 0.000000 0.000000 0.000000 0.000000 0.000000 0.000000 0.000000 0.000000 0.000000 0.000000 0.000000 0.000000 0.000000 0.000000 0.000000 0.000000 0.000000 0.000000 0.000000 0.000000 0.000000 0.000000 0.000000 0.000000 0.000000 0.000000 0.000000 0.000000 0.000000 0.000000 0.000000 0.000000 0.000000 0.000000 0.000000 0.000000 0.000000 0.000000 0.000000 0.000000 0.000000 0.000000 0.000000 0.000000 0.000000 0.000000 0.000000 0.000000 0.000000 0.000000 0.000000 0.000000 0.000000 0.000000 0.000000 0.000000 0.000000 0.000000 0.000000 0.000000 0.000000 0.000000 0.000000 0.000000 0.000000 0.000000 0.000000 0.000000 0.000000 0.000000 0.000000 0.000000 0.000000 0.000000 0.000000 0.000000 0.000000 0.000000 0.000000 0.000000 0.000000 0.000000 0.000000 0.000000 0.000000 0.000000 
0.000000 0.000000 0.000000 0.000000 0.000000 0.000000 0.000000 0.000000 0.000000 0.000000 0.000000 0.000000 0.000000 0.000000 0.000000 0.000000 0.000000 0.000000 0.000000 0.000000 0.000000 0.000000 0.000000 0.000000 0.000000 0.000000 0.000000 0.000000 0.000000 0.000000 0.000000 0.000000 0.000000 0.000000 0.000000 0.000000 0.000000 0.000000 0.000000 0.000000 0.000000 0.000000 0.000000 0.000000 0.000000 0.000000 0.000000 0.000000 0.000000 0.000000 0.000000 0.000000 0.000000 0.000000 0.000000 0.000000 0.000000 0.000000 0.000000 0.000000 0.000000 0.000000 0.000000 0.000000 0.000000 0.000000 0.000000 0.000000 0.000000 0.000000 0.000000 0.000000 0.000000 0.000000 0.000000 0.000000 0.000000 0.000000 0.000000 0.000000 0.000000 0.000000 0.000000 0.000000 0.000000 0.000000 0.000000 0.000000 0.000000 0.000000 0.000000 0.000000 0.000000 0.000000 0.000000 0.000000 0.000000 0.000000 0.000000 0.000000 0.000000 0.000000 0.000000 0.000000 0.000000 0.000000 0.000000 0.000000 0.000000 0.000000 0.000000 0.000000 0.000000 0.000000 0.000000 0.000000 0.000000 0.000000 0.000000 0.000000 0.000000 0.000000 0.000000 0.000000 0.000000 0.000000 0.000000 0.000000 0.000000 0.000000 0.000000 0.000000 0.000000 0.000000 0.000000 0.000000 0.000000 0.000000 0.000000 0.000000 0.000000 0.000000 0.000000 0.000000 0.000000 0.000000 0.000000 0.000000 0.000000 0.000000 0.000000 0.000000 0.000000 0.000000 0.000000 0.000000 0.000000 0.000000 0.000000 0.000000 0.000000 0.000000 0.000000 0.000000 0.000000 0.000000 0.000000 0.000000 0.000000 0.000000 0.000000 0.000000 0.000000 0.000000 0.000000 0.000000 0.000000 0.000000 0.000000 0.000000 0.000000 0.000000 0.000000 0.000000 0.000000 0.000000 0.000000 0.000000 0.000000 0.000000 0.000000 0.000000 0.000000 0.000000 0.000000 0.000000 0.000000 0.000000 0.000000 0.000000 0.000000 0.000000 0.000000 0.000000 0.000000 0.000000 0.000000 0.000000 0.000000 0.000000 0.000000 0.000000 0.000000 0.000000 0.000000 0.000000 
0.000000 0.000000 0.000000 0.000000 0.000000 0.000000 0.000000 0.000000 0.000000 0.000000 0.000000 0.000000 0.000000 0.000000 0.000000 0.000000 0.000000 0.000000 0.000000 0.000000 0.000000 0.000000 0.000000 0.000000 0.000000 0.000000 0.000000 0.000000 0.000000 0.000000 0.000000 0.000000 0.000000 0.000000 0.000000 0.000000 0.000000 0.000000 0.000000 0.000000 0.000000 0.000000 0.000000 0.000000 0.000000 0.000000 0.000000 0.000000 0.000000 0.000000 0.000000 0.000000 0.000000 0.000000 0.000000 0.000000 0.000000 0.000000 0.000000 0.000000 0.000000 0.000000 0.000000 0.000000 0.000000 0.000000 0.000000 0.000000 0.000000 0.000000 0.000000 0.000000 0.000000 0.000000 0.000000 0.000000 0.000000 0.000000 0.000000 0.000000 0.000000 0.000000 0.000000 0.000000 0.000000 0.000000 0.000000 0.000000 0.000000 0.000000 0.000000 0.000000 0.000000 0.000000 0.000000 0.000000 0.000000 0.000000 0.000000 0.000000 0.000000 0.000000 0.000000 0.000000 0.000000 0.000000 0.000000 0.000000 0.000000 0.000000 0.000000 0.000000 0.000000 0.000000 0.000000 0.000000 0.000000 0.000000 0.000000 0.000000 0.000000 0.000000 0.000000 0.000000 0.000000 0.000000 0.000000 0.000000 0.000000 0.000000 0.000000 0.000000 0.000000 0.000000 0.000000 0.000000 0.000000 0.000000 0.000000 0.000000 0.000000 0.000000 0.000000 0.000000 0.000000 0.000000 0.000000 0.000000 0.000000 0.000000 0.000000 0.000000 0.000000 0.000000 0.000000 0.000000 0.000000 0.000000 0.000000 0.000000 0.000000 0.000000 0.000000 0.000000 0.000000 0.000000 0.000000 0.000000 0.000000 0.000000 0.000000 0.000000 0.000000 0.000000 0.000000 0.000000 0.000000 0.000000 0.000000 0.000000 0.000000 0.000000 0.000000 0.000000 0.000000 0.000000 0.000000 0.000000 0.000000 0.000000 0.000000 0.000000 0.000000 0.000000 0.000000 0.000000 0.000000 0.000000 0.000000 0.000000 0.000000 0.000000 0.000000 0.000000 0.000000 0.000000 0.000000 0.000000 0.000000 0.000000 0.000000 0.000000 0.000000 0.000000 0.000000 0.000000 
0.000000 0.000000 0.000000 0.000000 0.000000 0.000000 0.000000 0.000000 0.000000 0.000000 0.000000 0.000000 0.000000 0.000000 0.000000 0.000000 0.000000 0.000000 0.000000 0.000000 0.000000 0.000000 0.000000 0.000000 0.000000 0.000000 0.000000 0.000000 0.000000 0.000000 0.000000 0.000000 0.000000 0.000000 0.000000 0.000000 0.000000 0.000000 0.000000 0.000000 0.000000 0.000000 0.000000 0.000000 0.000000 0.000000 0.000000 0.000000 0.000000 0.000000 0.000000 0.000000 0.000000 0.000000 0.000000 0.000000 0.000000 0.000000 0.000000 0.000000 0.000000 0.000000 0.000000 0.000000 0.000000 0.000000 0.000000 0.000000 0.000000 0.000000 0.000000 0.000000 0.000000 0.000000 0.000000 0.000000 0.000000 0.000000 0.000000 0.000000 0.000000 0.000000 0.000000 0.000000 0.000000 0.000000 0.000000 0.000000 0.000000 0.000000 0.000000 0.000000 0.000000 0.000000 0.000000 0.000000 0.000000 0.000000 0.000000 0.000000 0.000000 0.000000 0.000000 0.000000 0.000000 0.000000 0.000000 0.000000 0.000000 0.000000 0.000000 0.000000 0.000000 0.000000 0.000000 0.000000 0.000000 0.000000 0.000000 0.000000 0.000000 0.000000 0.000000 0.000000 0.000000 0.000000 0.000000 0.000000 0.000000 0.000000 0.000000 0.000000 0.000000 0.000000 0.000000 0.000000 0.000000 0.000000 0.000000 0.000000 0.000000 0.000000 0.000000 0.000000 0.000000 0.000000 0.000000 0.000000 0.000000 0.000000 0.000000 0.000000 0.000000 0.000000 0.000000 0.000000 0.000000 0.000000 0.000000 0.000000 0.000000 0.000000 0.000000 0.000000 0.000000 0.000000 0.000000 0.000000 0.000000 0.000000 0.000000 0.000000 0.000000 0.000000 0.000000 0.000000 0.000000 0.000000 0.000000 0.000000 0.000000 0.000000 0.000000 0.000000 0.000000 0.000000 0.000000 0.000000 0.000000 0.000000 0.000000 0.000000 0.000000 0.000000 0.000000 0.000000 0.000000 0.000000 0.000000 0.000000 0.000000 0.000000 0.000000 0.000000 0.000000 0.000000 0.000000 0.000000 0.000000 0.000000 0.000000 0.000000 0.000000 0.000000 0.000000 0.000000 
0.000000 0.000000 0.000000 0.000000 0.000000 0.000000 0.000000 0.000000 0.000000 0.000000 0.000000 0.000000 0.000000 0.000000 0.000000 0.000000 0.000000 0.000000 0.000000 0.000000 0.000000 0.000000 0.000000 0.000000 0.000000 0.000000 0.000000 0.000000 0.000000 0.000000 0.000000 0.000000 0.000000 0.000000 0.000000 0.000000 0.000000 0.000000 0.000000 0.000000 0.000000 0.000000 0.000000 0.000000 0.000000 0.000000 0.000000 0.000000 0.000000 0.000000 0.000000 0.000000 0.000000 0.000000 0.000000 0.000000 0.000000 0.000000 0.000000 0.000000 0.000000 0.000000 0.000000 0.000000 0.000000 0.000000 0.000000 0.000000 0.000000 0.000000 0.000000 0.000000 0.000000 0.000000 0.000000 0.000000 0.000000 0.000000 0.000000 0.000000 0.000000 0.000000 0.000000 0.000000 0.000000 0.000000 0.000000 0.000000 0.000000 0.000000 0.000000 0.000000 0.000000 0.000000 0.000000 0.000000 0.000000 0.000000 0.000000 0.000000 0.000000 0.000000 0.000000 0.000000 0.000000 0.000000 0.000000 0.000000 0.000000 0.000000 0.000000 0.000000 0.000000 0.000000 0.000000 0.000000 0.000000 0.000000 0.000000 0.000000 0.000000 0.000000 0.000000 0.000000 0.000000 0.000000 0.000000 0.000000 0.000000 0.000000 0.000000 0.000000 0.000000 0.000000 0.000000 0.000000 0.000000 0.000000 0.000000 0.000000 0.000000 0.000000 0.000000 0.000000 0.000000 0.000000 0.000000 0.000000 0.000000 0.000000 0.000000 0.000000 0.000000 0.000000 0.000000 0.000000 0.000000 0.000000 0.000000 0.000000 0.000000 0.000000 0.000000 0.000000 0.000000 0.000000 0.000000 0.000000 0.000000 0.000000 0.000000 0.000000 0.000000 0.000000 0.000000 0.000000 0.000000 0.000000 0.000000 0.000000 0.000000 0.000000 0.000000 0.000000 0.000000 0.000000 0.000000 0.000000 0.000000 0.000000 0.000000 0.000000 0.000000 0.000000 0.000000 0.000000 0.000000 0.000000 0.000000 0.000000 0.000000 0.000000 0.000000 0.000000 0.000000 0.000000 0.000000 0.000000 0.000000 0.000000 0.000000 0.000000 0.000000 0.000000 0.000000 0.000000 
0.000000 0.000000 0.000000 0.000000 0.000000 0.000000 0.000000 0.000000 0.000000 0.000000 0.000000 0.000000 0.000000 0.000000 0.000000 0.000000 0.000000 0.000000 0.000000 0.000000 0.000000 0.000000 0.000000 0.000000 0.000000 0.000000 0.000000 0.000000 0.000000 0.000000 0.000000 0.000000 0.000000 0.000000 0.000000 0.000000 0.000000 0.000000 0.000000 0.000000 0.000000 0.000000 0.000000 0.000000 0.000000 0.000000 0.000000 0.000000 0.000000 0.000000 0.000000 0.000000 0.000000 0.000000 0.000000 0.000000 0.000000 0.000000 0.000000 0.000000 0.000000 0.000000 0.000000 0.000000 0.000000 0.000000 0.000000 0.000000 0.000000 0.000000 0.000000 0.000000 0.000000 0.000000 0.000000 0.000000 0.000000 0.000000 0.000000 0.000000 0.000000 0.000000 0.000000 0.000000 0.000000 0.000000 0.000000 0.000000 0.000000 0.000000 0.000000 0.000000 0.000000 0.000000 0.000000 0.000000 0.000000 0.000000 0.000000 0.000000 0.000000 0.000000 0.000000 0.000000 0.000000 0.000000 0.000000 0.000000 0.000000 0.000000 0.000000 0.000000 0.000000 0.000000 0.000000 0.000000 0.000000 0.000000 0.000000 0.000000 0.000000 0.000000 0.000000 0.000000 0.000000 0.000000 0.000000 0.000000 0.000000 0.000000 0.000000 0.000000 0.000000 0.000000 0.000000 0.000000 0.000000 0.000000 0.000000 0.000000 0.000000 0.000000 0.000000 0.000000 0.000000 0.000000 0.000000 0.000000 0.000000 0.000000 0.000000 0.000000 0.000000 0.000000 0.000000 0.000000 0.000000 0.000000 0.000000 0.000000 0.000000 0.000000 0.000000 0.000000 0.000000 0.000000 0.000000 0.000000 0.000000 0.000000 0.000000 0.000000 0.000000 0.000000 0.000000 0.000000 0.000000 0.000000 0.000000 0.000000 0.000000 0.000000 0.000000 0.000000 0.000000 0.000000 0.000000 0.000000 0.000000 0.000000 0.000000 0.000000 0.000000 0.000000 0.000000 0.000000 0.000000 0.000000 0.000000 0.000000 0.000000 0.000000 0.000000 0.000000 0.000000 0.000000 0.000000 0.000000 0.000000 0.000000 0.000000 0.000000 0.000000 0.000000 0.000000 0.000000 
0.000000 0.000000 0.000000 0.000000 0.000000 0.000000 0.000000 0.000000 0.000000 0.000000 0.000000 0.000000 0.000000 0.000000 0.000000 0.000000 0.000000 0.000000 0.000000 0.000000 0.000000 0.000000 0.000000 0.000000 0.000000 0.000000 0.000000 0.000000 0.000000 0.000000 0.000000 0.000000 0.000000 0.000000 0.000000 0.000000 0.000000 0.000000 0.000000 0.000000 0.000000 0.000000 0.000000 0.000000 0.000000 0.000000 0.000000 0.000000 0.000000 0.000000 0.000000 0.000000 0.000000 0.000000 0.000000 0.000000 0.000000 0.000000 0.000000 0.000000 0.000000 0.000000 0.000000 0.000000 0.000000 0.000000 0.000000 0.000000 0.000000 0.000000 0.000000 0.000000 0.000000 0.000000 0.000000 0.000000 0.000000 0.000000 0.000000 0.000000 0.000000 0.000000 0.000000 0.000000 0.000000 0.000000 0.000000 0.000000 0.000000 0.000000 0.000000 0.000000 0.000000 0.000000 0.000000 0.000000 0.000000 0.000000 0.000000 0.000000 0.000000 0.000000 0.000000 0.000000 0.000000 0.000000 0.000000 0.000000 0.000000 0.000000 0.000000 0.000000 0.000000 0.000000 0.000000 0.000000 0.000000 0.000000 0.000000 0.000000 0.000000 0.000000 0.000000 0.000000 0.000000 0.000000 0.000000 0.000000 0.000000 0.000000 0.000000 0.000000 0.000000 0.000000 0.000000 0.000000 0.000000 0.000000 0.000000 0.000000 0.000000 0.000000 0.000000 0.000000 0.000000 0.000000 0.000000 0.000000 0.000000 0.000000 0.000000 0.000000 0.000000 0.000000 0.000000 0.000000 0.000000 0.000000 0.000000 0.000000 0.000000 0.000000 0.000000 0.000000 0.000000 0.000000 0.000000 0.000000 0.000000 0.000000 0.000000 0.000000 0.000000 0.000000 0.000000 0.000000 0.000000 0.000000 0.000000 0.000000 0.000000 0.000000 0.000000 0.000000 0.000000 0.000000 0.000000 0.000000 0.000000 0.000000 0.000000 0.000000 0.000000 0.000000 0.000000 0.000000 0.000000 0.000000 0.000000 0.000000 0.000000 0.000000 0.000000 0.000000 0.000000 0.000000 0.000000 0.000000 0.000000 0.000000 0.000000 0.000000 0.000000 0.000000 0.000000 0.000000 
0.000000 0.000000 0.000000 0.000000 0.000000 0.000000 0.000000 0.000000 0.000000 0.000000 0.000000 0.000000 0.000000 0.000000 0.000000 0.000000 0.000000 0.000000 0.000000 0.000000 0.000000 0.000000 0.000000 0.000000 0.000000 0.000000 0.000000 0.000000 0.000000 0.000000 0.000000 0.000000 0.000000 0.000000 0.000000 0.000000 0.000000 0.000000 0.000000 0.000000 0.000000 0.000000 0.000000 0.000000 0.000000 0.000000 0.000000 0.000000 0.000000 0.000000 0.000000 0.000000 0.000000 0.000000 0.000000 0.000000 0.000000 0.000000 0.000000 0.000000 0.000000 0.000000 0.000000 0.000000 0.000000 0.000000 0.000000 0.000000 0.000000 0.000000 0.000000 0.000000 0.000000 0.000000 0.000000 0.000000 0.000000 0.000000 0.000000 0.000000 0.000000 0.000000 0.000000 0.000000 0.000000 0.000000 0.000000 0.000000 0.000000 0.000000 0.000000 0.000000 0.000000 0.000000 0.000000 0.000000 0.000000 0.000000 0.000000 0.000000 0.000000 0.000000 0.000000 0.000000 0.000000 0.000000 0.000000 0.000000 0.000000 0.000000 0.000000 0.000000 0.000000 0.000000 0.000000 0.000000 0.000000 0.000000 0.000000 0.000000 0.000000 0.000000 0.000000 0.000000 0.000000 0.000000 0.000000 0.000000 0.000000 0.000000 0.000000 0.000000 0.000000 0.000000 0.000000 0.000000 0.000000 0.000000 0.000000 0.000000 0.000000 0.000000 0.000000 0.000000 0.000000 0.000000 0.000000 0.000000 0.000000 0.000000 0.000000 0.000000 0.000000 0.000000 0.000000 0.000000 0.000000 0.000000 0.000000 0.000000 0.000000 0.000000 0.000000 0.000000 0.000000 0.000000 0.000000 0.000000 0.000000 0.000000 0.000000 0.000000 0.000000 0.000000 0.000000 0.000000 0.000000 0.000000 0.000000 0.000000 0.000000 0.000000 0.000000 0.000000 0.000000 0.000000 0.000000 0.000000 0.000000 0.000000 0.000000 0.000000 0.000000 0.000000 0.000000 0.000000 0.000000 0.000000 0.000000 0.000000 0.000000 0.000000 0.000000 0.000000 0.000000 0.000000 0.000000 0.000000 0.000000 0.000000 0.000000 0.000000 0.000000 0.000000 0.000000 0.000000 
0.000000 0.000000 0.000000 0.000000 0.000000 0.000000 0.000000 0.000000 0.000000 0.000000 0.000000 0.000000 0.000000 0.000000 0.000000 0.000000 0.000000 0.000000 0.000000 0.000000 0.000000 0.000000 0.000000 0.000000 0.000000 0.000000 0.000000 0.000000 0.000000 0.000000 0.000000 0.000000 0.000000 0.000000 0.000000 0.000000 0.000000 0.000000 0.000000 0.000000 0.000000 0.000000 0.000000 0.000000 0.000000 0.000000 0.000000 0.000000 0.000000 0.000000 0.000000 0.000000 0.000000 0.000000 0.000000 0.000000 0.000000 0.000000 0.000000 0.000000 0.000000 0.000000 0.000000 0.000000 0.000000 0.000000 0.000000 0.000000 0.000000 0.000000 0.000000 0.000000 0.000000 0.000000 0.000000 0.000000 0.000000 0.000000 0.000000 0.000000 0.000000 0.000000 0.000000 0.000000 0.000000 0.000000 0.000000 0.000000 0.000000 0.000000 0.000000 0.000000 0.000000 0.000000 0.000000 0.000000 0.000000 0.000000 0.000000 0.000000 0.000000 0.000000 0.000000 0.000000 0.000000 0.000000 0.000000 0.000000 0.000000 0.000000 0.000000 0.000000 0.000000 0.000000 0.000000 0.000000 0.000000 0.000000 0.000000 0.000000 0.000000 0.000000 0.000000 0.000000 0.000000 0.000000 0.000000 0.000000 0.000000 0.000000 0.000000 0.000000 0.000000 0.000000 0.000000 0.000000 0.000000 0.000000 0.000000 0.000000 0.000000 0.000000 0.000000 0.000000 0.000000 0.000000 0.000000 0.000000 0.000000 0.000000 0.000000 0.000000 0.000000 0.000000 0.000000 0.000000 0.000000 0.000000 0.000000 0.000000 0.000000 0.000000 0.000000 0.000000 0.000000 0.000000 0.000000 0.000000 0.000000 0.000000 0.000000 0.000000 0.000000 0.000000 0.000000 0.000000 0.000000 0.000000 0.000000 0.000000 0.000000 0.000000 0.000000 0.000000 0.000000 0.000000 0.000000 0.000000 0.000000 0.000000 0.000000 0.000000 0.000000 0.000000 0.000000 0.000000 0.000000 0.000000 0.000000 0.000000 0.000000 0.000000 0.000000 0.000000 0.000000 0.000000 0.000000 0.000000 0.000000 0.000000 0.000000 0.000000 0.000000 0.000000 0.000000 0.000000 
0.000000 0.000000 0.000000 0.000000 0.000000 0.000000 0.000000 0.000000 0.000000 0.000000 0.000000 0.000000 0.000000 0.000000 0.000000 0.000000 0.000000 0.000000 0.000000 0.000000 0.000000 0.000000 0.000000 0.000000 0.000000 0.000000 0.000000 0.000000 0.000000 0.000000 0.000000 0.000000 0.000000 0.000000 0.000000 0.000000 0.000000 0.000000 0.000000 0.000000 0.000000 0.000000 0.000000 0.000000 0.000000 0.000000 0.000000 0.000000 0.000000 0.000000 0.000000 0.000000 0.000000 0.000000 0.000000 0.000000 0.000000 0.000000 0.000000 0.000000 0.000000 0.000000 0.000000 0.000000 0.000000 0.000000 0.000000 0.000000 0.000000 0.000000 0.000000 0.000000 0.000000 0.000000 0.000000 0.000000 0.000000 0.000000 0.000000 0.000000 0.000000 0.000000 0.000000 0.000000 0.000000 0.000000 0.000000 0.000000 0.000000 0.000000 0.000000 0.000000 0.000000 0.000000 0.000000 0.000000 0.000000 0.000000 0.000000 0.000000 0.000000 0.000000 0.000000 0.000000 0.000000 0.000000 0.000000 0.000000 0.000000 0.000000 0.000000 0.000000 0.000000 0.000000 0.000000 0.000000 0.000000 0.000000 0.000000 0.000000 0.000000 0.000000 0.000000 0.000000 0.000000 0.000000 0.000000 0.000000 0.000000 0.000000 0.000000 0.000000 0.000000 0.000000 0.000000 0.000000 0.000000 0.000000 0.000000 0.000000 0.000000 0.000000 0.000000 0.000000 0.000000 0.000000 0.000000 0.000000 0.000000 0.000000 0.000000 0.000000 0.000000 0.000000 0.000000 0.000000 0.000000 0.000000 0.000000 0.000000 0.000000 0.000000 0.000000 0.000000 0.000000 0.000000 0.000000 0.000000 0.000000 0.000000 0.000000 0.000000 0.000000 0.000000 0.000000 0.000000 0.000000 0.000000 0.000000 0.000000 0.000000 0.000000 0.000000 0.000000 0.000000 0.000000 0.000000 0.000000 0.000000 0.000000 0.000000 0.000000 0.000000 0.000000 0.000000 0.000000 0.000000 0.000000 0.000000 0.000000 0.000000 0.000000 0.000000 0.000000 0.000000 0.000000 0.000000 0.000000 0.000000 0.000000 0.000000 0.000000 0.000000 0.000000 0.000000 0.000000 
0.000000 0.000000 0.000000 0.000000 0.000000 0.000000 0.000000 0.000000 0.000000 0.000000 0.000000 0.000000 0.000000 0.000000 0.000000 0.000000 0.000000 0.000000 0.000000 0.000000 0.000000 0.000000 0.000000 0.000000 0.000000 0.000000 0.000000 0.000000 0.000000 0.000000 0.000000 0.000000 0.000000 0.000000 0.000000 0.000000 0.000000 0.000000 0.000000 0.000000 0.000000 0.000000 0.000000 0.000000 0.000000 0.000000 0.000000 0.000000 0.000000 0.000000 0.000000 0.000000 0.000000 0.000000 0.000000 0.000000 0.000000 0.000000 0.000000 0.000000 0.000000 0.000000 0.000000 0.000000 0.000000 0.000000 0.000000 0.000000 0.000000 0.000000 0.000000 0.000000 0.000000 0.000000 0.000000 0.000000 0.000000 0.000000 0.000000 0.000000 0.000000 0.000000 0.000000 0.000000 0.000000 0.000000 0.000000 0.000000 0.000000 0.000000 0.000000 0.000000 0.000000 0.000000 0.000000 0.000000 0.000000 0.000000 0.000000 0.000000 0.000000 0.000000 0.000000 0.000000 0.000000 0.000000 0.000000 0.000000 0.000000 0.000000 0.000000 0.000000 0.000000 0.000000 0.000000 0.000000 0.000000 0.000000 0.000000 0.000000 0.000000 0.000000 0.000000 0.000000 0.000000 0.000000 0.000000 0.000000 0.000000 0.000000 0.000000 0.000000 0.000000 0.000000 0.000000 0.000000 0.000000 0.000000 0.000000 0.000000 0.000000 0.000000 0.000000 0.000000 0.000000 0.000000 0.000000 0.000000 0.000000 0.000000 0.000000 0.000000 0.000000 0.000000 0.000000 0.000000 0.000000 0.000000 0.000000 0.000000 0.000000 0.000000 0.000000 0.000000 0.000000 0.000000 0.000000 0.000000 0.000000 0.000000 0.000000 0.000000 0.000000 0.000000 0.000000 0.000000 0.000000 0.000000 0.000000 0.000000 0.000000 0.000000 0.000000 0.000000 0.000000 0.000000 0.000000 0.000000 0.000000 0.000000 0.000000 0.000000 0.000000 0.000000 0.000000 0.000000 0.000000 0.000000 0.000000 0.000000 0.000000 0.000000 0.000000 0.000000 0.000000 0.000000 0.000000 0.000000 0.000000 0.000000 0.000000 0.000000 0.000000 0.000000 0.000000 0.000000 
0.000000 0.000000 0.000000 0.000000 0.000000 0.000000 0.000000 0.000000 0.000000 0.000000 0.000000 0.000000 0.000000 0.000000 0.000000 0.000000 0.000000 0.000000 0.000000 0.000000 0.000000 0.000000 0.000000 0.000000 0.000000 0.000000 0.000000 0.000000 0.000000 0.000000 0.000000 0.000000 0.000000 0.000000 0.000000 0.000000 0.000000 0.000000 0.000000 0.000000 0.000000 0.000000 0.000000 0.000000 0.000000 0.000000 0.000000 0.000000 0.000000 0.000000 0.000000 0.000000 0.000000 0.000000 0.000000 0.000000 0.000000 0.000000 0.000000 0.000000 0.000000 0.000000 0.000000 0.000000 0.000000 0.000000 0.000000 0.000000 0.000000 0.000000 0.000000 0.000000 0.000000 0.000000 0.000000 0.000000 0.000000 0.000000 0.000000 0.000000 0.000000 0.000000 0.000000 0.000000 0.000000 0.000000 0.000000 0.000000 0.000000 0.000000 0.000000 0.000000 0.000000 0.000000 0.000000 0.000000 0.000000 0.000000 0.000000 0.000000 0.000000 0.000000 0.000000 0.000000 0.000000 0.000000 0.000000 0.000000 0.000000 0.000000 0.000000 0.000000 0.000000 0.000000 0.000000 0.000000 0.000000 0.000000 0.000000 0.000000 0.000000 0.000000 0.000000 0.000000 0.000000 0.000000 0.000000 0.000000 0.000000 0.000000 0.000000 0.000000 0.000000 0.000000 0.000000 0.000000 0.000000 0.000000 0.000000 0.000000 0.000000 0.000000 0.000000 0.000000 0.000000 0.000000 0.000000 0.000000 0.000000 0.000000 0.000000 0.000000 0.000000 0.000000 0.000000 0.000000 0.000000 0.000000 0.000000 0.000000 0.000000 0.000000 0.000000 0.000000 0.000000 0.000000 0.000000 0.000000 0.000000 0.000000 0.000000 0.000000 0.000000 0.000000 0.000000 0.000000 0.000000 0.000000 0.000000 0.000000 0.000000 0.000000 0.000000 0.000000 0.000000 0.000000 0.000000 0.000000 0.000000 0.000000 0.000000 0.000000 0.000000 0.000000 0.000000 0.000000 0.000000 0.000000 0.000000 0.000000 0.000000 0.000000 0.000000 0.000000 0.000000 0.000000 0.000000 0.000000 0.000000 0.000000 0.000000 0.000000 0.000000 0.000000 0.000000 0.000000 
0.000000 0.000000 0.000000 0.000000 0.000000 0.000000 0.000000 0.000000 0.000000 0.000000 0.000000 0.000000 0.000000 0.000000 0.000000 0.000000 0.000000 0.000000 0.000000 0.000000 0.000000 0.000000 0.000000 0.000000 0.000000 0.000000 0.000000 0.000000 0.000000 0.000000 0.000000 0.000000 0.000000 0.000000 0.000000 0.000000 0.000000 0.000000 0.000000 0.000000 0.000000 0.000000 0.000000 0.000000 0.000000 0.000000 0.000000 0.000000 0.000000 0.000000 0.000000 0.000000 0.000000 0.000000 0.000000 0.000000 0.000000 0.000000 0.000000 0.000000 0.000000 0.000000 0.000000 0.000000 0.000000 0.000000 0.000000 0.000000 0.000000 0.000000 0.000000 0.000000 0.000000 0.000000 0.000000 0.000000 0.000000 0.000000 0.000000 0.000000 0.000000 0.000000 0.000000 0.000000 0.000000 0.000000 0.000000 0.000000 0.000000 0.000000 0.000000 0.000000 0.000000 0.000000 0.000000 0.000000 0.000000 0.000000 0.000000 0.000000 0.000000 0.000000 0.000000 0.000000 0.000000 0.000000 0.000000 0.000000 0.000000 0.000000 0.000000 0.000000 0.000000 0.000000 0.000000 0.000000 0.000000 0.000000 0.000000 0.000000 0.000000 0.000000 0.000000 0.000000 0.000000 0.000000 0.000000 0.000000 0.000000 0.000000 0.000000 0.000000 0.000000 0.000000 0.000000 0.000000 0.000000 0.000000 0.000000 0.000000 0.000000 0.000000 0.000000 0.000000 0.000000 0.000000 0.000000 0.000000 0.000000 0.000000 0.000000 0.000000 0.000000 0.000000 0.000000 0.000000 0.000000 0.000000 0.000000 0.000000 0.000000 0.000000 0.000000 0.000000 0.000000 0.000000 0.000000 0.000000 0.000000 0.000000 0.000000 0.000000 0.000000 0.000000 0.000000 0.000000 0.000000 0.000000 0.000000 0.000000 0.000000 0.000000 0.000000 0.000000 0.000000 0.000000 0.000000 0.000000 0.000000 0.000000 0.000000 0.000000 0.000000 0.000000 0.000000 0.000000 0.000000 0.000000 0.000000 0.000000 0.000000 0.000000 0.000000 0.000000 0.000000 0.000000 0.000000 0.000000 0.000000 0.000000 0.000000 0.000000 0.000000 0.000000 0.000000 0.000000 
0.000000 0.000000 0.000000 0.000000 0.000000 0.000000 0.000000 0.000000 0.000000 0.000000 0.000000 0.000000 0.000000 0.000000 0.000000 0.000000 0.000000 0.000000 0.000000 0.000000 0.000000 0.000000 0.000000 0.000000 0.000000 0.000000 0.000000 0.000000 0.000000 0.000000 0.000000 0.000000 0.000000 0.000000 0.000000 0.000000 0.000000 0.000000 0.000000 0.000000 0.000000 0.000000 0.000000 0.000000 0.000000 0.000000 0.000000 0.000000 0.000000 0.000000 0.000000 0.000000 0.000000 0.000000 0.000000 0.000000 0.000000 0.000000 0.000000 0.000000 0.000000 0.000000 0.000000 0.000000 0.000000 0.000000 0.000000 0.000000 0.000000 0.000000 0.000000 0.000000 0.000000 0.000000 0.000000 0.000000 0.000000 0.000000 0.000000 0.000000 0.000000 0.000000 0.000000 0.000000 0.000000 0.000000 0.000000 0.000000 0.000000 0.000000 0.000000 0.000000 0.000000 0.000000 0.000000 0.000000 0.000000 0.000000 0.000000 0.000000 0.000000 0.000000 0.000000 0.000000 0.000000 0.000000 0.000000 0.000000 0.000000 0.000000 0.000000 0.000000 0.000000 0.000000 0.000000 0.000000 0.000000 0.000000 0.000000 0.000000 0.000000 0.000000 0.000000 0.000000 0.000000 0.000000 0.000000 0.000000 0.000000 0.000000 0.000000 0.000000 0.000000 0.000000 0.000000 0.000000 0.000000 0.000000 0.000000 0.000000 0.000000 0.000000 0.000000 0.000000 0.000000 0.000000 0.000000 0.000000 0.000000 0.000000 0.000000 0.000000 0.000000 0.000000 0.000000 0.000000 0.000000 0.000000 0.000000 0.000000 0.000000 0.000000 0.000000 0.000000 0.000000 0.000000 0.000000 0.000000 0.000000 0.000000 0.000000 0.000000 0.000000 0.000000 0.000000 0.000000 0.000000 0.000000 0.000000 0.000000 0.000000 0.000000 0.000000 0.000000 0.000000 0.000000 0.000000 0.000000 0.000000 0.000000 0.000000 0.000000 0.000000 0.000000 0.000000 0.000000 0.000000 0.000000 0.000000 0.000000 0.000000 0.000000 0.000000 0.000000 0.000000 0.000000 0.000000 0.000000 0.000000 0.000000 0.000000 0.000000 0.000000 0.000000 0.000000 0.000000 
0.000000 0.000000 0.000000 0.000000 0.000000 0.000000 0.000000 0.000000 0.000000 0.000000 0.000000 0.000000 0.000000 0.000000 0.000000 0.000000 0.000000 0.000000 0.000000 0.000000 0.000000 0.000000 0.000000 0.000000 0.000000 0.000000 0.000000 0.000000 0.000000 0.000000 0.000000 0.000000 0.000000 0.000000 0.000000 0.000000 0.000000 0.000000 0.000000 0.000000 0.000000 0.000000 0.000000 0.000000 0.000000 0.000000 0.000000 0.000000 0.000000 0.000000 0.000000 0.000000 0.000000 0.000000 0.000000 0.000000 0.000000 0.000000 0.000000 0.000000 0.000000 0.000000 0.000000 0.000000 0.000000 0.000000 0.000000 0.000000 0.000000 0.000000 0.000000 0.000000 0.000000 0.000000 0.000000 0.000000 0.000000 0.000000 0.000000 0.000000 0.000000 0.000000 0.000000 0.000000 0.000000 0.000000 0.000000 0.000000 0.000000 0.000000 0.000000 0.000000 0.000000 0.000000 0.000000 0.000000 0.000000 0.000000 0.000000 0.000000 0.000000 0.000000 0.000000 0.000000 0.000000 0.000000 0.000000 0.000000 0.000000 0.000000 0.000000 0.000000 0.000000 0.000000 0.000000 0.000000 0.000000 0.000000 0.000000 0.000000 0.000000 0.000000 0.000000 0.000000 0.000000 0.000000 0.000000 0.000000 0.000000 0.000000 0.000000 0.000000 0.000000 0.000000 0.000000 0.000000 0.000000 0.000000 0.000000 0.000000 0.000000 0.000000 0.000000 0.000000 0.000000 0.000000 0.000000 0.000000 0.000000 0.000000 0.000000 0.000000 0.000000 0.000000 0.000000 0.000000 0.000000 0.000000 0.000000 0.000000 0.000000 0.000000 0.000000 0.000000 0.000000 0.000000 0.000000 0.000000 0.000000 0.000000 0.000000 0.000000 0.000000 0.000000 0.000000 0.000000 0.000000 0.000000 0.000000 0.000000 0.000000 0.000000 0.000000 0.000000 0.000000 0.000000 0.000000 0.000000 0.000000 0.000000 0.000000 0.000000 0.000000 0.000000 0.000000 0.000000 0.000000 0.000000 0.000000 0.000000 0.000000 0.000000 0.000000 0.000000 0.000000 0.000000 0.000000 0.000000 0.000000 0.000000 0.000000 0.000000 0.000000 0.000000 0.000000 0.000000 
0.000000 0.000000 0.000000 0.000000 0.000000 0.000000 0.000000 0.000000 0.000000 0.000000 0.000000 0.000000 0.000000 0.000000 0.000000 0.000000 0.000000 0.000000 0.000000 0.000000 0.000000 0.000000 0.000000 0.000000 0.000000 0.000000 0.000000 0.000000 0.000000 0.000000 0.000000 0.000000 0.000000 0.000000 0.000000 0.000000 0.000000 0.000000 0.000000 0.000000 0.000000 0.000000 0.000000 0.000000 0.000000 0.000000 0.000000 0.000000 0.000000 0.000000 0.000000 0.000000 0.000000 0.000000 0.000000 0.000000 0.000000 0.000000 0.000000 0.000000 0.000000 0.000000 0.000000 0.000000 0.000000 0.000000 0.000000 0.000000 0.000000 0.000000 0.000000 0.000000 0.000000 0.000000 0.000000 0.000000 0.000000 0.000000 0.000000 0.000000 0.000000 0.000000 0.000000 0.000000 0.000000 0.000000 0.000000 0.000000 0.000000 0.000000 0.000000 0.000000 0.000000 0.000000 0.000000 0.000000 0.000000 0.000000 0.000000 0.000000 0.000000 0.000000 0.000000 0.000000 0.000000 0.000000 0.000000 0.000000 0.000000 0.000000 0.000000 0.000000 0.000000 0.000000 0.000000 0.000000 0.000000 0.000000 0.000000 0.000000 0.000000 0.000000 0.000000 0.000000 0.000000 0.000000 0.000000 0.000000 0.000000 0.000000 0.000000 0.000000 0.000000 0.000000 0.000000 0.000000 0.000000 0.000000 0.000000 0.000000 0.000000 0.000000 0.000000 0.000000 0.000000 0.000000 0.000000 0.000000 0.000000 0.000000 0.000000 0.000000 0.000000 0.000000 0.000000 0.000000 0.000000 0.000000 0.000000 0.000000 0.000000 0.000000 0.000000 0.000000 0.000000 0.000000 0.000000 0.000000 0.000000 0.000000 0.000000 0.000000 0.000000 0.000000 0.000000 0.000000 0.000000 0.000000 0.000000 0.000000 0.000000 0.000000 0.000000 0.000000 0.000000 0.000000 0.000000 0.000000 0.000000 0.000000 0.000000 0.000000 0.000000 0.000000 0.000000 0.000000 0.000000 0.000000 0.000000 0.000000 0.000000 0.000000 0.000000 0.000000 0.000000 0.000000 0.000000 0.000000 0.000000 0.000000 0.000000 0.000000 0.000000 0.000000 0.000000 0.000000 
0.000000 0.000000 0.000000 0.000000 0.000000 0.000000 0.000000 0.000000 0.000000 0.000000 0.000000 0.000000 0.000000 0.000000 0.000000 0.000000 0.000000 0.000000 0.000000 0.000000 0.000000 0.000000 0.000000 0.000000 0.000000 0.000000 0.000000 0.000000 0.000000 0.000000 0.000000 0.000000 0.000000 0.000000 0.000000 0.000000 0.000000 0.000000 0.000000 0.000000 0.000000 0.000000 0.000000 0.000000 0.000000 0.000000 0.000000 0.000000 0.000000 0.000000 0.000000 0.000000 0.000000 0.000000 0.000000 0.000000 0.000000 0.000000 0.000000 0.000000 0.000000 0.000000 0.000000 0.000000 0.000000 0.000000 0.000000 0.000000 0.000000 0.000000 0.000000 0.000000 0.000000 0.000000 0.000000 0.000000 0.000000 0.000000 0.000000 0.000000 0.000000 0.000000 0.000000 0.000000 0.000000 0.000000 0.000000 0.000000 0.000000 0.000000 0.000000 0.000000 0.000000 0.000000 0.000000 0.000000 0.000000 0.000000 0.000000 0.000000 0.000000 0.000000 0.000000 0.000000 0.000000 0.000000 0.000000 0.000000 0.000000 0.000000 0.000000 0.000000 0.000000 0.000000 0.000000 0.000000 0.000000 0.000000 0.000000 0.000000 0.000000 0.000000 0.000000 0.000000 0.000000 0.000000 0.000000 0.000000 0.000000 0.000000 0.000000 0.000000 0.000000 0.000000 0.000000 0.000000 0.000000 0.000000 0.000000 0.000000 0.000000 0.000000 0.000000 0.000000 0.000000 0.000000 0.000000 0.000000 0.000000 0.000000 0.000000 0.000000 0.000000 0.000000 0.000000 0.000000 0.000000 0.000000 0.000000 0.000000 0.000000 0.000000 0.000000 0.000000 0.000000 0.000000 0.000000 0.000000 0.000000 0.000000 0.000000 0.000000 0.000000 0.000000 0.000000 0.000000 0.000000 0.000000 0.000000 0.000000 0.000000 0.000000 0.000000 0.000000 0.000000 0.000000 0.000000 0.000000 0.000000 0.000000 0.000000 0.000000 0.000000 0.000000 0.000000 0.000000 0.000000 0.000000 0.000000 0.000000 0.000000 0.000000 0.000000 0.000000 0.000000 0.000000 0.000000 0.000000 0.000000 0.000000 0.000000 0.000000 0.000000 0.000000 0.000000 0.000000 
0.000000 0.000000 0.000000 0.000000 0.000000 0.000000 0.000000 0.000000 0.000000 0.000000 0.000000 0.000000 0.000000 0.000000 0.000000 0.000000 0.000000 0.000000 0.000000 0.000000 0.000000 0.000000 0.000000 0.000000 0.000000 0.000000 0.000000 0.000000 0.000000 0.000000 0.000000 0.000000 0.000000 0.000000 0.000000 0.000000 0.000000 0.000000 0.000000 0.000000 0.000000 0.000000 0.000000 0.000000 0.000000 0.000000 0.000000 0.000000 0.000000 0.000000 0.000000 0.000000 0.000000 0.000000 0.000000 0.000000 0.000000 0.000000 0.000000 0.000000 0.000000 0.000000 0.000000 0.000000 0.000000 0.000000 0.000000 0.000000 0.000000 0.000000 0.000000 0.000000 0.000000 0.000000 0.000000 0.000000 0.000000 0.000000 0.000000 0.000000 0.000000 0.000000 0.000000 0.000000 0.000000 0.000000 0.000000 0.000000 0.000000 0.000000 0.000000 0.000000 0.000000 0.000000 0.000000 0.000000 0.000000 0.000000 0.000000 0.000000 0.000000 0.000000 0.000000 0.000000 0.000000 0.000000 0.000000 0.000000 0.000000 0.000000 0.000000 0.000000 0.000000 0.000000 0.000000 0.000000 0.000000 0.000000 0.000000 0.000000 0.000000 0.000000 0.000000 0.000000 0.000000 0.000000 0.000000 0.000000 0.000000 0.000000 0.000000 0.000000 0.000000 0.000000 0.000000 0.000000 0.000000 0.000000 0.000000 0.000000 0.000000 0.000000 0.000000 0.000000 0.000000 0.000000 0.000000 0.000000 0.000000 0.000000 0.000000 0.000000 0.000000 0.000000 0.000000 0.000000 0.000000 0.000000 0.000000 0.000000 0.000000 0.000000 0.000000 0.000000 0.000000 0.000000 0.000000 0.000000 0.000000 0.000000 0.000000 0.000000 0.000000 0.000000 0.000000 0.000000 0.000000 0.000000 0.000000 0.000000 0.000000 0.000000 0.000000 0.000000 0.000000 0.000000 0.000000 0.000000 0.000000 0.000000 0.000000 0.000000 0.000000 0.000000 0.000000 0.000000 0.000000 0.000000 0.000000 0.000000 0.000000 0.000000 0.000000 0.000000 0.000000 0.000000 0.000000 0.000000 0.000000 0.000000 0.000000 0.000000 0.000000 0.000000 0.000000 0.000000 
0.000000 0.000000 0.000000 0.000000 0.000000 0.000000 0.000000 0.000000 0.000000 0.000000 0.000000 0.000000 0.000000 0.000000 0.000000 0.000000 0.000000 0.000000 0.000000 0.000000 0.000000 0.000000 0.000000 0.000000 0.000000 0.000000 0.000000 0.000000 0.000000 0.000000 0.000000 0.000000 0.000000 0.000000 0.000000 0.000000 0.000000 0.000000 0.000000 0.000000 0.000000 0.000000 0.000000 0.000000 0.000000 0.000000 0.000000 0.000000 0.000000 0.000000 0.000000 0.000000 0.000000 0.000000 0.000000 0.000000 0.000000 0.000000 0.000000 0.000000 0.000000 0.000000 0.000000 0.000000 0.000000 0.000000 0.000000 0.000000 0.000000 0.000000 0.000000 0.000000 0.000000 0.000000 0.000000 0.000000 0.000000 0.000000 0.000000 0.000000 0.000000 0.000000 0.000000 0.000000 0.000000 0.000000 0.000000 0.000000 0.000000 0.000000 0.000000 0.000000 0.000000 0.000000 0.000000 0.000000 0.000000 0.000000 0.000000 0.000000 0.000000 0.000000 0.000000 0.000000 0.000000 0.000000 0.000000 0.000000 0.000000 0.000000 0.000000 0.000000 0.000000 0.000000 0.000000 0.000000 0.000000 0.000000 0.000000 0.000000 0.000000 0.000000 0.000000 0.000000 0.000000 0.000000 0.000000 0.000000 0.000000 0.000000 0.000000 0.000000 0.000000 0.000000 0.000000 0.000000 0.000000 0.000000 0.000000 0.000000 0.000000 0.000000 0.000000 0.000000 0.000000 0.000000 0.000000 0.000000 0.000000 0.000000 0.000000 0.000000 0.000000 0.000000 0.000000 0.000000 0.000000 0.000000 0.000000 0.000000 0.000000 0.000000 0.000000 0.000000 0.000000 0.000000 0.000000 0.000000 0.000000 0.000000 0.000000 0.000000 0.000000 0.000000 0.000000 0.000000 0.000000 0.000000 0.000000 0.000000 0.000000 0.000000 0.000000 0.000000 0.000000 0.000000 0.000000 0.000000 0.000000 0.000000 0.000000 0.000000 0.000000 0.000000 0.000000 0.000000 0.000000 0.000000 0.000000 0.000000 0.000000 0.000000 0.000000 0.000000 0.000000 0.000000 0.000000 0.000000 0.000000 0.000000 0.000000 0.000000 0.000000 0.000000 0.000000 0.000000 
0.000000 0.000000 0.000000 0.000000 0.000000 0.000000 0.000000 0.000000 0.000000 0.000000 0.000000 0.000000 0.000000 0.000000 0.000000 0.000000 0.000000 0.000000 0.000000 0.000000 0.000000 0.000000 0.000000 0.000000 0.000000 0.000000 0.000000 0.000000 0.000000 0.000000 0.000000 0.000000 0.000000 0.000000 0.000000 0.000000 0.000000 0.000000 0.000000 0.000000 0.000000 0.000000 0.000000 0.000000 0.000000 0.000000 0.000000 0.000000 0.000000 0.000000 0.000000 0.000000 0.000000 0.000000 0.000000 0.000000 0.000000 0.000000 0.000000 0.000000 0.000000 0.000000 0.000000 0.000000 0.000000 0.000000 0.000000 0.000000 0.000000 0.000000 0.000000 0.000000 0.000000 0.000000 0.000000 0.000000 0.000000 0.000000 0.000000 0.000000 0.000000 0.000000 0.000000 0.000000 0.000000 0.000000 0.000000 0.000000 0.000000 0.000000 0.000000 0.000000 0.000000 0.000000 0.000000 0.000000 0.000000 0.000000 0.000000 0.000000 0.000000 0.000000 0.000000 0.000000 0.000000 0.000000 0.000000 0.000000 0.000000 0.000000 0.000000 0.000000 0.000000 0.000000 0.000000 0.000000 0.000000 0.000000 0.000000 0.000000 0.000000 0.000000 0.000000 0.000000 0.000000 0.000000 0.000000 0.000000 0.000000 0.000000 0.000000 0.000000 0.000000 0.000000 0.000000 0.000000 0.000000 0.000000 0.000000 0.000000 0.000000 0.000000 0.000000 0.000000 0.000000 0.000000 0.000000 0.000000 0.000000 0.000000 0.000000 0.000000 0.000000 0.000000 0.000000 0.000000 0.000000 0.000000 0.000000 0.000000 0.000000 0.000000 0.000000 0.000000 0.000000 0.000000 0.000000 0.000000 0.000000 0.000000 0.000000 0.000000 0.000000 0.000000 0.000000 0.000000 0.000000 0.000000 0.000000 0.000000 0.000000 0.000000 0.000000 0.000000 0.000000 0.000000 0.000000 0.000000 0.000000 0.000000 0.000000 0.000000 0.000000 0.000000 0.000000 0.000000 0.000000 0.000000 0.000000 0.000000 0.000000 0.000000 0.000000 0.000000 0.000000 0.000000 0.000000 0.000000 0.000000 0.000000 0.000000 0.000000 0.000000 0.000000 0.000000 0.000000 
0.000000 0.000000 0.000000 0.000000 0.000000 0.000000 0.000000 0.000000 0.000000 0.000000 0.000000 0.000000 0.000000 0.000000 0.000000 0.000000 0.000000 0.000000 0.000000 0.000000 0.000000 0.000000 0.000000 0.000000 0.000000 0.000000 0.000000 0.000000 0.000000 0.000000 0.000000 0.000000 0.000000 0.000000 0.000000 0.000000 0.000000 0.000000 0.000000 0.000000 0.000000 0.000000 0.000000 0.000000 0.000000 0.000000 0.000000 0.000000 0.000000 0.000000 0.000000 0.000000 0.000000 0.000000 0.000000 0.000000 0.000000 0.000000 0.000000 0.000000 0.000000 0.000000 0.000000 0.000000 0.000000 0.000000 0.000000 0.000000 0.000000 0.000000 0.000000 0.000000 0.000000 0.000000 0.000000 0.000000 0.000000 0.000000 0.000000 0.000000 0.000000 0.000000 0.000000 0.000000 0.000000 0.000000 0.000000 0.000000 0.000000 0.000000 0.000000 0.000000 0.000000 0.000000 0.000000 0.000000 0.000000 0.000000 0.000000 0.000000 0.000000 0.000000 0.000000 0.000000 0.000000 0.000000 0.000000 0.000000 0.000000 0.000000 0.000000 0.000000 0.000000 0.000000 0.000000 0.000000 0.000000 0.000000 0.000000 0.000000 0.000000 0.000000 0.000000 0.000000 0.000000 0.000000 0.000000 0.000000 0.000000 0.000000 0.000000 0.000000 0.000000 0.000000 0.000000 0.000000 0.000000 0.000000 0.000000 0.000000 0.000000 0.000000 0.000000 0.000000 0.000000 0.000000 0.000000 0.000000 0.000000 0.000000 0.000000 0.000000 0.000000 0.000000 0.000000 0.000000 0.000000 0.000000 0.000000 0.000000 0.000000 0.000000 0.000000 0.000000 0.000000 0.000000 0.000000 0.000000 0.000000 0.000000 0.000000 0.000000 0.000000 0.000000 0.000000 0.000000 0.000000 0.000000 0.000000 0.000000 0.000000 0.000000 0.000000 0.000000 0.000000 0.000000 0.000000 0.000000 0.000000 0.000000 0.000000 0.000000 0.000000 0.000000 0.000000 0.000000 0.000000 0.000000 0.000000 0.000000 0.000000 0.000000 0.000000 0.000000 0.000000 0.000000 0.000000 0.000000 0.000000 0.000000 0.000000 0.000000 0.000000 0.000000 0.000000 0.000000 
0.000000 0.000000 0.000000 0.000000 0.000000 0.000000 0.000000 0.000000 0.000000 0.000000 0.000000 0.000000 0.000000 0.000000 0.000000 0.000000 0.000000 0.000000 0.000000 0.000000 0.000000 0.000000 0.000000 0.000000 0.000000 0.000000 0.000000 0.000000 0.000000 0.000000 0.000000 0.000000 0.000000 0.000000 0.000000 0.000000 0.000000 0.000000 0.000000 0.000000 0.000000 0.000000 0.000000 0.000000 0.000000 0.000000 0.000000 0.000000 0.000000 0.000000 0.000000 0.000000 0.000000 0.000000 0.000000 0.000000 0.000000 0.000000 0.000000 0.000000 0.000000 0.000000 0.000000 0.000000 0.000000 0.000000 0.000000 0.000000 0.000000 0.000000 0.000000 0.000000 0.000000 0.000000 0.000000 0.000000 0.000000 0.000000 0.000000 0.000000 0.000000 0.000000 0.000000 0.000000 0.000000 0.000000 0.000000 0.000000 0.000000 0.000000 0.000000 0.000000 0.000000 0.000000 0.000000 0.000000 0.000000 0.000000 0.000000 0.000000 0.000000 0.000000 0.000000 0.000000 0.000000 0.000000 0.000000 0.000000 0.000000 0.000000 0.000000 0.000000 0.000000 0.000000 0.000000 0.000000 0.000000 0.000000 0.000000 0.000000 0.000000 0.000000 0.000000 0.000000 0.000000 0.000000 0.000000 0.000000 0.000000 0.000000 0.000000 0.000000 0.000000 0.000000 0.000000 0.000000 0.000000 0.000000 0.000000 0.000000 0.000000 0.000000 0.000000 0.000000 0.000000 0.000000 0.000000 0.000000 0.000000 0.000000 0.000000 0.000000 0.000000 0.000000 0.000000 0.000000 0.000000 0.000000 0.000000 0.000000 0.000000 0.000000 0.000000 0.000000 0.000000 0.000000 0.000000 0.000000 0.000000 0.000000 0.000000 0.000000 0.000000 0.000000 0.000000 0.000000 0.000000 0.000000 0.000000 0.000000 0.000000 0.000000 0.000000 0.000000 0.000000 0.000000 0.000000 0.000000 0.000000 0.000000 0.000000 0.000000 0.000000 0.000000 0.000000 0.000000 0.000000 0.000000 0.000000 0.000000 0.000000 0.000000 0.000000 0.000000 0.000000 0.000000 0.000000 0.000000 0.000000 0.000000 0.000000 0.000000 0.000000 0.000000 0.000000 0.000000 
0.000000 0.000000 0.000000 0.000000 0.000000 0.000000 0.000000 0.000000 0.000000 0.000000 0.000000 0.000000 0.000000 0.000000 0.000000 0.000000 0.000000 0.000000 0.000000 0.000000 0.000000 0.000000 0.000000 0.000000 0.000000 0.000000 0.000000 0.000000 0.000000 0.000000 0.000000 0.000000 0.000000 0.000000 0.000000 0.000000 0.000000 0.000000 0.000000 0.000000 0.000000 0.000000 0.000000 0.000000 0.000000 0.000000 0.000000 0.000000 0.000000 0.000000 0.000000 0.000000 0.000000 0.000000 0.000000 0.000000 0.000000 0.000000 0.000000 0.000000 0.000000 0.000000 0.000000 0.000000 0.000000 0.000000 0.000000 0.000000 0.000000 0.000000 0.000000 0.000000 0.000000 0.000000 0.000000 0.000000 0.000000 0.000000 0.000000 0.000000 0.000000 0.000000 0.000000 0.000000 0.000000 0.000000 0.000000 0.000000 0.000000 0.000000 0.000000 0.000000 0.000000 0.000000 0.000000 0.000000 0.000000 0.000000 0.000000 0.000000 0.000000 0.000000 0.000000 0.000000 0.000000 0.000000 0.000000 0.000000 0.000000 0.000000 0.000000 0.000000 0.000000 0.000000 0.000000 0.000000 0.000000 0.000000 0.000000 0.000000 0.000000 0.000000 0.000000 0.000000 0.000000 0.000000 0.000000 0.000000 0.000000 0.000000 0.000000 0.000000 0.000000 0.000000 0.000000 0.000000 0.000000 0.000000 0.000000 0.000000 0.000000 0.000000 0.000000 0.000000 0.000000 0.000000 0.000000 0.000000 0.000000 0.000000 0.000000 0.000000 0.000000 0.000000 0.000000 0.000000 0.000000 0.000000 0.000000 0.000000 0.000000 0.000000 0.000000 0.000000 0.000000 0.000000 0.000000 0.000000 0.000000 0.000000 0.000000 0.000000 0.000000 0.000000 0.000000 0.000000 0.000000 0.000000 0.000000 0.000000 0.000000 0.000000 0.000000 0.000000 0.000000 0.000000 0.000000 0.000000 0.000000 0.000000 0.000000 0.000000 0.000000 0.000000 0.000000 0.000000 0.000000 0.000000 0.000000 0.000000 0.000000 0.000000 0.000000 0.000000 0.000000 0.000000 0.000000 0.000000 0.000000 0.000000 0.000000 0.000000 0.000000 0.000000 0.000000 0.000000 
0.000000 0.000000 0.000000 0.000000 0.000000 0.000000 0.000000 0.000000 0.000000 0.000000 0.000000 0.000000 0.000000 0.000000 0.000000 0.000000 0.000000 0.000000 0.000000 0.000000 0.000000 0.000000 0.000000 0.000000 0.000000 0.000000 0.000000 0.000000 0.000000 0.000000 0.000000 0.000000 0.000000 0.000000 0.000000 0.000000 0.000000 0.000000 0.000000 0.000000 0.000000 0.000000 0.000000 0.000000 0.000000 0.000000 0.000000 0.000000 0.000000 0.000000 0.000000 0.000000 0.000000 0.000000 0.000000 0.000000 0.000000 0.000000 0.000000 0.000000 0.000000 0.000000 0.000000 0.000000 0.000000 0.000000 0.000000 0.000000 0.000000 0.000000 0.000000 0.000000 0.000000 0.000000 0.000000 0.000000 0.000000 0.000000 0.000000 0.000000 0.000000 0.000000 0.000000 0.000000 0.000000 0.000000 0.000000 0.000000 0.000000 0.000000 0.000000 0.000000 0.000000 0.000000 0.000000 0.000000 0.000000 0.000000 0.000000 0.000000 0.000000 0.000000 0.000000 0.000000 0.000000 0.000000 0.000000 0.000000 0.000000 0.000000 0.000000 0.000000 0.000000 0.000000 0.000000 0.000000 0.000000 0.000000 0.000000 0.000000 0.000000 0.000000 0.000000 0.000000 0.000000 0.000000 0.000000 0.000000 0.000000 0.000000 0.000000 0.000000 0.000000 0.000000 0.000000 0.000000 0.000000 0.000000 0.000000 0.000000 0.000000 0.000000 0.000000 0.000000 0.000000 0.000000 0.000000 0.000000 0.000000 0.000000 0.000000 0.000000 0.000000 0.000000 0.000000 0.000000 0.000000 0.000000 0.000000 0.000000 0.000000 0.000000 0.000000 0.000000 0.000000 0.000000 0.000000 0.000000 0.000000 0.000000 0.000000 0.000000 0.000000 0.000000 0.000000 0.000000 0.000000 0.000000 0.000000 0.000000 0.000000 0.000000 0.000000 0.000000 0.000000 0.000000 0.000000 0.000000 0.000000 0.000000 0.000000 0.000000 0.000000 0.000000 0.000000 0.000000 0.000000 0.000000 0.000000 0.000000 0.000000 0.000000 0.000000 0.000000 0.000000 0.000000 0.000000 0.000000 0.000000 0.000000 0.000000 0.000000 0.000000 0.000000 0.000000 0.000000 
0.000000 0.000000 0.000000 0.000000 0.000000 0.000000 0.000000 0.000000 0.000000 0.000000 0.000000 0.000000 0.000000 0.000000 0.000000 0.000000 0.000000 0.000000 0.000000 0.000000 0.000000 0.000000 0.000000 0.000000 0.000000 0.000000 0.000000 0.000000 0.000000 0.000000 0.000000 0.000000 0.000000 0.000000 0.000000 0.000000 0.000000 0.000000 0.000000 0.000000 0.000000 0.000000 0.000000 0.000000 0.000000 0.000000 0.000000 0.000000 0.000000 0.000000 0.000000 0.000000 0.000000 0.000000 0.000000 0.000000 0.000000 0.000000 0.000000 0.000000 0.000000 0.000000 0.000000 0.000000 0.000000 0.000000 0.000000 0.000000 0.000000 0.000000 0.000000 0.000000 0.000000 0.000000 0.000000 0.000000 0.000000 0.000000 0.000000 0.000000 0.000000 0.000000 0.000000 0.000000 0.000000 0.000000 0.000000 0.000000 0.000000 0.000000 0.000000 0.000000 0.000000 0.000000 0.000000 0.000000 0.000000 0.000000 0.000000 0.000000 0.000000 0.000000 0.000000 0.000000 0.000000 0.000000 0.000000 0.000000 0.000000 0.000000 0.000000 0.000000 0.000000 0.000000 0.000000 0.000000 0.000000 0.000000 0.000000 0.000000 0.000000 0.000000 0.000000 0.000000 0.000000 0.000000 0.000000 0.000000 0.000000 0.000000 0.000000 0.000000 0.000000 0.000000 0.000000 0.000000 0.000000 0.000000 0.000000 0.000000 0.000000 0.000000 0.000000 0.000000 0.000000 0.000000 0.000000 0.000000 0.000000 0.000000 0.000000 0.000000 0.000000 0.000000 0.000000 0.000000 0.000000 0.000000 0.000000 0.000000 0.000000 0.000000 0.000000 0.000000 0.000000 0.000000 0.000000 0.000000 0.000000 0.000000 0.000000 0.000000 0.000000 0.000000 0.000000 0.000000 0.000000 0.000000 0.000000 0.000000 0.000000 0.000000 0.000000 0.000000 0.000000 0.000000 0.000000 0.000000 0.000000 0.000000 0.000000 0.000000 0.000000 0.000000 0.000000 0.000000 0.000000 0.000000 0.000000 0.000000 0.000000 0.000000 0.000000 0.000000 0.000000 0.000000 0.000000 0.000000 0.000000 0.000000 0.000000 0.000000 0.000000 0.000000 0.000000 0.000000 
0.000000 0.000000 0.000000 0.000000 0.000000 0.000000 0.000000 0.000000 0.000000 0.000000 0.000000 0.000000 0.000000 0.000000 0.000000 0.000000 0.000000 0.000000 0.000000 0.000000 0.000000 0.000000 0.000000 0.000000 0.000000 0.000000 0.000000 0.000000 0.000000 0.000000 0.000000 0.000000 0.000000 0.000000 0.000000 0.000000 0.000000 0.000000 0.000000 0.000000 0.000000 0.000000 0.000000 0.000000 0.000000 0.000000 0.000000 0.000000 0.000000 0.000000 0.000000 0.000000 0.000000 0.000000 0.000000 0.000000 0.000000 0.000000 0.000000 0.000000 0.000000 0.000000 0.000000 0.000000 0.000000 0.000000 0.000000 0.000000 0.000000 0.000000 0.000000 0.000000 0.000000 0.000000 0.000000 0.000000 0.000000 0.000000 0.000000 0.000000 0.000000 0.000000 0.000000 0.000000 0.000000 0.000000 0.000000 0.000000 0.000000 0.000000 0.000000 0.000000 0.000000 0.000000 0.000000 0.000000 0.000000 0.000000 0.000000 0.000000 0.000000 0.000000 0.000000 0.000000 0.000000 0.000000 0.000000 0.000000 0.000000 0.000000 0.000000 0.000000 0.000000 0.000000 0.000000 0.000000 0.000000 0.000000 0.000000 0.000000 0.000000 0.000000 0.000000 0.000000 0.000000 0.000000 0.000000 0.000000 0.000000 0.000000 0.000000 0.000000 0.000000 0.000000 0.000000 0.000000 0.000000 0.000000 0.000000 0.000000 0.000000 0.000000 0.000000 0.000000 0.000000 0.000000 0.000000 0.000000 0.000000 0.000000 0.000000 0.000000 0.000000 0.000000 0.000000 0.000000 0.000000 0.000000 0.000000 0.000000 0.000000 0.000000 0.000000 0.000000 0.000000 0.000000 0.000000 0.000000 0.000000 0.000000 0.000000 0.000000 0.000000 0.000000 0.000000 0.000000 0.000000 0.000000 0.000000 0.000000 0.000000 0.000000 0.000000 0.000000 0.000000 0.000000 0.000000 0.000000 0.000000 0.000000 0.000000 0.000000 0.000000 0.000000 0.000000 0.000000 0.000000 0.000000 0.000000 0.000000 0.000000 0.000000 0.000000 0.000000 0.000000 0.000000 0.000000 0.000000 0.000000 0.000000 0.000000 0.000000 0.000000 0.000000 0.000000 0.000000 
0.000000 0.000000 0.000000 0.000000 0.000000 0.000000 0.000000 0.000000 0.000000 0.000000 0.000000 0.000000 0.000000 0.000000 0.000000 0.000000 0.000000 0.000000 0.000000 0.000000 0.000000 0.000000 0.000000 0.000000 0.000000 0.000000 0.000000 0.000000 0.000000 0.000000 0.000000 0.000000 0.000000 0.000000 0.000000 0.000000 0.000000 0.000000 0.000000 0.000000 0.000000 0.000000 0.000000 0.000000 0.000000 0.000000 0.000000 0.000000 0.000000 0.000000 0.000000 0.000000 0.000000 0.000000 0.000000 0.000000 0.000000 0.000000 0.000000 0.000000 0.000000 0.000000 0.000000 0.000000 0.000000 0.000000 0.000000 0.000000 0.000000 0.000000 0.000000 0.000000 0.000000 0.000000 0.000000 0.000000 0.000000 0.000000 0.000000 0.000000 0.000000 0.000000 0.000000 0.000000 0.000000 0.000000 0.000000 0.000000 0.000000 0.000000 0.000000 0.000000 0.000000 0.000000 0.000000 0.000000 0.000000 0.000000 0.000000 0.000000 0.000000 0.000000 0.000000 0.000000 0.000000 0.000000 0.000000 0.000000 0.000000 0.000000 0.000000 0.000000 0.000000 0.000000 0.000000 0.000000 0.000000 0.000000 0.000000 0.000000 0.000000 0.000000 0.000000 0.000000 0.000000 0.000000 0.000000 0.000000 0.000000 0.000000 0.000000 0.000000 0.000000 0.000000 0.000000 0.000000 0.000000 0.000000 0.000000 0.000000 0.000000 0.000000 0.000000 0.000000 0.000000 0.000000 0.000000 0.000000 0.000000 0.000000 0.000000 0.000000 0.000000 0.000000 0.000000 0.000000 0.000000 0.000000 0.000000 0.000000 0.000000 0.000000 0.000000 0.000000 0.000000 0.000000 0.000000 0.000000 0.000000 0.000000 0.000000 0.000000 0.000000 0.000000 0.000000 0.000000 0.000000 0.000000 0.000000 0.000000 0.000000 0.000000 0.000000 0.000000 0.000000 0.000000 0.000000 0.000000 0.000000 0.000000 0.000000 0.000000 0.000000 0.000000 0.000000 0.000000 0.000000 0.000000 0.000000 0.000000 0.000000 0.000000 0.000000 0.000000 0.000000 0.000000 0.000000 0.000000 0.000000 0.000000 0.000000 0.000000 0.000000 0.000000 0.000000 0.000000 
0.000000 0.000000 0.000000 0.000000 0.000000 0.000000 0.000000 0.000000 0.000000 0.000000 0.000000 0.000000 0.000000 0.000000 0.000000 0.000000 0.000000 0.000000 0.000000 0.000000 0.000000 0.000000 0.000000 0.000000 0.000000 0.000000 0.000000 0.000000 0.000000 0.000000 0.000000 0.000000 0.000000 0.000000 0.000000 0.000000 0.000000 0.000000 0.000000 0.000000 0.000000 0.000000 0.000000 0.000000 0.000000 0.000000 0.000000 0.000000 0.000000 0.000000 0.000000 0.000000 0.000000 0.000000 0.000000 0.000000 0.000000 0.000000 0.000000 0.000000 0.000000 0.000000 0.000000 0.000000 0.000000 0.000000 0.000000 0.000000 0.000000 0.000000 0.000000 0.000000 0.000000 0.000000 0.000000 0.000000 0.000000 0.000000 0.000000 0.000000 0.000000 0.000000 0.000000 0.000000 0.000000 0.000000 0.000000 0.000000 0.000000 0.000000 0.000000 0.000000 0.000000 0.000000 0.000000 0.000000 0.000000 0.000000 0.000000 0.000000 0.000000 0.000000 0.000000 0.000000 0.000000 0.000000 0.000000 0.000000 0.000000 0.000000 0.000000 0.000000 0.000000 0.000000 0.000000 0.000000 0.000000 0.000000 0.000000 0.000000 0.000000 0.000000 0.000000 0.000000 0.000000 0.000000 0.000000 0.000000 0.000000 0.000000 0.000000 0.000000 0.000000 0.000000 0.000000 0.000000 0.000000 0.000000 0.000000 0.000000 0.000000 0.000000 0.000000 0.000000 0.000000 0.000000 0.000000 0.000000 0.000000 0.000000 0.000000 0.000000 0.000000 0.000000 0.000000 0.000000 0.000000 0.000000 0.000000 0.000000 0.000000 0.000000 0.000000 0.000000 0.000000 0.000000 0.000000 0.000000 0.000000 0.000000 0.000000 0.000000 0.000000 0.000000 0.000000 0.000000 0.000000 0.000000 0.000000 0.000000 0.000000 0.000000 0.000000 0.000000 0.000000 0.000000 0.000000 0.000000 0.000000 0.000000 0.000000 0.000000 0.000000 0.000000 0.000000 0.000000 0.000000 0.000000 0.000000 0.000000 0.000000 0.000000 0.000000 0.000000 0.000000 0.000000 0.000000 0.000000 0.000000 0.000000 0.000000 0.000000 0.000000 0.000000 0.000000 0.000000 
0.000000 0.000000 0.000000 0.000000 0.000000 0.000000 0.000000 0.000000 0.000000 0.000000 0.000000 0.000000 0.000000 0.000000 0.000000 0.000000 0.000000 0.000000 0.000000 0.000000 0.000000 0.000000 0.000000 0.000000 0.000000 0.000000 0.000000 0.000000 0.000000 0.000000 0.000000 0.000000 0.000000 0.000000 0.000000 0.000000 0.000000 0.000000 0.000000 0.000000 0.000000 0.000000 0.000000 0.000000 0.000000 0.000000 0.000000 0.000000 0.000000 0.000000 0.000000 0.000000 0.000000 0.000000 0.000000 0.000000 0.000000 0.000000 0.000000 0.000000 0.000000 0.000000 0.000000 0.000000 0.000000 0.000000 0.000000 0.000000 0.000000 0.000000 0.000000 0.000000 0.000000 0.000000 0.000000 0.000000 0.000000 0.000000 0.000000 0.000000 0.000000 0.000000 0.000000 0.000000 0.000000 0.000000 0.000000 0.000000 0.000000 0.000000 0.000000 0.000000 0.000000 0.000000 0.000000 0.000000 0.000000 0.000000 0.000000 0.000000 0.000000 0.000000 0.000000 0.000000 0.000000 0.000000 0.000000 0.000000 0.000000 0.000000 0.000000 0.000000 0.000000 0.000000 0.000000 0.000000 0.000000 0.000000 0.000000 0.000000 0.000000 0.000000 0.000000 0.000000 0.000000 0.000000 0.000000 0.000000 0.000000 0.000000 0.000000 0.000000 0.000000 0.000000 0.000000 0.000000 0.000000 0.000000 0.000000 0.000000 0.000000 0.000000 0.000000 0.000000 0.000000 0.000000 0.000000 0.000000 0.000000 0.000000 0.000000 0.000000 0.000000 0.000000 0.000000 0.000000 0.000000 0.000000 0.000000 0.000000 0.000000 0.000000 0.000000 0.000000 0.000000 0.000000 0.000000 0.000000 0.000000 0.000000 0.000000 0.000000 0.000000 0.000000 0.000000 0.000000 0.000000 0.000000 0.000000 0.000000 0.000000 0.000000 0.000000 0.000000 0.000000 0.000000 0.000000 0.000000 0.000000 0.000000 0.000000 0.000000 0.000000 0.000000 0.000000 0.000000 0.000000 0.000000 0.000000 0.000000 0.000000 0.000000 0.000000 0.000000 0.000000 0.000000 0.000000 0.000000 0.000000 0.000000 0.000000 0.000000 0.000000 0.000000 0.000000 0.000000 
0.000000 0.000000 0.000000 0.000000 0.000000 0.000000 0.000000 0.000000 0.000000 0.000000 0.000000 0.000000 0.000000 0.000000 0.000000 0.000000 0.000000 0.000000 0.000000 0.000000 0.000000 0.000000 0.000000 0.000000 0.000000 0.000000 0.000000 0.000000 0.000000 0.000000 0.000000 0.000000 0.000000 0.000000 0.000000 0.000000 0.000000 0.000000 0.000000 0.000000 0.000000 0.000000 0.000000 0.000000 0.000000 0.000000 0.000000 0.000000 0.000000 0.000000 0.000000 0.000000 0.000000 0.000000 0.000000 0.000000 0.000000 0.000000 0.000000 0.000000 0.000000 0.000000 0.000000 0.000000 0.000000 0.000000 0.000000 0.000000 0.000000 0.000000 0.000000 0.000000 0.000000 0.000000 0.000000 0.000000 0.000000 0.000000 0.000000 0.000000 0.000000 0.000000 0.000000 0.000000 0.000000 0.000000 0.000000 0.000000 0.000000 0.000000 0.000000 0.000000 0.000000 0.000000 0.000000 0.000000 0.000000 0.000000 0.000000 0.000000 0.000000 0.000000 0.000000 0.000000 0.000000 0.000000 0.000000 0.000000 0.000000 0.000000 0.000000 0.000000 0.000000 0.000000 0.000000 0.000000 0.000000 0.000000 0.000000 0.000000 0.000000 0.000000 0.000000 0.000000 0.000000 0.000000 0.000000 0.000000 0.000000 0.000000 0.000000 0.000000 0.000000 0.000000 0.000000 0.000000 0.000000 0.000000 0.000000 0.000000 0.000000 0.000000 0.000000 0.000000 0.000000 0.000000 0.000000 0.000000 0.000000 0.000000 0.000000 0.000000 0.000000 0.000000 0.000000 0.000000 0.000000 0.000000 0.000000 0.000000 0.000000 0.000000 0.000000 0.000000 0.000000 0.000000 0.000000 0.000000 0.000000 0.000000 0.000000 0.000000 0.000000 0.000000 0.000000 0.000000 0.000000 0.000000 0.000000 0.000000 0.000000 0.000000 0.000000 0.000000 0.000000 0.000000 0.000000 0.000000 0.000000 0.000000 0.000000 0.000000 0.000000 0.000000 0.000000 0.000000 0.000000 0.000000 0.000000 0.000000 0.000000 0.000000 0.000000 0.000000 0.000000 0.000000 0.000000 0.000000 0.000000 0.000000 0.000000 0.000000 0.000000 0.000000 0.000000 0.000000 
0.000000 0.000000 0.000000 0.000000 0.000000 0.000000 0.000000 0.000000 0.000000 0.000000 0.000000 0.000000 0.000000 0.000000 0.000000 0.000000 0.000000 0.000000 0.000000 0.000000 0.000000 0.000000 0.000000 0.000000 0.000000 0.000000 0.000000 0.000000 0.000000 0.000000 0.000000 0.000000 0.000000 0.000000 0.000000 0.000000 0.000000 0.000000 0.000000 0.000000 0.000000 0.000000 0.000000 0.000000 0.000000 0.000000 0.000000 0.000000 0.000000 0.000000 0.000000 0.000000 0.000000 0.000000 0.000000 0.000000 0.000000 0.000000 0.000000 0.000000 0.000000 0.000000 0.000000 0.000000 0.000000 0.000000 0.000000 0.000000 0.000000 0.000000 0.000000 0.000000 0.000000 0.000000 0.000000 0.000000 0.000000 0.000000 0.000000 0.000000 0.000000 0.000000 0.000000 0.000000 0.000000 0.000000 0.000000 0.000000 0.000000 0.000000 0.000000 0.000000 0.000000 0.000000 0.000000 0.000000 0.000000 0.000000 0.000000 0.000000 0.000000 0.000000 0.000000 0.000000 0.000000 0.000000 0.000000 0.000000 0.000000 0.000000 0.000000 0.000000 0.000000 0.000000 0.000000 0.000000 0.000000 0.000000 0.000000 0.000000 0.000000 0.000000 0.000000 0.000000 0.000000 0.000000 0.000000 0.000000 0.000000 0.000000 0.000000 0.000000 0.000000 0.000000 0.000000 0.000000 0.000000 0.000000 0.000000 0.000000 0.000000 0.000000 0.000000 0.000000 0.000000 0.000000 0.000000 0.000000 0.000000 0.000000 0.000000 0.000000 0.000000 0.000000 0.000000 0.000000 0.000000 0.000000 0.000000 0.000000 0.000000 0.000000 0.000000 0.000000 0.000000 0.000000 0.000000 0.000000 0.000000 0.000000 0.000000 0.000000 0.000000 0.000000 0.000000 0.000000 0.000000 0.000000 0.000000 0.000000 0.000000 0.000000 0.000000 0.000000 0.000000 0.000000 0.000000 0.000000 0.000000 0.000000 0.000000 0.000000 0.000000 0.000000 0.000000 0.000000 0.000000 0.000000 0.000000 0.000000 0.000000 0.000000 0.000000 0.000000 0.000000 0.000000 0.000000 0.000000 0.000000 0.000000 0.000000 0.000000 0.000000 0.000000 0.000000 0.000000 
0.000000 0.000000 0.000000 0.000000 0.000000 0.000000 0.000000 0.000000 0.000000 0.000000 0.000000 0.000000 0.000000 0.000000 0.000000 0.000000 0.000000 0.000000 0.000000 0.000000 0.000000 0.000000 0.000000 0.000000 0.000000 0.000000 0.000000 0.000000 0.000000 0.000000 0.000000 0.000000 0.000000 0.000000 0.000000 0.000000 0.000000 0.000000 0.000000 0.000000 0.000000 0.000000 0.000000 0.000000 0.000000 0.000000 0.000000 0.000000 0.000000 0.000000 0.000000 0.000000 0.000000 0.000000 0.000000 0.000000 0.000000 0.000000 0.000000 0.000000 0.000000 0.000000 0.000000 0.000000 0.000000 0.000000 0.000000 0.000000 0.000000 0.000000 0.000000 0.000000 0.000000 0.000000 0.000000 0.000000 0.000000 0.000000 0.000000 0.000000 0.000000 0.000000 0.000000 0.000000 0.000000 0.000000 0.000000 0.000000 0.000000 0.000000 0.000000 0.000000 0.000000 0.000000 0.000000 0.000000 0.000000 0.000000 0.000000 0.000000 0.000000 0.000000 0.000000 0.000000 0.000000 0.000000 0.000000 0.000000 0.000000 0.000000 0.000000 0.000000 0.000000 0.000000 0.000000 0.000000 0.000000 0.000000 0.000000 0.000000 0.000000 0.000000 0.000000 0.000000 0.000000 0.000000 0.000000 0.000000 0.000000 0.000000 0.000000 0.000000 0.000000 0.000000 0.000000 0.000000 0.000000 0.000000 0.000000 0.000000 0.000000 0.000000 0.000000 0.000000 0.000000 0.000000 0.000000 0.000000 0.000000 0.000000 0.000000 0.000000 0.000000 0.000000 0.000000 0.000000 0.000000 0.000000 0.000000 0.000000 0.000000 0.000000 0.000000 0.000000 0.000000 0.000000 0.000000 0.000000 0.000000 0.000000 0.000000 0.000000 0.000000 0.000000 0.000000 0.000000 0.000000 0.000000 0.000000 0.000000 0.000000 0.000000 0.000000 0.000000 0.000000 0.000000 0.000000 0.000000 0.000000 0.000000 0.000000 0.000000 0.000000 0.000000 0.000000 0.000000 0.000000 0.000000 0.000000 0.000000 0.000000 0.000000 0.000000 0.000000 0.000000 0.000000 0.000000 0.000000 0.000000 0.000000 0.000000 0.000000 0.000000 0.000000 0.000000 0.000000 
0.000000 0.000000 0.000000 0.000000 0.000000 0.000000 0.000000 0.000000 0.000000 0.000000 0.000000 0.000000 0.000000 0.000000 0.000000 0.000000 0.000000 0.000000 0.000000 0.000000 0.000000 0.000000 0.000000 0.000000 0.000000 0.000000 0.000000 0.000000 0.000000 0.000000 0.000000 0.000000 0.000000 0.000000 0.000000 0.000000 0.000000 0.000000 0.000000 0.000000 0.000000 0.000000 0.000000 0.000000 0.000000 0.000000 0.000000 0.000000 0.000000 0.000000 0.000000 0.000000 0.000000 0.000000 0.000000 0.000000 0.000000 0.000000 0.000000 0.000000 0.000000 0.000000 0.000000 0.000000 0.000000 0.000000 0.000000 0.000000 0.000000 0.000000 0.000000 0.000000 0.000000 0.000000 0.000000 0.000000 0.000000 0.000000 0.000000 0.000000 0.000000 0.000000 0.000000 0.000000 0.000000 0.000000 0.000000 0.000000 0.000000 0.000000 0.000000 0.000000 0.000000 0.000000 0.000000 0.000000 0.000000 0.000000 0.000000 0.000000 0.000000 0.000000 0.000000 0.000000 0.000000 0.000000 0.000000 0.000000 0.000000 0.000000 0.000000 0.000000 0.000000 0.000000 0.000000 0.000000 0.000000 0.000000 0.000000 0.000000 0.000000 0.000000 0.000000 0.000000 0.000000 0.000000 0.000000 0.000000 0.000000 0.000000 0.000000 0.000000 0.000000 0.000000 0.000000 0.000000 0.000000 0.000000 0.000000 0.000000 0.000000 0.000000 0.000000 0.000000 0.000000 0.000000 0.000000 0.000000 0.000000 0.000000 0.000000 0.000000 0.000000 0.000000 0.000000 0.000000 0.000000 0.000000 0.000000 0.000000 0.000000 0.000000 0.000000 0.000000 0.000000 0.000000 0.000000 0.000000 0.000000 0.000000 0.000000 0.000000 0.000000 0.000000 0.000000 0.000000 0.000000 0.000000 0.000000 0.000000 0.000000 0.000000 0.000000 0.000000 0.000000 0.000000 0.000000 0.000000 0.000000 0.000000 0.000000 0.000000 0.000000 0.000000 0.000000 0.000000 0.000000 0.000000 0.000000 0.000000 0.000000 0.000000 0.000000 0.000000 0.000000 0.000000 0.000000 0.000000 0.000000 0.000000 0.000000 0.000000 0.000000 0.000000 0.000000 0.000000 
0.000000 0.000000 0.000000 0.000000 0.000000 0.000000 0.000000 0.000000 0.000000 0.000000 0.000000 0.000000 0.000000 0.000000 0.000000 0.000000 0.000000 0.000000 0.000000 0.000000 0.000000 0.000000 0.000000 0.000000 0.000000 0.000000 0.000000 0.000000 0.000000 0.000000 0.000000 0.000000 0.000000 0.000000 0.000000 0.000000 0.000000 0.000000 0.000000 0.000000 0.000000 0.000000 0.000000 0.000000 0.000000 0.000000 0.000000 0.000000 0.000000 0.000000 0.000000 0.000000 0.000000 0.000000 0.000000 0.000000 0.000000 0.000000 0.000000 0.000000 0.000000 0.000000 0.000000 0.000000 0.000000 0.000000 0.000000 0.000000 0.000000 0.000000 0.000000 0.000000 0.000000 0.000000 0.000000 0.000000 0.000000 0.000000 0.000000 0.000000 0.000000 0.000000 0.000000 0.000000 0.000000 0.000000 0.000000 0.000000 0.000000 0.000000 0.000000 0.000000 0.000000 0.000000 0.000000 0.000000 0.000000 0.000000 0.000000 0.000000 0.000000 0.000000 0.000000 0.000000 0.000000 0.000000 0.000000 0.000000 0.000000 0.000000 0.000000 0.000000 0.000000 0.000000 0.000000 0.000000 0.000000 0.000000 0.000000 0.000000 0.000000 0.000000 0.000000 0.000000 0.000000 0.000000 0.000000 0.000000 0.000000 0.000000 0.000000 0.000000 0.000000 0.000000 0.000000 0.000000 0.000000 0.000000 0.000000 0.000000 0.000000 0.000000 0.000000 0.000000 0.000000 0.000000 0.000000 0.000000 0.000000 0.000000 0.000000 0.000000 0.000000 0.000000 0.000000 0.000000 0.000000 0.000000 0.000000 0.000000 0.000000 0.000000 0.000000 0.000000 0.000000 0.000000 0.000000 0.000000 0.000000 0.000000 0.000000 0.000000 0.000000 0.000000 0.000000 0.000000 0.000000 0.000000 0.000000 0.000000 0.000000 0.000000 0.000000 0.000000 0.000000 0.000000 0.000000 0.000000 0.000000 0.000000 0.000000 0.000000 0.000000 0.000000 0.000000 0.000000 0.000000 0.000000 0.000000 0.000000 0.000000 0.000000 0.000000 0.000000 0.000000 0.000000 0.000000 0.000000 0.000000 0.000000 0.000000 0.000000 0.000000 0.000000 0.000000 0.000000 
0.000000 0.000000 0.000000 0.000000 0.000000 0.000000 0.000000 0.000000 0.000000 0.000000 0.000000 0.000000 0.000000 0.000000 0.000000 0.000000 0.000000 0.000000 0.000000 0.000000 0.000000 0.000000 0.000000 0.000000 0.000000 0.000000 0.000000 0.000000 0.000000 0.000000 0.000000 0.000000 0.000000 0.000000 0.000000 0.000000 0.000000 0.000000 0.000000 0.000000 0.000000 0.000000 0.000000 0.000000 0.000000 0.000000 0.000000 0.000000 0.000000 0.000000 0.000000 0.000000 0.000000 0.000000 0.000000 0.000000 0.000000 0.000000 0.000000 0.000000 0.000000 0.000000 0.000000 0.000000 0.000000 0.000000 0.000000 0.000000 0.000000 0.000000 0.000000 0.000000 0.000000 0.000000 0.000000 0.000000 0.000000 0.000000 0.000000 0.000000 0.000000 0.000000 0.000000 0.000000 0.000000 0.000000 0.000000 0.000000 0.000000 0.000000 0.000000 0.000000 0.000000 0.000000 0.000000 0.000000 0.000000 0.000000 0.000000 0.000000 0.000000 0.000000 0.000000 0.000000 0.000000 0.000000 0.000000 0.000000 0.000000 0.000000 0.000000 0.000000 0.000000 0.000000 0.000000 0.000000 0.000000 0.000000 0.000000 0.000000 0.000000 0.000000 0.000000 0.000000 0.000000 0.000000 0.000000 0.000000 0.000000 0.000000 0.000000 0.000000 0.000000 0.000000 0.000000 0.000000 0.000000 0.000000 0.000000 0.000000 0.000000 0.000000 0.000000 0.000000 0.000000 0.000000 0.000000 0.000000 0.000000 0.000000 0.000000 0.000000 0.000000 0.000000 0.000000 0.000000 0.000000 0.000000 0.000000 0.000000 0.000000 0.000000 0.000000 0.000000 0.000000 0.000000 0.000000 0.000000 0.000000 0.000000 0.000000 0.000000 0.000000 0.000000 0.000000 0.000000 0.000000 0.000000 0.000000 0.000000 0.000000 0.000000 0.000000 0.000000 0.000000 0.000000 0.000000 0.000000 0.000000 0.000000 0.000000 0.000000 0.000000 0.000000 0.000000 0.000000 0.000000 0.000000 0.000000 0.000000 0.000000 0.000000 0.000000 0.000000 0.000000 0.000000 0.000000 0.000000 0.000000 0.000000 0.000000 0.000000 0.000000 0.000000 0.000000 0.000000 
0.000000 0.000000 0.000000 0.000000 0.000000 0.000000 0.000000 0.000000 0.000000 0.000000 0.000000 0.000000 0.000000 0.000000 0.000000 0.000000 0.000000 0.000000 0.000000 0.000000 0.000000 0.000000 0.000000 0.000000 0.000000 0.000000 0.000000 0.000000 0.000000 0.000000 0.000000 0.000000 0.000000 0.000000 0.000000 0.000000 0.000000 0.000000 0.000000 0.000000 0.000000 0.000000 0.000000 0.000000 0.000000 0.000000 0.000000 0.000000 0.000000 0.000000 0.000000 0.000000 0.000000 0.000000 0.000000 0.000000 0.000000 0.000000 0.000000 0.000000 0.000000 0.000000 0.000000 0.000000 0.000000 0.000000 0.000000 0.000000 0.000000 0.000000 0.000000 0.000000 0.000000 0.000000 0.000000 0.000000 0.000000 0.000000 0.000000 0.000000 0.000000 0.000000 0.000000 0.000000 0.000000 0.000000 0.000000 0.000000 0.000000 0.000000 0.000000 0.000000 0.000000 0.000000 0.000000 0.000000 0.000000 0.000000 0.000000 0.000000 0.000000 0.000000 0.000000 0.000000 0.000000 0.000000 0.000000 0.000000 0.000000 0.000000 0.000000 0.000000 0.000000 0.000000 0.000000 0.000000 0.000000 0.000000 0.000000 0.000000 0.000000 0.000000 0.000000 0.000000 0.000000 0.000000 0.000000 0.000000 0.000000 0.000000 0.000000 0.000000 0.000000 0.000000 0.000000 0.000000 0.000000 0.000000 0.000000 0.000000 0.000000 0.000000 0.000000 0.000000 0.000000 0.000000 0.000000 0.000000 0.000000 0.000000 0.000000 0.000000 0.000000 0.000000 0.000000 0.000000 0.000000 0.000000 0.000000 0.000000 0.000000 0.000000 0.000000 0.000000 0.000000 0.000000 0.000000 0.000000 0.000000 0.000000 0.000000 0.000000 0.000000 0.000000 0.000000 0.000000 0.000000 0.000000 0.000000 0.000000 0.000000 0.000000 0.000000 0.000000 0.000000 0.000000 0.000000 0.000000 0.000000 0.000000 0.000000 0.000000 0.000000 0.000000 0.000000 0.000000 0.000000 0.000000 0.000000 0.000000 0.000000 0.000000 0.000000 0.000000 0.000000 0.000000 0.000000 0.000000 0.000000 0.000000 0.000000 0.000000 0.000000 0.000000 0.000000 0.000000 
0.000000 0.000000 0.000000 0.000000 0.000000 0.000000 0.000000 0.000000 0.000000 0.000000 0.000000 0.000000 0.000000 0.000000 0.000000 0.000000 0.000000 0.000000 0.000000 0.000000 0.000000 0.000000 0.000000 0.000000 0.000000 0.000000 0.000000 0.000000 0.000000 0.000000 0.000000 0.000000 0.000000 0.000000 0.000000 0.000000 0.000000 0.000000 0.000000 0.000000 0.000000 0.000000 0.000000 0.000000 0.000000 0.000000 0.000000 0.000000 0.000000 0.000000 0.000000 0.000000 0.000000 0.000000 0.000000 0.000000 0.000000 0.000000 0.000000 0.000000 0.000000 0.000000 0.000000 0.000000 0.000000 0.000000 0.000000 0.000000 0.000000 0.000000 0.000000 0.000000 0.000000 0.000000 0.000000 0.000000 0.000000 0.000000 0.000000 0.000000 0.000000 0.000000 0.000000 0.000000 0.000000 0.000000 0.000000 0.000000 0.000000 0.000000 0.000000 0.000000 0.000000 0.000000 0.000000 0.000000 0.000000 0.000000 0.000000 0.000000 0.000000 0.000000 0.000000 0.000000 0.000000 0.000000 0.000000 0.000000 0.000000 0.000000 0.000000 0.000000 0.000000 0.000000 0.000000 0.000000 0.000000 0.000000 0.000000 0.000000 0.000000 0.000000 0.000000 0.000000 0.000000 0.000000 0.000000 0.000000 0.000000 0.000000 0.000000 0.000000 0.000000 0.000000 0.000000 0.000000 0.000000 0.000000 0.000000 0.000000 0.000000 0.000000 0.000000 0.000000 0.000000 0.000000 0.000000 0.000000 0.000000 0.000000 0.000000 0.000000 0.000000 0.000000 0.000000 0.000000 0.000000 0.000000 0.000000 0.000000 0.000000 0.000000 0.000000 0.000000 0.000000 0.000000 0.000000 0.000000 0.000000 0.000000 0.000000 0.000000 0.000000 0.000000 0.000000 0.000000 0.000000 0.000000 0.000000 0.000000 0.000000 0.000000 0.000000 0.000000 0.000000 0.000000 0.000000 0.000000 0.000000 0.000000 0.000000 0.000000 0.000000 0.000000 0.000000 0.000000 0.000000 0.000000 0.000000 0.000000 0.000000 0.000000 0.000000 0.000000 0.000000 0.000000 0.000000 0.000000 0.000000 0.000000 0.000000 0.000000 0.000000 0.000000 0.000000 0.000000 
0.000000 0.000000 0.000000 0.000000 0.000000 0.000000 0.000000 0.000000 0.000000 0.000000 0.000000 0.000000 0.000000 0.000000 0.000000 0.000000 0.000000 0.000000 0.000000 0.000000 0.000000 0.000000 0.000000 0.000000 0.000000 0.000000 0.000000 0.000000 0.000000 0.000000 0.000000 0.000000 0.000000 0.000000 0.000000 0.000000 0.000000 0.000000 0.000000 0.000000 0.000000 0.000000 0.000000 0.000000 0.000000 0.000000 0.000000 0.000000 0.000000 0.000000 0.000000 0.000000 0.000000 0.000000 0.000000 0.000000 0.000000 0.000000 0.000000 0.000000 0.000000 0.000000 0.000000 0.000000 0.000000 0.000000 0.000000 0.000000 0.000000 0.000000 0.000000 0.000000 0.000000 0.000000 0.000000 0.000000 0.000000 0.000000 0.000000 0.000000 0.000000 0.000000 0.000000 0.000000 0.000000 0.000000 0.000000 0.000000 0.000000 0.000000 0.000000 0.000000 0.000000 0.000000 0.000000 0.000000 0.000000 0.000000 0.000000 0.000000 0.000000 0.000000 0.000000 0.000000 0.000000 0.000000 0.000000 0.000000 0.000000 0.000000 0.000000 0.000000 0.000000 0.000000 0.000000 0.000000 0.000000 0.000000 0.000000 0.000000 0.000000 0.000000 0.000000 0.000000 0.000000 0.000000 0.000000 0.000000 0.000000 0.000000 0.000000 0.000000 0.000000 0.000000 0.000000 0.000000 0.000000 0.000000 0.000000 0.000000 0.000000 0.000000 0.000000 0.000000 0.000000 0.000000 0.000000 0.000000 0.000000 0.000000 0.000000 0.000000 0.000000 0.000000 0.000000 0.000000 0.000000 0.000000 0.000000 0.000000 0.000000 0.000000 0.000000 0.000000 0.000000 0.000000 0.000000 0.000000 0.000000 0.000000 0.000000 0.000000 0.000000 0.000000 0.000000 0.000000 0.000000 0.000000 0.000000 0.000000 0.000000 0.000000 0.000000 0.000000 0.000000 0.000000 0.000000 0.000000 0.000000 0.000000 0.000000 0.000000 0.000000 0.000000 0.000000 0.000000 0.000000 0.000000 0.000000 0.000000 0.000000 0.000000 0.000000 0.000000 0.000000 0.000000 0.000000 0.000000 0.000000 0.000000 0.000000 0.000000 0.000000 0.000000 0.000000 0.000000 
0.000000 0.000000 0.000000 0.000000 0.000000 0.000000 0.000000 0.000000 0.000000 0.000000 0.000000 0.000000 0.000000 0.000000 0.000000 0.000000 0.000000 0.000000 0.000000 0.000000 0.000000 0.000000 0.000000 0.000000 0.000000 0.000000 0.000000 0.000000 0.000000 0.000000 0.000000 0.000000 0.000000 0.000000 0.000000 0.000000 0.000000 0.000000 0.000000 0.000000 0.000000 0.000000 0.000000 0.000000 0.000000 0.000000 0.000000 0.000000 0.000000 0.000000 0.000000 0.000000 0.000000 0.000000 0.000000 0.000000 0.000000 0.000000 0.000000 0.000000 0.000000 0.000000 0.000000 0.000000 0.000000 0.000000 0.000000 0.000000 0.000000 0.000000 0.000000 0.000000 0.000000 0.000000 0.000000 0.000000 0.000000 0.000000 0.000000 0.000000 0.000000 0.000000 0.000000 0.000000 0.000000 0.000000 0.000000 0.000000 0.000000 0.000000 0.000000 0.000000 0.000000 0.000000 0.000000 0.000000 0.000000 0.000000 0.000000 0.000000 0.000000 0.000000 0.000000 0.000000 0.000000 0.000000 0.000000 0.000000 0.000000 0.000000 0.000000 0.000000 0.000000 0.000000 0.000000 0.000000 0.000000 0.000000 0.000000 0.000000 0.000000 0.000000 0.000000 0.000000 0.000000 0.000000 0.000000 0.000000 0.000000 0.000000 0.000000 0.000000 0.000000 0.000000 0.000000 0.000000 0.000000 0.000000 0.000000 0.000000 0.000000 0.000000 0.000000 0.000000 0.000000 0.000000 0.000000 0.000000 0.000000 0.000000 0.000000 0.000000 0.000000 0.000000 0.000000 0.000000 0.000000 0.000000 0.000000 0.000000 0.000000 0.000000 0.000000 0.000000 0.000000 0.000000 0.000000 0.000000 0.000000 0.000000 0.000000 0.000000 0.000000 0.000000 0.000000 0.000000 0.000000 0.000000 0.000000 0.000000 0.000000 0.000000 0.000000 0.000000 0.000000 0.000000 0.000000 0.000000 0.000000 0.000000 0.000000 0.000000 0.000000 0.000000 0.000000 0.000000 0.000000 0.000000 0.000000 0.000000 0.000000 0.000000 0.000000 0.000000 0.000000 0.000000 0.000000 0.000000 0.000000 0.000000 0.000000 0.000000 0.000000 0.000000 0.000000 0.000000 
0.000000 0.000000 0.000000 0.000000 0.000000 0.000000 0.000000 0.000000 0.000000 0.000000 0.000000 0.000000 0.000000 0.000000 0.000000 0.000000 0.000000 0.000000 0.000000 0.000000 0.000000 0.000000 0.000000 0.000000 0.000000 0.000000 0.000000 0.000000 0.000000 0.000000 0.000000 0.000000 0.000000 0.000000 0.000000 0.000000 0.000000 0.000000 0.000000 0.000000 0.000000 0.000000 0.000000 0.000000 0.000000 0.000000 0.000000 0.000000 0.000000 0.000000 0.000000 0.000000 0.000000 0.000000 0.000000 0.000000 0.000000 0.000000 0.000000 0.000000 0.000000 0.000000 0.000000 0.000000 0.000000 0.000000 0.000000 0.000000 0.000000 0.000000 0.000000 0.000000 0.000000 0.000000 0.000000 0.000000 0.000000 0.000000 0.000000 0.000000 0.000000 0.000000 0.000000 0.000000 0.000000 0.000000 0.000000 0.000000 0.000000 0.000000 0.000000 0.000000 0.000000 0.000000 0.000000 0.000000 0.000000 0.000000 0.000000 0.000000 0.000000 0.000000 0.000000 0.000000 0.000000 0.000000 0.000000 0.000000 0.000000 0.000000 0.000000 0.000000 0.000000 0.000000 0.000000 0.000000 0.000000 0.000000 0.000000 0.000000 0.000000 0.000000 0.000000 0.000000 0.000000 0.000000 0.000000 0.000000 0.000000 0.000000 0.000000 0.000000 0.000000 0.000000 0.000000 0.000000 0.000000 0.000000 0.000000 0.000000 0.000000 0.000000 0.000000 0.000000 0.000000 0.000000 0.000000 0.000000 0.000000 0.000000 0.000000 0.000000 0.000000 0.000000 0.000000 0.000000 0.000000 0.000000 0.000000 0.000000 0.000000 0.000000 0.000000 0.000000 0.000000 0.000000 0.000000 0.000000 0.000000 0.000000 0.000000 0.000000 0.000000 0.000000 0.000000 0.000000 0.000000 0.000000 0.000000 0.000000 0.000000 0.000000 0.000000 0.000000 0.000000 0.000000 0.000000 0.000000 0.000000 0.000000 0.000000 0.000000 0.000000 0.000000 0.000000 0.000000 0.000000 0.000000 0.000000 0.000000 0.000000 0.000000 0.000000 0.000000 0.000000 0.000000 0.000000 0.000000 0.000000 0.000000 0.000000 0.000000 0.000000 0.000000 0.000000 0.000000 
0.000000 0.000000 0.000000 0.000000 0.000000 0.000000 0.000000 0.000000 0.000000 0.000000 0.000000 0.000000 0.000000 0.000000 0.000000 0.000000 0.000000 0.000000 0.000000 0.000000 0.000000 0.000000 0.000000 0.000000 0.000000 0.000000 0.000000 0.000000 0.000000 0.000000 0.000000 0.000000 0.000000 0.000000 0.000000 0.000000 0.000000 0.000000 0.000000 0.000000 0.000000 0.000000 0.000000 0.000000 0.000000 0.000000 0.000000 0.000000 0.000000 0.000000 0.000000 0.000000 0.000000 0.000000 0.000000 0.000000 0.000000 0.000000 0.000000 0.000000 0.000000 0.000000 0.000000 0.000000 0.000000 0.000000 0.000000 0.000000 0.000000 0.000000 0.000000 0.000000 0.000000 0.000000 0.000000 0.000000 0.000000 0.000000 0.000000 0.000000 0.000000 0.000000 0.000000 0.000000 0.000000 0.000000 0.000000 0.000000 0.000000 0.000000 0.000000 0.000000 0.000000 0.000000 0.000000 0.000000 0.000000 0.000000 0.000000 0.000000 0.000000 0.000000 0.000000 0.000000 0.000000 0.000000 0.000000 0.000000 0.000000 0.000000 0.000000 0.000000 0.000000 0.000000 0.000000 0.000000 0.000000 0.000000 0.000000 0.000000 0.000000 0.000000 0.000000 0.000000 0.000000 0.000000 0.000000 0.000000 0.000000 0.000000 0.000000 0.000000 0.000000 0.000000 0.000000 0.000000 0.000000 0.000000 0.000000 0.000000 0.000000 0.000000 0.000000 0.000000 0.000000 0.000000 0.000000 0.000000 0.000000 0.000000 0.000000 0.000000 0.000000 0.000000 0.000000 0.000000 0.000000 0.000000 0.000000 0.000000 0.000000 0.000000 0.000000 0.000000 0.000000 0.000000 0.000000 0.000000 0.000000 0.000000 0.000000 0.000000 0.000000 0.000000 0.000000 0.000000 0.000000 0.000000 0.000000 0.000000 0.000000 0.000000 0.000000 0.000000 0.000000 0.000000 0.000000 0.000000 0.000000 0.000000 0.000000 0.000000 0.000000 0.000000 0.000000 0.000000 0.000000 0.000000 0.000000 0.000000 0.000000 0.000000 0.000000 0.000000 0.000000 0.000000 0.000000 0.000000 0.000000 0.000000 0.000000 0.000000 0.000000 0.000000 0.000000 0.000000 
0.000000 0.000000 0.000000 0.000000 0.000000 0.000000 0.000000 0.000000 0.000000 0.000000 0.000000 0.000000 0.000000 0.000000 0.000000 0.000000 0.000000 0.000000 0.000000 0.000000 0.000000 0.000000 0.000000 0.000000 0.000000 0.000000 0.000000 0.000000 0.000000 0.000000 0.000000 0.000000 0.000000 0.000000 0.000000 0.000000 0.000000 0.000000 0.000000 0.000000 0.000000 0.000000 0.000000 0.000000 0.000000 0.000000 0.000000 0.000000 0.000000 0.000000 0.000000 0.000000 0.000000 0.000000 0.000000 0.000000 0.000000 0.000000 0.000000 0.000000 0.000000 0.000000 0.000000 0.000000 0.000000 0.000000 0.000000 0.000000 0.000000 0.000000 0.000000 0.000000 0.000000 0.000000 0.000000 0.000000 0.000000 0.000000 0.000000 0.000000 0.000000 0.000000 0.000000 0.000000 0.000000 0.000000 0.000000 0.000000 0.000000 0.000000 0.000000 0.000000 0.000000 0.000000 0.000000 0.000000 0.000000 0.000000 0.000000 0.000000 0.000000 0.000000 0.000000 0.000000 0.000000 0.000000 0.000000 0.000000 0.000000 0.000000 0.000000 0.000000 0.000000 0.000000 0.000000 0.000000 0.000000 0.000000 0.000000 0.000000 0.000000 0.000000 0.000000 0.000000 0.000000 0.000000 0.000000 0.000000 0.000000 0.000000 0.000000 0.000000 0.000000 0.000000 0.000000 0.000000 0.000000 0.000000 0.000000 0.000000 0.000000 0.000000 0.000000 0.000000 0.000000 0.000000 0.000000 0.000000 0.000000 0.000000 0.000000 0.000000 0.000000 0.000000 0.000000 0.000000 0.000000 0.000000 0.000000 0.000000 0.000000 0.000000 0.000000 0.000000 0.000000 0.000000 0.000000 0.000000 0.000000 0.000000 0.000000 0.000000 0.000000 0.000000 0.000000 0.000000 0.000000 0.000000 0.000000 0.000000 0.000000 0.000000 0.000000 0.000000 0.000000 0.000000 0.000000 0.000000 0.000000 0.000000 0.000000 0.000000 0.000000 0.000000 0.000000 0.000000 0.000000 0.000000 0.000000 0.000000 0.000000 0.000000 0.000000 0.000000 0.000000 0.000000 0.000000 0.000000 0.000000 0.000000 0.000000 0.000000 0.000000 0.000000 0.000000 0.000000 
0.000000 0.000000 0.000000 0.000000 0.000000 0.000000 0.000000 0.000000 0.000000 0.000000 0.000000 0.000000 0.000000 0.000000 0.000000 0.000000 0.000000 0.000000 0.000000 0.000000 0.000000 0.000000 0.000000 0.000000 0.000000 0.000000 0.000000 0.000000 0.000000 0.000000 0.000000 0.000000 0.000000 0.000000 0.000000 0.000000 0.000000 0.000000 0.000000 0.000000 0.000000 0.000000 0.000000 0.000000 0.000000 0.000000 0.000000 0.000000 0.000000 0.000000 0.000000 0.000000 0.000000 0.000000 0.000000 0.000000 0.000000 0.000000 0.000000 0.000000 0.000000 0.000000 0.000000 0.000000 0.000000 0.000000 0.000000 0.000000 0.000000 0.000000 0.000000 0.000000 0.000000 0.000000 0.000000 0.000000 0.000000 0.000000 0.000000 0.000000 0.000000 0.000000 0.000000 0.000000 0.000000 0.000000 0.000000 0.000000 0.000000 0.000000 0.000000 0.000000 0.000000 0.000000 0.000000 0.000000 0.000000 0.000000 0.000000 0.000000 0.000000 0.000000 0.000000 0.000000 0.000000 0.000000 0.000000 0.000000 0.000000 0.000000 0.000000 0.000000 0.000000 0.000000 0.000000 0.000000 0.000000 0.000000 0.000000 0.000000 0.000000 0.000000 0.000000 0.000000 0.000000 0.000000 0.000000 0.000000 0.000000 0.000000 0.000000 0.000000 0.000000 0.000000 0.000000 0.000000 0.000000 0.000000 0.000000 0.000000 0.000000 0.000000 0.000000 0.000000 0.000000 0.000000 0.000000 0.000000 0.000000 0.000000 0.000000 0.000000 0.000000 0.000000 0.000000 0.000000 0.000000 0.000000 0.000000 0.000000 0.000000 0.000000 0.000000 0.000000 0.000000 0.000000 0.000000 0.000000 0.000000 0.000000 0.000000 0.000000 0.000000 0.000000 0.000000 0.000000 0.000000 0.000000 0.000000 0.000000 0.000000 0.000000 0.000000 0.000000 0.000000 0.000000 0.000000 0.000000 0.000000 0.000000 0.000000 0.000000 0.000000 0.000000 0.000000 0.000000 0.000000 0.000000 0.000000 0.000000 0.000000 0.000000 0.000000 0.000000 0.000000 0.000000 0.000000 0.000000 0.000000 0.000000 0.000000 0.000000 0.000000 0.000000 0.000000 0.000000 
0.000000 0.000000 0.000000 0.000000 0.000000 0.000000 0.000000 0.000000 0.000000 0.000000 0.000000 0.000000 0.000000 0.000000 0.000000 0.000000 0.000000 0.000000 0.000000 0.000000 0.000000 0.000000 0.000000 0.000000 0.000000 0.000000 0.000000 0.000000 0.000000 0.000000 0.000000 0.000000 0.000000 0.000000 0.000000 0.000000 0.000000 0.000000 0.000000 0.000000 0.000000 0.000000 0.000000 0.000000 0.000000 0.000000 0.000000 0.000000 0.000000 0.000000 0.000000 0.000000 0.000000 0.000000 0.000000 0.000000 0.000000 0.000000 0.000000 0.000000 0.000000 0.000000 0.000000 0.000000 0.000000 0.000000 0.000000 0.000000 0.000000 0.000000 0.000000 0.000000 0.000000 0.000000 0.000000 0.000000 0.000000 0.000000 0.000000 0.000000 0.000000 0.000000 0.000000 0.000000 0.000000 0.000000 0.000000 0.000000 0.000000 0.000000 0.000000 0.000000 0.000000 0.000000 0.000000 0.000000 0.000000 0.000000 0.000000 0.000000 0.000000 0.000000 0.000000 0.000000 0.000000 0.000000 0.000000 0.000000 0.000000 0.000000 0.000000 0.000000 0.000000 0.000000 0.000000 0.000000 0.000000 0.000000 0.000000 0.000000 0.000000 0.000000 0.000000 0.000000 0.000000 0.000000 0.000000 0.000000 0.000000 0.000000 0.000000 0.000000 0.000000 0.000000 0.000000 0.000000 0.000000 0.000000 0.000000 0.000000 0.000000 0.000000 0.000000 0.000000 0.000000 0.000000 0.000000 0.000000 0.000000 0.000000 0.000000 0.000000 0.000000 0.000000 0.000000 0.000000 0.000000 0.000000 0.000000 0.000000 0.000000 0.000000 0.000000 0.000000 0.000000 0.000000 0.000000 0.000000 0.000000 0.000000 0.000000 0.000000 0.000000 0.000000 0.000000 0.000000 0.000000 0.000000 0.000000 0.000000 0.000000 0.000000 0.000000 0.000000 0.000000 0.000000 0.000000 0.000000 0.000000 0.000000 0.000000 0.000000 0.000000 0.000000 0.000000 0.000000 0.000000 0.000000 0.000000 0.000000 0.000000 0.000000 0.000000 0.000000 0.000000 0.000000 0.000000 0.000000 0.000000 0.000000 0.000000 0.000000 0.000000 0.000000 0.000000 0.000000 
0.000000 0.000000 0.000000 0.000000 0.000000 0.000000 0.000000 0.000000 0.000000 0.000000 0.000000 0.000000 0.000000 0.000000 0.000000 0.000000 0.000000 0.000000 0.000000 0.000000 0.000000 0.000000 0.000000 0.000000 0.000000 0.000000 0.000000 0.000000 0.000000 0.000000 0.000000 0.000000 0.000000 0.000000 0.000000 0.000000 0.000000 0.000000 0.000000 0.000000 0.000000 0.000000 0.000000 0.000000 0.000000 0.000000 0.000000 0.000000 0.000000 0.000000 0.000000 0.000000 0.000000 0.000000 0.000000 0.000000 0.000000 0.000000 0.000000 0.000000 0.000000 0.000000 0.000000 0.000000 0.000000 0.000000 0.000000 0.000000 0.000000 0.000000 0.000000 0.000000 0.000000 0.000000 0.000000 0.000000 0.000000 0.000000 0.000000 0.000000 0.000000 0.000000 0.000000 0.000000 0.000000 0.000000 0.000000 0.000000 0.000000 0.000000 0.000000 0.000000 0.000000 0.000000 0.000000 0.000000 0.000000 0.000000 0.000000 0.000000 0.000000 0.000000 0.000000 0.000000 0.000000 0.000000 0.000000 0.000000 0.000000 0.000000 0.000000 0.000000 0.000000 0.000000 0.000000 0.000000 0.000000 0.000000 0.000000 0.000000 0.000000 0.000000 0.000000 0.000000 0.000000 0.000000 0.000000 0.000000 0.000000 0.000000 0.000000 0.000000 0.000000 0.000000 0.000000 0.000000 0.000000 0.000000 0.000000 0.000000 0.000000 0.000000 0.000000 0.000000 0.000000 0.000000 0.000000 0.000000 0.000000 0.000000 0.000000 0.000000 0.000000 0.000000 0.000000 0.000000 0.000000 0.000000 0.000000 0.000000 0.000000 0.000000 0.000000 0.000000 0.000000 0.000000 0.000000 0.000000 0.000000 0.000000 0.000000 0.000000 0.000000 0.000000 0.000000 0.000000 0.000000 0.000000 0.000000 0.000000 0.000000 0.000000 0.000000 0.000000 0.000000 0.000000 0.000000 0.000000 0.000000 0.000000 0.000000 0.000000 0.000000 0.000000 0.000000 0.000000 0.000000 0.000000 0.000000 0.000000 0.000000 0.000000 0.000000 0.000000 0.000000 0.000000 0.000000 0.000000 0.000000 0.000000 0.000000 0.000000 0.000000 0.000000 0.000000 0.000000 
0.000000 0.000000 0.000000 0.000000 0.000000 0.000000 0.000000 0.000000 0.000000 0.000000 0.000000 0.000000 0.000000 0.000000 0.000000 0.000000 0.000000 0.000000 0.000000 0.000000 0.000000 0.000000 0.000000 0.000000 0.000000 0.000000 0.000000 0.000000 0.000000 0.000000 0.000000 0.000000 0.000000 0.000000 0.000000 0.000000 0.000000 0.000000 0.000000 0.000000 0.000000 0.000000 0.000000 0.000000 0.000000 0.000000 0.000000 0.000000 0.000000 0.000000 0.000000 0.000000 0.000000 0.000000 0.000000 0.000000 0.000000 0.000000 0.000000 0.000000 0.000000 0.000000 0.000000 0.000000 0.000000 0.000000 0.000000 0.000000 0.000000 0.000000 0.000000 0.000000 0.000000 0.000000 0.000000 0.000000 0.000000 0.000000 0.000000 0.000000 0.000000 0.000000 0.000000 0.000000 0.000000 0.000000 0.000000 0.000000 0.000000 0.000000 0.000000 0.000000 0.000000 0.000000 0.000000 0.000000 0.000000 0.000000 0.000000 0.000000 0.000000 0.000000 0.000000 0.000000 0.000000 0.000000 0.000000 0.000000 0.000000 0.000000 0.000000 0.000000 0.000000 0.000000 0.000000 0.000000 0.000000 0.000000 0.000000 0.000000 0.000000 0.000000 0.000000 0.000000 0.000000 0.000000 0.000000 0.000000 0.000000 0.000000 0.000000 0.000000 0.000000 0.000000 0.000000 0.000000 0.000000 0.000000 0.000000 0.000000 0.000000 0.000000 0.000000 0.000000 0.000000 0.000000 0.000000 0.000000 0.000000 0.000000 0.000000 0.000000 0.000000 0.000000 0.000000 0.000000 0.000000 0.000000 0.000000 0.000000 0.000000 0.000000 0.000000 0.000000 0.000000 0.000000 0.000000 0.000000 0.000000 0.000000 0.000000 0.000000 0.000000 0.000000 0.000000 0.000000 0.000000 0.000000 0.000000 0.000000 0.000000 0.000000 0.000000 0.000000 0.000000 0.000000 0.000000 0.000000 0.000000 0.000000 0.000000 0.000000 0.000000 0.000000 0.000000 0.000000 0.000000 0.000000 0.000000 0.000000 0.000000 0.000000 0.000000 0.000000 0.000000 0.000000 0.000000 0.000000 0.000000 0.000000 0.000000 0.000000 0.000000 0.000000 0.000000 0.000000 
0.000000 0.000000 0.000000 0.000000 0.000000 0.000000 0.000000 0.000000 0.000000 0.000000 0.000000 0.000000 0.000000 0.000000 0.000000 0.000000 0.000000 0.000000 0.000000 0.000000 0.000000 0.000000 0.000000 0.000000 0.000000 0.000000 0.000000 0.000000 0.000000 0.000000 0.000000 0.000000 0.000000 0.000000 0.000000 0.000000 0.000000 0.000000 0.000000 0.000000 0.000000 0.000000 0.000000 0.000000 0.000000 0.000000 0.000000 0.000000 0.000000 0.000000 0.000000 0.000000 0.000000 0.000000 0.000000 0.000000 0.000000 0.000000 0.000000 0.000000 0.000000 0.000000 0.000000 0.000000 0.000000 0.000000 0.000000 0.000000 0.000000 0.000000 0.000000 0.000000 0.000000 0.000000 0.000000 0.000000 0.000000 0.000000 0.000000 0.000000 0.000000 0.000000 0.000000 0.000000 0.000000 0.000000 0.000000 0.000000 0.000000 0.000000 0.000000 0.000000 0.000000 0.000000 0.000000 0.000000 0.000000 0.000000 0.000000 0.000000 0.000000 0.000000 0.000000 0.000000 0.000000 0.000000 0.000000 0.000000 0.000000 0.000000 0.000000 0.000000 0.000000 0.000000 0.000000 0.000000 0.000000 0.000000 0.000000 0.000000 0.000000 0.000000 0.000000 0.000000 0.000000 0.000000 0.000000 0.000000 0.000000 0.000000 0.000000 0.000000 0.000000 0.000000 0.000000 0.000000 0.000000 0.000000 0.000000 0.000000 0.000000 0.000000 0.000000 0.000000 0.000000 0.000000 0.000000 0.000000 0.000000 0.000000 0.000000 0.000000 0.000000 0.000000 0.000000 0.000000 0.000000 0.000000 0.000000 0.000000 0.000000 0.000000 0.000000 0.000000 0.000000 0.000000 0.000000 0.000000 0.000000 0.000000 0.000000 0.000000 0.000000 0.000000 0.000000 0.000000 0.000000 0.000000 0.000000 0.000000 0.000000 0.000000 0.000000 0.000000 0.000000 0.000000 0.000000 0.000000 0.000000 0.000000 0.000000 0.000000 0.000000 0.000000 0.000000 0.000000 0.000000 0.000000 0.000000 0.000000 0.000000 0.000000 0.000000 0.000000 0.000000 0.000000 0.000000 0.000000 0.000000 0.000000 0.000000 0.000000 0.000000 0.000000 0.000000 0.000000 
0.000000 0.000000 0.000000 0.000000 0.000000 0.000000 0.000000 0.000000 0.000000 0.000000 0.000000 0.000000 0.000000 0.000000 0.000000 0.000000 0.000000 0.000000 0.000000 0.000000 0.000000 0.000000 0.000000 0.000000 0.000000 0.000000 0.000000 0.000000 0.000000 0.000000 0.000000 0.000000 0.000000 0.000000 0.000000 0.000000 0.000000 0.000000 0.000000 0.000000 0.000000 0.000000 0.000000 0.000000 0.000000 0.000000 0.000000 0.000000 0.000000 0.000000 0.000000 0.000000 0.000000 0.000000 0.000000 0.000000 0.000000 0.000000 0.000000 0.000000 0.000000 0.000000 0.000000 0.000000 0.000000 0.000000 0.000000 0.000000 0.000000 0.000000 0.000000 0.000000 0.000000 0.000000 0.000000 0.000000 0.000000 0.000000 0.000000 0.000000 0.000000 0.000000 0.000000 0.000000 0.000000 0.000000 0.000000 0.000000 0.000000 0.000000 0.000000 0.000000 0.000000 0.000000 0.000000 0.000000 0.000000 0.000000 0.000000 0.000000 0.000000 0.000000 0.000000 0.000000 0.000000 0.000000 0.000000 0.000000 0.000000 0.000000 0.000000 0.000000 0.000000 0.000000 0.000000 0.000000 0.000000 0.000000 0.000000 0.000000 0.000000 0.000000 0.000000 0.000000 0.000000 0.000000 0.000000 0.000000 0.000000 0.000000 0.000000 0.000000 0.000000 0.000000 0.000000 0.000000 0.000000 0.000000 0.000000 0.000000 0.000000 0.000000 0.000000 0.000000 0.000000 0.000000 0.000000 0.000000 0.000000 0.000000 0.000000 0.000000 0.000000 0.000000 0.000000 0.000000 0.000000 0.000000 0.000000 0.000000 0.000000 0.000000 0.000000 0.000000 0.000000 0.000000 0.000000 0.000000 0.000000 0.000000 0.000000 0.000000 0.000000 0.000000 0.000000 0.000000 0.000000 0.000000 0.000000 0.000000 0.000000 0.000000 0.000000 0.000000 0.000000 0.000000 0.000000 0.000000 0.000000 0.000000 0.000000 0.000000 0.000000 0.000000 0.000000 0.000000 0.000000 0.000000 0.000000 0.000000 0.000000 0.000000 0.000000 0.000000 0.000000 0.000000 0.000000 0.000000 0.000000 0.000000 0.000000 0.000000 0.000000 0.000000 0.000000 0.000000 
0.000000 0.000000 0.000000 0.000000 0.000000 0.000000 0.000000 0.000000 0.000000 0.000000 0.000000 0.000000 0.000000 0.000000 0.000000 0.000000 0.000000 0.000000 0.000000 0.000000 0.000000 0.000000 0.000000 0.000000 0.000000 0.000000 0.000000 0.000000 0.000000 0.000000 0.000000 0.000000 0.000000 0.000000 0.000000 0.000000 0.000000 0.000000 0.000000 0.000000 0.000000 0.000000 0.000000 0.000000 0.000000 0.000000 0.000000 0.000000 0.000000 0.000000 0.000000 0.000000 0.000000 0.000000 0.000000 0.000000 0.000000 0.000000 0.000000 0.000000 0.000000 0.000000 0.000000 0.000000 0.000000 0.000000 0.000000 0.000000 0.000000 0.000000 0.000000 0.000000 0.000000 0.000000 0.000000 0.000000 0.000000 0.000000 0.000000 0.000000 0.000000 0.000000 0.000000 0.000000 0.000000 0.000000 0.000000 0.000000 0.000000 0.000000 0.000000 0.000000 0.000000 0.000000 0.000000 0.000000 0.000000 0.000000 0.000000 0.000000 0.000000 0.000000 0.000000 0.000000 0.000000 0.000000 0.000000 0.000000 0.000000 0.000000 0.000000 0.000000 0.000000 0.000000 0.000000 0.000000 0.000000 0.000000 0.000000 0.000000 0.000000 0.000000 0.000000 0.000000 0.000000 0.000000 0.000000 0.000000 0.000000 0.000000 0.000000 0.000000 0.000000 0.000000 0.000000 0.000000 0.000000 0.000000 0.000000 0.000000 0.000000 0.000000 0.000000 0.000000 0.000000 0.000000 0.000000 0.000000 0.000000 0.000000 0.000000 0.000000 0.000000 0.000000 0.000000 0.000000 0.000000 0.000000 0.000000 0.000000 0.000000 0.000000 0.000000 0.000000 0.000000 0.000000 0.000000 0.000000 0.000000 0.000000 0.000000 0.000000 0.000000 0.000000 0.000000 0.000000 0.000000 0.000000 0.000000 0.000000 0.000000 0.000000 0.000000 0.000000 0.000000 0.000000 0.000000 0.000000 0.000000 0.000000 0.000000 0.000000 0.000000 0.000000 0.000000 0.000000 0.000000 0.000000 0.000000 0.000000 0.000000 0.000000 0.000000 0.000000 0.000000 0.000000 0.000000 0.000000 0.000000 0.000000 0.000000 0.000000 0.000000 0.000000 0.000000 0.000000 
0.000000 0.000000 0.000000 0.000000 0.000000 0.000000 0.000000 0.000000 0.000000 0.000000 0.000000 0.000000 0.000000 0.000000 0.000000 0.000000 0.000000 0.000000 0.000000 0.000000 0.000000 0.000000 0.000000 0.000000 0.000000 0.000000 0.000000 0.000000 0.000000 0.000000 0.000000 0.000000 0.000000 0.000000 0.000000 0.000000 0.000000 0.000000 0.000000 0.000000 0.000000 0.000000 0.000000 0.000000 0.000000 0.000000 0.000000 0.000000 0.000000 0.000000 0.000000 0.000000 0.000000 0.000000 0.000000 0.000000 0.000000 0.000000 0.000000 0.000000 0.000000 0.000000 0.000000 0.000000 0.000000 0.000000 0.000000 0.000000 0.000000 0.000000 0.000000 0.000000 0.000000 0.000000 0.000000 0.000000 0.000000 0.000000 0.000000 0.000000 0.000000 0.000000 0.000000 0.000000 0.000000 0.000000 0.000000 0.000000 0.000000 0.000000 0.000000 0.000000 0.000000 0.000000 0.000000 0.000000 0.000000 0.000000 0.000000 0.000000 0.000000 0.000000 0.000000 0.000000 0.000000 0.000000 0.000000 0.000000 0.000000 0.000000 0.000000 0.000000 0.000000 0.000000 0.000000 0.000000 0.000000 0.000000 0.000000 0.000000 0.000000 0.000000 0.000000 0.000000 0.000000 0.000000 0.000000 0.000000 0.000000 0.000000 0.000000 0.000000 0.000000 0.000000 0.000000 0.000000 0.000000 0.000000 0.000000 0.000000 0.000000 0.000000 0.000000 0.000000 0.000000 0.000000 0.000000 0.000000 0.000000 0.000000 0.000000 0.000000 0.000000 0.000000 0.000000 0.000000 0.000000 0.000000 0.000000 0.000000 0.000000 0.000000 0.000000 0.000000 0.000000 0.000000 0.000000 0.000000 0.000000 0.000000 0.000000 0.000000 0.000000 0.000000 0.000000 0.000000 0.000000 0.000000 0.000000 0.000000 0.000000 0.000000 0.000000 0.000000 0.000000 0.000000 0.000000 0.000000 0.000000 0.000000 0.000000 0.000000 0.000000 0.000000 0.000000 0.000000 0.000000 0.000000 0.000000 0.000000 0.000000 0.000000 0.000000 0.000000 0.000000 0.000000 0.000000 0.000000 0.000000 0.000000 0.000000 0.000000 0.000000 0.000000 0.000000 0.000000 
0.000000 0.000000 0.000000 0.000000 0.000000 0.000000 0.000000 0.000000 0.000000 0.000000 0.000000 0.000000 0.000000 0.000000 0.000000 0.000000 0.000000 0.000000 0.000000 0.000000 0.000000 0.000000 0.000000 0.000000 0.000000 0.000000 0.000000 0.000000 0.000000 0.000000 0.000000 0.000000 0.000000 0.000000 0.000000 0.000000 0.000000 0.000000 0.000000 0.000000 0.000000 0.000000 0.000000 0.000000 0.000000 0.000000 0.000000 0.000000 0.000000 0.000000 0.000000 0.000000 0.000000 0.000000 0.000000 0.000000 0.000000 0.000000 0.000000 0.000000 0.000000 0.000000 0.000000 0.000000 0.000000 0.000000 0.000000 0.000000 0.000000 0.000000 0.000000 0.000000 0.000000 0.000000 0.000000 0.000000 0.000000 0.000000 0.000000 0.000000 0.000000 0.000000 0.000000 0.000000 0.000000 0.000000 0.000000 0.000000 0.000000 0.000000 0.000000 0.000000 0.000000 0.000000 0.000000 0.000000 0.000000 0.000000 0.000000 0.000000 0.000000 0.000000 0.000000 0.000000 0.000000 0.000000 0.000000 0.000000 0.000000 0.000000 0.000000 0.000000 0.000000 0.000000 0.000000 0.000000 0.000000 0.000000 0.000000 0.000000 0.000000 0.000000 0.000000 0.000000 0.000000 0.000000 0.000000 0.000000 0.000000 0.000000 0.000000 0.000000 0.000000 0.000000 0.000000 0.000000 0.000000 0.000000 0.000000 0.000000 0.000000 0.000000 0.000000 0.000000 0.000000 0.000000 0.000000 0.000000 0.000000 0.000000 0.000000 0.000000 0.000000 0.000000 0.000000 0.000000 0.000000 0.000000 0.000000 0.000000 0.000000 0.000000 0.000000 0.000000 0.000000 0.000000 0.000000 0.000000 0.000000 0.000000 0.000000 0.000000 0.000000 0.000000 0.000000 0.000000 0.000000 0.000000 0.000000 0.000000 0.000000 0.000000 0.000000 0.000000 0.000000 0.000000 0.000000 0.000000 0.000000 0.000000 0.000000 0.000000 0.000000 0.000000 0.000000 0.000000 0.000000 0.000000 0.000000 0.000000 0.000000 0.000000 0.000000 0.000000 0.000000 0.000000 0.000000 0.000000 0.000000 0.000000 0.000000 0.000000 0.000000 0.000000 0.000000 0.000000 
0.000000 0.000000 0.000000 0.000000 0.000000 0.000000 0.000000 0.000000 0.000000 0.000000 0.000000 0.000000 0.000000 0.000000 0.000000 0.000000 0.000000 0.000000 0.000000 0.000000 0.000000 0.000000 0.000000 0.000000 0.000000 0.000000 0.000000 0.000000 0.000000 0.000000 0.000000 0.000000 0.000000 0.000000 0.000000 0.000000 0.000000 0.000000 0.000000 0.000000 0.000000 0.000000 0.000000 0.000000 0.000000 0.000000 0.000000 0.000000 0.000000 0.000000 0.000000 0.000000 0.000000 0.000000 0.000000 0.000000 0.000000 0.000000 0.000000 0.000000 0.000000 0.000000 0.000000 0.000000 0.000000 0.000000 0.000000 0.000000 0.000000 0.000000 0.000000 0.000000 0.000000 0.000000 0.000000 0.000000 0.000000 0.000000 0.000000 0.000000 0.000000 0.000000 0.000000 0.000000 0.000000 0.000000 0.000000 0.000000 0.000000 0.000000 0.000000 0.000000 0.000000 0.000000 0.000000 0.000000 0.000000 0.000000 0.000000 0.000000 0.000000 0.000000 0.000000 0.000000 0.000000 0.000000 0.000000 0.000000 0.000000 0.000000 0.000000 0.000000 0.000000 0.000000 0.000000 0.000000 0.000000 0.000000 0.000000 0.000000 0.000000 0.000000 0.000000 0.000000 0.000000 0.000000 0.000000 0.000000 0.000000 0.000000 0.000000 0.000000 0.000000 0.000000 0.000000 0.000000 0.000000 0.000000 0.000000 0.000000 0.000000 0.000000 0.000000 0.000000 0.000000 0.000000 0.000000 0.000000 0.000000 0.000000 0.000000 0.000000 0.000000 0.000000 0.000000 0.000000 0.000000 0.000000 0.000000 0.000000 0.000000 0.000000 0.000000 0.000000 0.000000 0.000000 0.000000 0.000000 0.000000 0.000000 0.000000 0.000000 0.000000 0.000000 0.000000 0.000000 0.000000 0.000000 0.000000 0.000000 0.000000 0.000000 0.000000 0.000000 0.000000 0.000000 0.000000 0.000000 0.000000 0.000000 0.000000 0.000000 0.000000 0.000000 0.000000 0.000000 0.000000 0.000000 0.000000 0.000000 0.000000 0.000000 0.000000 0.000000 0.000000 0.000000 0.000000 0.000000 0.000000 0.000000 0.000000 0.000000 0.000000 0.000000 0.000000 0.000000 
0.000000 0.000000 0.000000 0.000000 0.000000 0.000000 0.000000 0.000000 0.000000 0.000000 0.000000 0.000000 0.000000 0.000000 0.000000 0.000000 0.000000 0.000000 0.000000 0.000000 0.000000 0.000000 0.000000 0.000000 0.000000 0.000000 0.000000 0.000000 0.000000 0.000000 0.000000 0.000000 0.000000 0.000000 0.000000 0.000000 0.000000 0.000000 0.000000 0.000000 0.000000 0.000000 0.000000 0.000000 0.000000 0.000000 0.000000 0.000000 0.000000 0.000000 0.000000 0.000000 0.000000 0.000000 0.000000 0.000000 0.000000 0.000000 0.000000 0.000000 0.000000 0.000000 0.000000 0.000000 0.000000 0.000000 0.000000 0.000000 0.000000 0.000000 0.000000 0.000000 0.000000 0.000000 0.000000 0.000000 0.000000 0.000000 0.000000 0.000000 0.000000 0.000000 0.000000 0.000000 0.000000 0.000000 0.000000 0.000000 0.000000 0.000000 0.000000 0.000000 0.000000 0.000000 0.000000 0.000000 0.000000 0.000000 0.000000 0.000000 0.000000 0.000000 0.000000 0.000000 0.000000 0.000000 0.000000 0.000000 0.000000 0.000000 0.000000 0.000000 0.000000 0.000000 0.000000 0.000000 0.000000 0.000000 0.000000 0.000000 0.000000 0.000000 0.000000 0.000000 0.000000 0.000000 0.000000 0.000000 0.000000 0.000000 0.000000 0.000000 0.000000 0.000000 0.000000 0.000000 0.000000 0.000000 0.000000 0.000000 0.000000 0.000000 0.000000 0.000000 0.000000 0.000000 0.000000 0.000000 0.000000 0.000000 0.000000 0.000000 0.000000 0.000000 0.000000 0.000000 0.000000 0.000000 0.000000 0.000000 0.000000 0.000000 0.000000 0.000000 0.000000 0.000000 0.000000 0.000000 0.000000 0.000000 0.000000 0.000000 0.000000 0.000000 0.000000 0.000000 0.000000 0.000000 0.000000 0.000000 0.000000 0.000000 0.000000 0.000000 0.000000 0.000000 0.000000 0.000000 0.000000 0.000000 0.000000 0.000000 0.000000 0.000000 0.000000 0.000000 0.000000 0.000000 0.000000 0.000000 0.000000 0.000000 0.000000 0.000000 0.000000 0.000000 0.000000 0.000000 0.000000 0.000000 0.000000 0.000000 0.000000 0.000000 0.000000 0.000000 
0.000000 0.000000 0.000000 0.000000 0.000000 0.000000 0.000000 0.000000 0.000000 0.000000 0.000000 0.000000 0.000000 0.000000 0.000000 0.000000 0.000000 0.000000 0.000000 0.000000 0.000000 0.000000 0.000000 0.000000 0.000000 0.000000 0.000000 0.000000 0.000000 0.000000 0.000000 0.000000 0.000000 0.000000 0.000000 0.000000 0.000000 0.000000 0.000000 0.000000 0.000000 0.000000 0.000000 0.000000 0.000000 0.000000 0.000000 0.000000 0.000000 0.000000 0.000000 0.000000 0.000000 0.000000 0.000000 0.000000 0.000000 0.000000 0.000000 0.000000 0.000000 0.000000 0.000000 0.000000 0.000000 0.000000 0.000000 0.000000 0.000000 0.000000 0.000000 0.000000 0.000000 0.000000 0.000000 0.000000 0.000000 0.000000 0.000000 0.000000 0.000000 0.000000 0.000000 0.000000 0.000000 0.000000 0.000000 0.000000 0.000000 0.000000 0.000000 0.000000 0.000000 0.000000 0.000000 0.000000 0.000000 0.000000 0.000000 0.000000 0.000000 0.000000 0.000000 0.000000 0.000000 0.000000 0.000000 0.000000 0.000000 0.000000 0.000000 0.000000 0.000000 0.000000 0.000000 0.000000 0.000000 0.000000 0.000000 0.000000 0.000000 0.000000 0.000000 0.000000 0.000000 0.000000 0.000000 0.000000 0.000000 0.000000 0.000000 0.000000 0.000000 0.000000 0.000000 0.000000 0.000000 0.000000 0.000000 0.000000 0.000000 0.000000 0.000000 0.000000 0.000000 0.000000 0.000000 0.000000 0.000000 0.000000 0.000000 0.000000 0.000000 0.000000 0.000000 0.000000 0.000000 0.000000 0.000000 0.000000 0.000000 0.000000 0.000000 0.000000 0.000000 0.000000 0.000000 0.000000 0.000000 0.000000 0.000000 0.000000 0.000000 0.000000 0.000000 0.000000 0.000000 0.000000 0.000000 0.000000 0.000000 0.000000 0.000000 0.000000 0.000000 0.000000 0.000000 0.000000 0.000000 0.000000 0.000000 0.000000 0.000000 0.000000 0.000000 0.000000 0.000000 0.000000 0.000000 0.000000 0.000000 0.000000 0.000000 0.000000 0.000000 0.000000 0.000000 0.000000 0.000000 0.000000 0.000000 0.000000 0.000000 0.000000 0.000000 0.000000 
0.000000 0.000000 0.000000 0.000000 0.000000 0.000000 0.000000 0.000000 0.000000 0.000000 0.000000 0.000000 0.000000 0.000000 0.000000 0.000000 0.000000 0.000000 0.000000 0.000000 0.000000 0.000000 0.000000 0.000000 0.000000 0.000000 0.000000 0.000000 0.000000 0.000000 0.000000 0.000000 0.000000 0.000000 0.000000 0.000000 0.000000 0.000000 0.000000 0.000000 0.000000 0.000000 0.000000 0.000000 0.000000 0.000000 0.000000 0.000000 0.000000 0.000000 0.000000 0.000000 0.000000 0.000000 0.000000 0.000000 0.000000 0.000000 0.000000 0.000000 0.000000 0.000000 0.000000 0.000000 0.000000 0.000000 0.000000 0.000000 0.000000 0.000000 0.000000 0.000000 0.000000 0.000000 0.000000 0.000000 0.000000 0.000000 0.000000 0.000000 0.000000 0.000000 0.000000 0.000000 0.000000 0.000000 0.000000 0.000000 0.000000 0.000000 0.000000 0.000000 0.000000 0.000000 0.000000 0.000000 0.000000 0.000000 0.000000 0.000000 0.000000 0.000000 0.000000 0.000000 0.000000 0.000000 0.000000 0.000000 0.000000 0.000000 0.000000 0.000000 0.000000 0.000000 0.000000 0.000000 0.000000 0.000000 0.000000 0.000000 0.000000 0.000000 0.000000 0.000000 0.000000 0.000000 0.000000 0.000000 0.000000 0.000000 0.000000 0.000000 0.000000 0.000000 0.000000 0.000000 0.000000 0.000000 0.000000 0.000000 0.000000 0.000000 0.000000 0.000000 0.000000 0.000000 0.000000 0.000000 0.000000 0.000000 0.000000 0.000000 0.000000 0.000000 0.000000 0.000000 0.000000 0.000000 0.000000 0.000000 0.000000 0.000000 0.000000 0.000000 0.000000 0.000000 0.000000 0.000000 0.000000 0.000000 0.000000 0.000000 0.000000 0.000000 0.000000 0.000000 0.000000 0.000000 0.000000 0.000000 0.000000 0.000000 0.000000 0.000000 0.000000 0.000000 0.000000 0.000000 0.000000 0.000000 0.000000 0.000000 0.000000 0.000000 0.000000 0.000000 0.000000 0.000000 0.000000 0.000000 0.000000 0.000000 0.000000 0.000000 0.000000 0.000000 0.000000 0.000000 0.000000 0.000000 0.000000 0.000000 0.000000 0.000000 0.000000 0.000000 
0.000000 0.000000 0.000000 0.000000 0.000000 0.000000 0.000000 0.000000 0.000000 0.000000 0.000000 0.000000 0.000000 0.000000 0.000000 0.000000 0.000000 0.000000 0.000000 0.000000 0.000000 0.000000 0.000000 0.000000 0.000000 0.000000 0.000000 0.000000 0.000000 0.000000 0.000000 0.000000 0.000000 0.000000 0.000000 0.000000 0.000000 0.000000 0.000000 0.000000 0.000000 0.000000 0.000000 0.000000 0.000000 0.000000 0.000000 0.000000 0.000000 0.000000 0.000000 0.000000 0.000000 0.000000 0.000000 0.000000 0.000000 0.000000 0.000000 0.000000 0.000000 0.000000 0.000000 0.000000 0.000000 0.000000 0.000000 0.000000 0.000000 0.000000 0.000000 0.000000 0.000000 0.000000 0.000000 0.000000 0.000000 0.000000 0.000000 0.000000 0.000000 0.000000 0.000000 0.000000 0.000000 0.000000 0.000000 0.000000 0.000000 0.000000 0.000000 0.000000 0.000000 0.000000 0.000000 0.000000 0.000000 0.000000 0.000000 0.000000 0.000000 0.000000 0.000000 0.000000 0.000000 0.000000 0.000000 0.000000 0.000000 0.000000 0.000000 0.000000 0.000000 0.000000 0.000000 0.000000 0.000000 0.000000 0.000000 0.000000 0.000000 0.000000 0.000000 0.000000 0.000000 0.000000 0.000000 0.000000 0.000000 0.000000 0.000000 0.000000 0.000000 0.000000 0.000000 0.000000 0.000000 0.000000 0.000000 0.000000 0.000000 0.000000 0.000000 0.000000 0.000000 0.000000 0.000000 0.000000 0.000000 0.000000 0.000000 0.000000 0.000000 0.000000 0.000000 0.000000 0.000000 0.000000 0.000000 0.000000 0.000000 0.000000 0.000000 0.000000 0.000000 0.000000 0.000000 0.000000 0.000000 0.000000 0.000000 0.000000 0.000000 0.000000 0.000000 0.000000 0.000000 0.000000 0.000000 0.000000 0.000000 0.000000 0.000000 0.000000 0.000000 0.000000 0.000000 0.000000 0.000000 0.000000 0.000000 0.000000 0.000000 0.000000 0.000000 0.000000 0.000000 0.000000 0.000000 0.000000 0.000000 0.000000 0.000000 0.000000 0.000000 0.000000 0.000000 0.000000 0.000000 0.000000 0.000000 0.000000 0.000000 0.000000 0.000000 0.000000 
0.000000 0.000000 0.000000 0.000000 0.000000 0.000000 0.000000 0.000000 0.000000 0.000000 0.000000 0.000000 0.000000 0.000000 0.000000 0.000000 0.000000 0.000000 0.000000 0.000000 0.000000 0.000000 0.000000 0.000000 0.000000 0.000000 0.000000 0.000000 0.000000 0.000000 0.000000 0.000000 0.000000 0.000000 0.000000 0.000000 0.000000 0.000000 0.000000 0.000000 0.000000 0.000000 0.000000 0.000000 0.000000 0.000000 0.000000 0.000000 0.000000 0.000000 0.000000 0.000000 0.000000 0.000000 0.000000 0.000000 0.000000 0.000000 0.000000 0.000000 0.000000 0.000000 0.000000 0.000000 0.000000 0.000000 0.000000 0.000000 0.000000 0.000000 0.000000 0.000000 0.000000 0.000000 0.000000 0.000000 0.000000 0.000000 0.000000 0.000000 0.000000 0.000000 0.000000 0.000000 0.000000 0.000000 0.000000 0.000000 0.000000 0.000000 0.000000 0.000000 0.000000 0.000000 0.000000 0.000000 0.000000 0.000000 0.000000 0.000000 0.000000 0.000000 0.000000 0.000000 0.000000 0.000000 0.000000 0.000000 0.000000 0.000000 0.000000 0.000000 0.000000 0.000000 0.000000 0.000000 0.000000 0.000000 0.000000 0.000000 0.000000 0.000000 0.000000 0.000000 0.000000 0.000000 0.000000 0.000000 0.000000 0.000000 0.000000 0.000000 0.000000 0.000000 0.000000 0.000000 0.000000 0.000000 0.000000 0.000000 0.000000 0.000000 0.000000 0.000000 0.000000 0.000000 0.000000 0.000000 0.000000 0.000000 0.000000 0.000000 0.000000 0.000000 0.000000 0.000000 0.000000 0.000000 0.000000 0.000000 0.000000 0.000000 0.000000 0.000000 0.000000 0.000000 0.000000 0.000000 0.000000 0.000000 0.000000 0.000000 0.000000 0.000000 0.000000 0.000000 0.000000 0.000000 0.000000 0.000000 0.000000 0.000000 0.000000 0.000000 0.000000 0.000000 0.000000 0.000000 0.000000 0.000000 0.000000 0.000000 0.000000 0.000000 0.000000 0.000000 0.000000 0.000000 0.000000 0.000000 0.000000 0.000000 0.000000 0.000000 0.000000 0.000000 0.000000 0.000000 0.000000 0.000000 0.000000 0.000000 0.000000 0.000000 0.000000 0.000000 
0.000000 0.000000 0.000000 0.000000 0.000000 0.000000 0.000000 0.000000 0.000000 0.000000 0.000000 0.000000 0.000000 0.000000 0.000000 0.000000 0.000000 0.000000 0.000000 0.000000 0.000000 0.000000 0.000000 0.000000 0.000000 0.000000 0.000000 0.000000 0.000000 0.000000 0.000000 0.000000 0.000000 0.000000 0.000000 0.000000 0.000000 0.000000 0.000000 0.000000 0.000000 0.000000 0.000000 0.000000 0.000000 0.000000 0.000000 0.000000 0.000000 0.000000 0.000000 0.000000 0.000000 0.000000 0.000000 0.000000 0.000000 0.000000 0.000000 0.000000 0.000000 0.000000 0.000000 0.000000 0.000000 0.000000 0.000000 0.000000 0.000000 0.000000 0.000000 0.000000 0.000000 0.000000 0.000000 0.000000 0.000000 0.000000 0.000000 0.000000 0.000000 0.000000 0.000000 0.000000 0.000000 0.000000 0.000000 0.000000 0.000000 0.000000 0.000000 0.000000 0.000000 0.000000 0.000000 0.000000 0.000000 0.000000 0.000000 0.000000 0.000000 0.000000 0.000000 0.000000 0.000000 0.000000 0.000000 0.000000 0.000000 0.000000 0.000000 0.000000 0.000000 0.000000 0.000000 0.000000 0.000000 0.000000 0.000000 0.000000 0.000000 0.000000 0.000000 0.000000 0.000000 0.000000 0.000000 0.000000 0.000000 0.000000 0.000000 0.000000 0.000000 0.000000 0.000000 0.000000 0.000000 0.000000 0.000000 0.000000 0.000000 0.000000 0.000000 0.000000 0.000000 0.000000 0.000000 0.000000 0.000000 0.000000 0.000000 0.000000 0.000000 0.000000 0.000000 0.000000 0.000000 0.000000 0.000000 0.000000 0.000000 0.000000 0.000000 0.000000 0.000000 0.000000 0.000000 0.000000 0.000000 0.000000 0.000000 0.000000 0.000000 0.000000 0.000000 0.000000 0.000000 0.000000 0.000000 0.000000 0.000000 0.000000 0.000000 0.000000 0.000000 0.000000 0.000000 0.000000 0.000000 0.000000 0.000000 0.000000 0.000000 0.000000 0.000000 0.000000 0.000000 0.000000 0.000000 0.000000 0.000000 0.000000 0.000000 0.000000 0.000000 0.000000 0.000000 0.000000 0.000000 0.000000 0.000000 0.000000 0.000000 0.000000 0.000000 0.000000 
0.000000 0.000000 0.000000 0.000000 0.000000 0.000000 0.000000 0.000000 0.000000 0.000000 0.000000 0.000000 0.000000 0.000000 0.000000 0.000000 0.000000 0.000000 0.000000 0.000000 0.000000 0.000000 0.000000 0.000000 0.000000 0.000000 0.000000 0.000000 0.000000 0.000000 0.000000 0.000000 0.000000 0.000000 0.000000 0.000000 0.000000 0.000000 0.000000 0.000000 0.000000 0.000000 0.000000 0.000000 0.000000 0.000000 0.000000 0.000000 0.000000 0.000000 0.000000 0.000000 0.000000 0.000000 0.000000 0.000000 0.000000 0.000000 0.000000 0.000000 0.000000 0.000000 0.000000 0.000000 0.000000 0.000000 0.000000 0.000000 0.000000 0.000000 0.000000 0.000000 0.000000 0.000000 0.000000 0.000000 0.000000 0.000000 0.000000 0.000000 0.000000 0.000000 0.000000 0.000000 0.000000 0.000000 0.000000 0.000000 0.000000 0.000000 0.000000 0.000000 0.000000 0.000000 0.000000 0.000000 0.000000 0.000000 0.000000 0.000000 0.000000 0.000000 0.000000 0.000000 0.000000 0.000000 0.000000 0.000000 0.000000 0.000000 0.000000 0.000000 0.000000 0.000000 0.000000 0.000000 0.000000 0.000000 0.000000 0.000000 0.000000 0.000000 0.000000 0.000000 0.000000 0.000000 0.000000 0.000000 0.000000 0.000000 0.000000 0.000000 0.000000 0.000000 0.000000 0.000000 0.000000 0.000000 0.000000 0.000000 0.000000 0.000000 0.000000 0.000000 0.000000 0.000000 0.000000 0.000000 0.000000 0.000000 0.000000 0.000000 0.000000 0.000000 0.000000 0.000000 0.000000 0.000000 0.000000 0.000000 0.000000 0.000000 0.000000 0.000000 0.000000 0.000000 0.000000 0.000000 0.000000 0.000000 0.000000 0.000000 0.000000 0.000000 0.000000 0.000000 0.000000 0.000000 0.000000 0.000000 0.000000 0.000000 0.000000 0.000000 0.000000 0.000000 0.000000 0.000000 0.000000 0.000000 0.000000 0.000000 0.000000 0.000000 0.000000 0.000000 0.000000 0.000000 0.000000 0.000000 0.000000 0.000000 0.000000 0.000000 0.000000 0.000000 0.000000 0.000000 0.000000 0.000000 0.000000 0.000000 0.000000 0.000000 0.000000 0.000000 
0.000000 0.000000 0.000000 0.000000 0.000000 0.000000 0.000000 0.000000 0.000000 0.000000 0.000000 0.000000 0.000000 0.000000 0.000000 0.000000 0.000000 0.000000 0.000000 0.000000 0.000000 0.000000 0.000000 0.000000 0.000000 0.000000 0.000000 0.000000 0.000000 0.000000 0.000000 0.000000 0.000000 0.000000 0.000000 0.000000 0.000000 0.000000 0.000000 0.000000 0.000000 0.000000 0.000000 0.000000 0.000000 0.000000 0.000000 0.000000 0.000000 0.000000 0.000000 0.000000 0.000000 0.000000 0.000000 0.000000 0.000000 0.000000 0.000000 0.000000 0.000000 0.000000 0.000000 0.000000 0.000000 0.000000 0.000000 0.000000 0.000000 0.000000 0.000000 0.000000 0.000000 0.000000 0.000000 0.000000 0.000000 0.000000 0.000000 0.000000 0.000000 0.000000 0.000000 0.000000 0.000000 0.000000 0.000000 0.000000 0.000000 0.000000 0.000000 0.000000 0.000000 0.000000 0.000000 0.000000 0.000000 0.000000 0.000000 0.000000 0.000000 0.000000 0.000000 0.000000 0.000000 0.000000 0.000000 0.000000 0.000000 0.000000 0.000000 0.000000 0.000000 0.000000 0.000000 0.000000 0.000000 0.000000 0.000000 0.000000 0.000000 0.000000 0.000000 0.000000 0.000000 0.000000 0.000000 0.000000 0.000000 0.000000 0.000000 0.000000 0.000000 0.000000 0.000000 0.000000 0.000000 0.000000 0.000000 0.000000 0.000000 0.000000 0.000000 0.000000 0.000000 0.000000 0.000000 0.000000 0.000000 0.000000 0.000000 0.000000 0.000000 0.000000 0.000000 0.000000 0.000000 0.000000 0.000000 0.000000 0.000000 0.000000 0.000000 0.000000 0.000000 0.000000 0.000000 0.000000 0.000000 0.000000 0.000000 0.000000 0.000000 0.000000 0.000000 0.000000 0.000000 0.000000 0.000000 0.000000 0.000000 0.000000 0.000000 0.000000 0.000000 0.000000 0.000000 0.000000 0.000000 0.000000 0.000000 0.000000 0.000000 0.000000 0.000000 0.000000 0.000000 0.000000 0.000000 0.000000 0.000000 0.000000 0.000000 0.000000 0.000000 0.000000 0.000000 0.000000 0.000000 0.000000 0.000000 0.000000 0.000000 0.000000 0.000000 0.000000 
0.000000 0.000000 0.000000 0.000000 0.000000 0.000000 0.000000 0.000000 0.000000 0.000000 0.000000 0.000000 0.000000 0.000000 0.000000 0.000000 0.000000 0.000000 0.000000 0.000000 0.000000 0.000000 0.000000 0.000000 0.000000 0.000000 0.000000 0.000000 0.000000 0.000000 0.000000 0.000000 0.000000 0.000000 0.000000 0.000000 0.000000 0.000000 0.000000 0.000000 0.000000 0.000000 0.000000 0.000000 0.000000 0.000000 0.000000 0.000000 0.000000 0.000000 0.000000 0.000000 0.000000 0.000000 0.000000 0.000000 0.000000 0.000000 0.000000 0.000000 0.000000 0.000000 0.000000 0.000000 0.000000 0.000000 0.000000 0.000000 0.000000 0.000000 0.000000 0.000000 0.000000 0.000000 0.000000 0.000000 0.000000 0.000000 0.000000 0.000000 0.000000 0.000000 0.000000 0.000000 0.000000 0.000000 0.000000 0.000000 0.000000 0.000000 0.000000 0.000000 0.000000 0.000000 0.000000 0.000000 0.000000 0.000000 0.000000 0.000000 0.000000 0.000000 0.000000 0.000000 0.000000 0.000000 0.000000 0.000000 0.000000 0.000000 0.000000 0.000000 0.000000 0.000000 0.000000 0.000000 0.000000 0.000000 0.000000 0.000000 0.000000 0.000000 0.000000 0.000000 0.000000 0.000000 0.000000 0.000000 0.000000 0.000000 0.000000 0.000000 0.000000 0.000000 0.000000 0.000000 0.000000 0.000000 0.000000 0.000000 0.000000 0.000000 0.000000 0.000000 0.000000 0.000000 0.000000 0.000000 0.000000 0.000000 0.000000 0.000000 0.000000 0.000000 0.000000 0.000000 0.000000 0.000000 0.000000 0.000000 0.000000 0.000000 0.000000 0.000000 0.000000 0.000000 0.000000 0.000000 0.000000 0.000000 0.000000 0.000000 0.000000 0.000000 0.000000 0.000000 0.000000 0.000000 0.000000 0.000000 0.000000 0.000000 0.000000 0.000000 0.000000 0.000000 0.000000 0.000000 0.000000 0.000000 0.000000 0.000000 0.000000 0.000000 0.000000 0.000000 0.000000 0.000000 0.000000 0.000000 0.000000 0.000000 0.000000 0.000000 0.000000 0.000000 0.000000 0.000000 0.000000 0.000000 0.000000 0.000000 0.000000 0.000000 0.000000 0.000000 
0.000000 0.000000 0.000000 0.000000 0.000000 0.000000 0.000000 0.000000 0.000000 0.000000 0.000000 0.000000 0.000000 0.000000 0.000000 0.000000 0.000000 0.000000 0.000000 0.000000 0.000000 0.000000 0.000000 0.000000 0.000000 0.000000 0.000000 0.000000 0.000000 0.000000 0.000000 0.000000 0.000000 0.000000 0.000000 0.000000 0.000000 0.000000 0.000000 0.000000 0.000000 0.000000 0.000000 0.000000 0.000000 0.000000 0.000000 0.000000 0.000000 0.000000 0.000000 0.000000 0.000000 0.000000 0.000000 0.000000 0.000000 0.000000 0.000000 0.000000 0.000000 0.000000 0.000000 0.000000 0.000000 0.000000 0.000000 0.000000 0.000000 0.000000 0.000000 0.000000 0.000000 0.000000 0.000000 0.000000 0.000000 0.000000 0.000000 0.000000 0.000000 0.000000 0.000000 0.000000 0.000000 0.000000 0.000000 0.000000 0.000000 0.000000 0.000000 0.000000 0.000000 0.000000 0.000000 0.000000 0.000000 0.000000 0.000000 0.000000 0.000000 0.000000 0.000000 0.000000 0.000000 0.000000 0.000000 0.000000 0.000000 0.000000 0.000000 0.000000 0.000000 0.000000 0.000000 0.000000 0.000000 0.000000 0.000000 0.000000 0.000000 0.000000 0.000000 0.000000 0.000000 0.000000 0.000000 0.000000 0.000000 0.000000 0.000000 0.000000 0.000000 0.000000 0.000000 0.000000 0.000000 0.000000 0.000000 0.000000 0.000000 0.000000 0.000000 0.000000 0.000000 0.000000 0.000000 0.000000 0.000000 0.000000 0.000000 0.000000 0.000000 0.000000 0.000000 0.000000 0.000000 0.000000 0.000000 0.000000 0.000000 0.000000 0.000000 0.000000 0.000000 0.000000 0.000000 0.000000 0.000000 0.000000 0.000000 0.000000 0.000000 0.000000 0.000000 0.000000 0.000000 0.000000 0.000000 0.000000 0.000000 0.000000 0.000000 0.000000 0.000000 0.000000 0.000000 0.000000 0.000000 0.000000 0.000000 0.000000 0.000000 0.000000 0.000000 0.000000 0.000000 0.000000 0.000000 0.000000 0.000000 0.000000 0.000000 0.000000 0.000000 0.000000 0.000000 0.000000 0.000000 0.000000 0.000000 0.000000 0.000000 0.000000 0.000000 0.000000 
0.000000 0.000000 0.000000 0.000000 0.000000 0.000000 0.000000 0.000000 0.000000 0.000000 0.000000 0.000000 0.000000 0.000000 0.000000 0.000000 0.000000 0.000000 0.000000 0.000000 0.000000 0.000000 0.000000 0.000000 0.000000 0.000000 0.000000 0.000000 0.000000 0.000000 0.000000 0.000000 0.000000 0.000000 0.000000 0.000000 0.000000 0.000000 0.000000 0.000000 0.000000 0.000000 0.000000 0.000000 0.000000 0.000000 0.000000 0.000000 0.000000 0.000000 0.000000 0.000000 0.000000 0.000000 0.000000 0.000000 0.000000 0.000000 0.000000 0.000000 0.000000 0.000000 0.000000 0.000000 0.000000 0.000000 0.000000 0.000000 0.000000 0.000000 0.000000 0.000000 0.000000 0.000000 0.000000 0.000000 0.000000 0.000000 0.000000 0.000000 0.000000 0.000000 0.000000 0.000000 0.000000 0.000000 0.000000 0.000000 0.000000 0.000000 0.000000 0.000000 0.000000 0.000000 0.000000 0.000000 0.000000 0.000000 0.000000 0.000000 0.000000 0.000000 0.000000 0.000000 0.000000 0.000000 0.000000 0.000000 0.000000 0.000000 0.000000 0.000000 0.000000 0.000000 0.000000 0.000000 0.000000 0.000000 0.000000 0.000000 0.000000 0.000000 0.000000 0.000000 0.000000 0.000000 0.000000 0.000000 0.000000 0.000000 0.000000 0.000000 0.000000 0.000000 0.000000 0.000000 0.000000 0.000000 0.000000 0.000000 0.000000 0.000000 0.000000 0.000000 0.000000 0.000000 0.000000 0.000000 0.000000 0.000000 0.000000 0.000000 0.000000 0.000000 0.000000 0.000000 0.000000 0.000000 0.000000 0.000000 0.000000 0.000000 0.000000 0.000000 0.000000 0.000000 0.000000 0.000000 0.000000 0.000000 0.000000 0.000000 0.000000 0.000000 0.000000 0.000000 0.000000 0.000000 0.000000 0.000000 0.000000 0.000000 0.000000 0.000000 0.000000 0.000000 0.000000 0.000000 0.000000 0.000000 0.000000 0.000000 0.000000 0.000000 0.000000 0.000000 0.000000 0.000000 0.000000 0.000000 0.000000 0.000000 0.000000 0.000000 0.000000 0.000000 0.000000 0.000000 0.000000 0.000000 0.000000 0.000000 0.000000 0.000000 0.000000 0.000000 
0.000000 0.000000 0.000000 0.000000 0.000000 0.000000 0.000000 0.000000 0.000000 0.000000 0.000000 0.000000 0.000000 0.000000 0.000000 0.000000 0.000000 0.000000 0.000000 0.000000 0.000000 0.000000 0.000000 0.000000 0.000000 0.000000 0.000000 0.000000 0.000000 0.000000 0.000000 0.000000 0.000000 0.000000 0.000000 0.000000 0.000000 0.000000 0.000000 0.000000 0.000000 0.000000 0.000000 0.000000 0.000000 0.000000 0.000000 0.000000 0.000000 0.000000 0.000000 0.000000 0.000000 0.000000 0.000000 0.000000 0.000000 0.000000 0.000000 0.000000 0.000000 0.000000 0.000000 0.000000 0.000000 0.000000 0.000000 0.000000 0.000000 0.000000 0.000000 0.000000 0.000000 0.000000 0.000000 0.000000 0.000000 0.000000 0.000000 0.000000 0.000000 0.000000 0.000000 0.000000 0.000000 0.000000 0.000000 0.000000 0.000000 0.000000 0.000000 0.000000 0.000000 0.000000 0.000000 0.000000 0.000000 0.000000 0.000000 0.000000 0.000000 0.000000 0.000000 0.000000 0.000000 0.000000 0.000000 0.000000 0.000000 0.000000 0.000000 0.000000 0.000000 0.000000 0.000000 0.000000 0.000000 0.000000 0.000000 0.000000 0.000000 0.000000 0.000000 0.000000 0.000000 0.000000 0.000000 0.000000 0.000000 0.000000 0.000000 0.000000 0.000000 0.000000 0.000000 0.000000 0.000000 0.000000 0.000000 0.000000 0.000000 0.000000 0.000000 0.000000 0.000000 0.000000 0.000000 0.000000 0.000000 0.000000 0.000000 0.000000 0.000000 0.000000 0.000000 0.000000 0.000000 0.000000 0.000000 0.000000 0.000000 0.000000 0.000000 0.000000 0.000000 0.000000 0.000000 0.000000 0.000000 0.000000 0.000000 0.000000 0.000000 0.000000 0.000000 0.000000 0.000000 0.000000 0.000000 0.000000 0.000000 0.000000 0.000000 0.000000 0.000000 0.000000 0.000000 0.000000 0.000000 0.000000 0.000000 0.000000 0.000000 0.000000 0.000000 0.000000 0.000000 0.000000 0.000000 0.000000 0.000000 0.000000 0.000000 0.000000 0.000000 0.000000 0.000000 0.000000 0.000000 0.000000 0.000000 0.000000 0.000000 0.000000 0.000000 0.000000 
0.000000 0.000000 0.000000 0.000000 0.000000 0.000000 0.000000 0.000000 0.000000 0.000000 0.000000 0.000000 0.000000 0.000000 0.000000 0.000000 0.000000 0.000000 0.000000 0.000000 0.000000 0.000000 0.000000 0.000000 0.000000 0.000000 0.000000 0.000000 0.000000 0.000000 0.000000 0.000000 0.000000 0.000000 0.000000 0.000000 0.000000 0.000000 0.000000 0.000000 0.000000 0.000000 0.000000 0.000000 0.000000 0.000000 0.000000 0.000000 0.000000 0.000000 0.000000 0.000000 0.000000 0.000000 0.000000 0.000000 0.000000 0.000000 0.000000 0.000000 0.000000 0.000000 0.000000 0.000000 0.000000 0.000000 0.000000 0.000000 0.000000 0.000000 0.000000 0.000000 0.000000 0.000000 0.000000 0.000000 0.000000 0.000000 0.000000 0.000000 0.000000 0.000000 0.000000 0.000000 0.000000 0.000000 0.000000 0.000000 0.000000 0.000000 0.000000 0.000000 0.000000 0.000000 0.000000 0.000000 0.000000 0.000000 0.000000 0.000000 0.000000 0.000000 0.000000 0.000000 0.000000 0.000000 0.000000 0.000000 0.000000 0.000000 0.000000 0.000000 0.000000 0.000000 0.000000 0.000000 0.000000 0.000000 0.000000 0.000000 0.000000 0.000000 0.000000 0.000000 0.000000 0.000000 0.000000 0.000000 0.000000 0.000000 0.000000 0.000000 0.000000 0.000000 0.000000 0.000000 0.000000 0.000000 0.000000 0.000000 0.000000 0.000000 0.000000 0.000000 0.000000 0.000000 0.000000 0.000000 0.000000 0.000000 0.000000 0.000000 0.000000 0.000000 0.000000 0.000000 0.000000 0.000000 0.000000 0.000000 0.000000 0.000000 0.000000 0.000000 0.000000 0.000000 0.000000 0.000000 0.000000 0.000000 0.000000 0.000000 0.000000 0.000000 0.000000 0.000000 0.000000 0.000000 0.000000 0.000000 0.000000 0.000000 0.000000 0.000000 0.000000 0.000000 0.000000 0.000000 0.000000 0.000000 0.000000 0.000000 0.000000 0.000000 0.000000 0.000000 0.000000 0.000000 0.000000 0.000000 0.000000 0.000000 0.000000 0.000000 0.000000 0.000000 0.000000 0.000000 0.000000 0.000000 0.000000 0.000000 0.000000 0.000000 0.000000 0.000000 
0.000000 0.000000 0.000000 0.000000 0.000000 0.000000 0.000000 0.000000 0.000000 0.000000 0.000000 0.000000 0.000000 0.000000 0.000000 0.000000 0.000000 0.000000 0.000000 0.000000 0.000000 0.000000 0.000000 0.000000 0.000000 0.000000 0.000000 0.000000 0.000000 0.000000 0.000000 0.000000 0.000000 0.000000 0.000000 0.000000 0.000000 0.000000 0.000000 0.000000 0.000000 0.000000 0.000000 0.000000 0.000000 0.000000 0.000000 0.000000 0.000000 0.000000 0.000000 0.000000 0.000000 0.000000 0.000000 0.000000 0.000000 0.000000 0.000000 0.000000 0.000000 0.000000 0.000000 0.000000 0.000000 0.000000 0.000000 0.000000 0.000000 0.000000 0.000000 0.000000 0.000000 0.000000 0.000000 0.000000 0.000000 0.000000 0.000000 0.000000 0.000000 0.000000 0.000000 0.000000 0.000000 0.000000 0.000000 0.000000 0.000000 0.000000 0.000000 0.000000 0.000000 0.000000 0.000000 0.000000 0.000000 0.000000 0.000000 0.000000 0.000000 0.000000 0.000000 0.000000 0.000000 0.000000 0.000000 0.000000 0.000000 0.000000 0.000000 0.000000 0.000000 0.000000 0.000000 0.000000 0.000000 0.000000 0.000000 0.000000 0.000000 0.000000 0.000000 0.000000 0.000000 0.000000 0.000000 0.000000 0.000000 0.000000 0.000000 0.000000 0.000000 0.000000 0.000000 0.000000 0.000000 0.000000 0.000000 0.000000 0.000000 0.000000 0.000000 0.000000 0.000000 0.000000 0.000000 0.000000 0.000000 0.000000 0.000000 0.000000 0.000000 0.000000 0.000000 0.000000 0.000000 0.000000 0.000000 0.000000 0.000000 0.000000 0.000000 0.000000 0.000000 0.000000 0.000000 0.000000 0.000000 0.000000 0.000000 0.000000 0.000000 0.000000 0.000000 0.000000 0.000000 0.000000 0.000000 0.000000 0.000000 0.000000 0.000000 0.000000 0.000000 0.000000 0.000000 0.000000 0.000000 0.000000 0.000000 0.000000 0.000000 0.000000 0.000000 0.000000 0.000000 0.000000 0.000000 0.000000 0.000000 0.000000 0.000000 0.000000 0.000000 0.000000 0.000000 0.000000 0.000000 0.000000 0.000000 0.000000 0.000000 0.000000 0.000000 0.000000 
0.000000 0.000000 0.000000 0.000000 0.000000 0.000000 0.000000 0.000000 0.000000 0.000000 0.000000 0.000000 0.000000 0.000000 0.000000 0.000000 0.000000 0.000000 0.000000 0.000000 0.000000 0.000000 0.000000 0.000000 0.000000 0.000000 0.000000 0.000000 0.000000 0.000000 0.000000 0.000000 0.000000 0.000000 0.000000 0.000000 0.000000 0.000000 0.000000 0.000000 0.000000 0.000000 0.000000 0.000000 0.000000 0.000000 0.000000 0.000000 0.000000 0.000000 0.000000 0.000000 0.000000 0.000000 0.000000 0.000000 0.000000 0.000000 0.000000 0.000000 0.000000 0.000000 0.000000 0.000000 0.000000 0.000000 0.000000 0.000000 0.000000 0.000000 0.000000 0.000000 0.000000 0.000000 0.000000 0.000000 0.000000 0.000000 0.000000 0.000000 0.000000 0.000000 0.000000 0.000000 0.000000 0.000000 0.000000 0.000000 0.000000 0.000000 0.000000 0.000000 0.000000 0.000000 0.000000 0.000000 0.000000 0.000000 0.000000 0.000000 0.000000 0.000000 0.000000 0.000000 0.000000 0.000000 0.000000 0.000000 0.000000 0.000000 0.000000 0.000000 0.000000 0.000000 0.000000 0.000000 0.000000 0.000000 0.000000 0.000000 0.000000 0.000000 0.000000 0.000000 0.000000 0.000000 0.000000 0.000000 0.000000 0.000000 0.000000 0.000000 0.000000 0.000000 0.000000 0.000000 0.000000 0.000000 0.000000 0.000000 0.000000 0.000000 0.000000 0.000000 0.000000 0.000000 0.000000 0.000000 0.000000 0.000000 0.000000 0.000000 0.000000 0.000000 0.000000 0.000000 0.000000 0.000000 0.000000 0.000000 0.000000 0.000000 0.000000 0.000000 0.000000 0.000000 0.000000 0.000000 0.000000 0.000000 0.000000 0.000000 0.000000 0.000000 0.000000 0.000000 0.000000 0.000000 0.000000 0.000000 0.000000 0.000000 0.000000 0.000000 0.000000 0.000000 0.000000 0.000000 0.000000 0.000000 0.000000 0.000000 0.000000 0.000000 0.000000 0.000000 0.000000 0.000000 0.000000 0.000000 0.000000 0.000000 0.000000 0.000000 0.000000 0.000000 0.000000 0.000000 0.000000 0.000000 0.000000 0.000000 0.000000 0.000000 0.000000 0.000000 
0.000000 0.000000 0.000000 0.000000 0.000000 0.000000 0.000000 0.000000 0.000000 0.000000 0.000000 0.000000 0.000000 0.000000 0.000000 0.000000 0.000000 0.000000 0.000000 0.000000 0.000000 0.000000 0.000000 0.000000 0.000000 0.000000 0.000000 0.000000 0.000000 0.000000 0.000000 0.000000 0.000000 0.000000 0.000000 0.000000 0.000000 0.000000 0.000000 0.000000 0.000000 0.000000 0.000000 0.000000 0.000000 0.000000 0.000000 0.000000 0.000000 0.000000 0.000000 0.000000 0.000000 0.000000 0.000000 0.000000 0.000000 0.000000 0.000000 0.000000 0.000000 0.000000 0.000000 0.000000 0.000000 0.000000 0.000000 0.000000 0.000000 0.000000 0.000000 0.000000 0.000000 0.000000 0.000000 0.000000 0.000000 0.000000 0.000000 0.000000 0.000000 0.000000 0.000000 0.000000 0.000000 0.000000 0.000000 0.000000 0.000000 0.000000 0.000000 0.000000 0.000000 0.000000 0.000000 0.000000 0.000000 0.000000 0.000000 0.000000 0.000000 0.000000 0.000000 0.000000 0.000000 0.000000 0.000000 0.000000 0.000000 0.000000 0.000000 0.000000 0.000000 0.000000 0.000000 0.000000 0.000000 0.000000 0.000000 0.000000 0.000000 0.000000 0.000000 0.000000 0.000000 0.000000 0.000000 0.000000 0.000000 0.000000 0.000000 0.000000 0.000000 0.000000 0.000000 0.000000 0.000000 0.000000 0.000000 0.000000 0.000000 0.000000 0.000000 0.000000 0.000000 0.000000 0.000000 0.000000 0.000000 0.000000 0.000000 0.000000 0.000000 0.000000 0.000000 0.000000 0.000000 0.000000 0.000000 0.000000 0.000000 0.000000 0.000000 0.000000 0.000000 0.000000 0.000000 0.000000 0.000000 0.000000 0.000000 0.000000 0.000000 0.000000 0.000000 0.000000 0.000000 0.000000 0.000000 0.000000 0.000000 0.000000 0.000000 0.000000 0.000000 0.000000 0.000000 0.000000 0.000000 0.000000 0.000000 0.000000 0.000000 0.000000 0.000000 0.000000 0.000000 0.000000 0.000000 0.000000 0.000000 0.000000 0.000000 0.000000 0.000000 0.000000 0.000000 0.000000 0.000000 0.000000 0.000000 0.000000 0.000000 0.000000 0.000000 0.000000 
0.000000 0.000000 0.000000 0.000000 0.000000 0.000000 0.000000 0.000000 0.000000 0.000000 0.000000 0.000000 0.000000 0.000000 0.000000 0.000000 0.000000 0.000000 0.000000 0.000000 0.000000 0.000000 0.000000 0.000000 0.000000 0.000000 0.000000 0.000000 0.000000 0.000000 0.000000 0.000000 0.000000 0.000000 0.000000 0.000000 0.000000 0.000000 0.000000 0.000000 0.000000 0.000000 0.000000 0.000000 0.000000 0.000000 0.000000 0.000000 0.000000 0.000000 0.000000 0.000000 0.000000 0.000000 0.000000 0.000000 0.000000 0.000000 0.000000 0.000000 0.000000 0.000000 0.000000 0.000000 0.000000 0.000000 0.000000 0.000000 0.000000 0.000000 0.000000 0.000000 0.000000 0.000000 0.000000 0.000000 0.000000 0.000000 0.000000 0.000000 0.000000 0.000000 0.000000 0.000000 0.000000 0.000000 0.000000 0.000000 0.000000 0.000000 0.000000 0.000000 0.000000 0.000000 0.000000 0.000000 0.000000 0.000000 0.000000 0.000000 0.000000 0.000000 0.000000 0.000000 0.000000 0.000000 0.000000 0.000000 0.000000 0.000000 0.000000 0.000000 0.000000 0.000000 0.000000 0.000000 0.000000 0.000000 0.000000 0.000000 0.000000 0.000000 0.000000 0.000000 0.000000 0.000000 0.000000 0.000000 0.000000 0.000000 0.000000 0.000000 0.000000 0.000000 0.000000 0.000000 0.000000 0.000000 0.000000 0.000000 0.000000 0.000000 0.000000 0.000000 0.000000 0.000000 0.000000 0.000000 0.000000 0.000000 0.000000 0.000000 0.000000 0.000000 0.000000 0.000000 0.000000 0.000000 0.000000 0.000000 0.000000 0.000000 0.000000 0.000000 0.000000 0.000000 0.000000 0.000000 0.000000 0.000000 0.000000 0.000000 0.000000 0.000000 0.000000 0.000000 0.000000 0.000000 0.000000 0.000000 0.000000 0.000000 0.000000 0.000000 0.000000 0.000000 0.000000 0.000000 0.000000 0.000000 0.000000 0.000000 0.000000 0.000000 0.000000 0.000000 0.000000 0.000000 0.000000 0.000000 0.000000 0.000000 0.000000 0.000000 0.000000 0.000000 0.000000 0.000000 0.000000 0.000000 0.000000 0.000000 0.000000 0.000000 0.000000 0.000000 
0.000000 0.000000 0.000000 0.000000 0.000000 0.000000 0.000000 0.000000 0.000000 0.000000 0.000000 0.000000 0.000000 0.000000 0.000000 0.000000 0.000000 0.000000 0.000000 0.000000 0.000000 0.000000 0.000000 0.000000 0.000000 0.000000 0.000000 0.000000 0.000000 0.000000 0.000000 0.000000 0.000000 0.000000 0.000000 0.000000 0.000000 0.000000 0.000000 0.000000 0.000000 0.000000 0.000000 0.000000 0.000000 0.000000 0.000000 0.000000 0.000000 0.000000 0.000000 0.000000 0.000000 0.000000 0.000000 0.000000 0.000000 0.000000 0.000000 0.000000 0.000000 0.000000 0.000000 0.000000 0.000000 0.000000 0.000000 0.000000 0.000000 0.000000 0.000000 0.000000 0.000000 0.000000 0.000000 0.000000 0.000000 0.000000 0.000000 0.000000 0.000000 0.000000 0.000000 0.000000 0.000000 0.000000 0.000000 0.000000 0.000000 0.000000 0.000000 0.000000 0.000000 0.000000 0.000000 0.000000 0.000000 0.000000 0.000000 0.000000 0.000000 0.000000 0.000000 0.000000 0.000000 0.000000 0.000000 0.000000 0.000000 0.000000 0.000000 0.000000 0.000000 0.000000 0.000000 0.000000 0.000000 0.000000 0.000000 0.000000 0.000000 0.000000 0.000000 0.000000 0.000000 0.000000 0.000000 0.000000 0.000000 0.000000 0.000000 0.000000 0.000000 0.000000 0.000000 0.000000 0.000000 0.000000 0.000000 0.000000 0.000000 0.000000 0.000000 0.000000 0.000000 0.000000 0.000000 0.000000 0.000000 0.000000 0.000000 0.000000 0.000000 0.000000 0.000000 0.000000 0.000000 0.000000 0.000000 0.000000 0.000000 0.000000 0.000000 0.000000 0.000000 0.000000 0.000000 0.000000 0.000000 0.000000 0.000000 0.000000 0.000000 0.000000 0.000000 0.000000 0.000000 0.000000 0.000000 0.000000 0.000000 0.000000 0.000000 0.000000 0.000000 0.000000 0.000000 0.000000 0.000000 0.000000 0.000000 0.000000 0.000000 0.000000 0.000000 0.000000 0.000000 0.000000 0.000000 0.000000 0.000000 0.000000 0.000000 0.000000 0.000000 0.000000 0.000000 0.000000 0.000000 0.000000 0.000000 0.000000 0.000000 0.000000 0.000000 0.000000 
0.000000 0.000000 0.000000 0.000000 0.000000 0.000000 0.000000 0.000000 0.000000 0.000000 0.000000 0.000000 0.000000 0.000000 0.000000 0.000000 0.000000 0.000000 0.000000 0.000000 0.000000 0.000000 0.000000 0.000000 0.000000 0.000000 0.000000 0.000000 0.000000 0.000000 0.000000 0.000000 0.000000 0.000000 0.000000 0.000000 0.000000 0.000000 0.000000 0.000000 0.000000 0.000000 0.000000 0.000000 0.000000 0.000000 0.000000 0.000000 0.000000 0.000000 0.000000 0.000000 0.000000 0.000000 0.000000 0.000000 0.000000 0.000000 0.000000 0.000000 0.000000 0.000000 0.000000 0.000000 0.000000 0.000000 0.000000 0.000000 0.000000 0.000000 0.000000 0.000000 0.000000 0.000000 0.000000 0.000000 0.000000 0.000000 0.000000 0.000000 0.000000 0.000000 0.000000 0.000000 0.000000 0.000000 0.000000 0.000000 0.000000 0.000000 0.000000 0.000000 0.000000 0.000000 0.000000 0.000000 0.000000 0.000000 0.000000 0.000000 0.000000 0.000000 0.000000 0.000000 0.000000 0.000000 0.000000 0.000000 0.000000 0.000000 0.000000 0.000000 0.000000 0.000000 0.000000 0.000000 0.000000 0.000000 0.000000 0.000000 0.000000 0.000000 0.000000 0.000000 0.000000 0.000000 0.000000 0.000000 0.000000 0.000000 0.000000 0.000000 0.000000 0.000000 0.000000 0.000000 0.000000 0.000000 0.000000 0.000000 0.000000 0.000000 0.000000 0.000000 0.000000 0.000000 0.000000 0.000000 0.000000 0.000000 0.000000 0.000000 0.000000 0.000000 0.000000 0.000000 0.000000 0.000000 0.000000 0.000000 0.000000 0.000000 0.000000 0.000000 0.000000 0.000000 0.000000 0.000000 0.000000 0.000000 0.000000 0.000000 0.000000 0.000000 0.000000 0.000000 0.000000 0.000000 0.000000 0.000000 0.000000 0.000000 0.000000 0.000000 0.000000 0.000000 0.000000 0.000000 0.000000 0.000000 0.000000 0.000000 0.000000 0.000000 0.000000 0.000000 0.000000 0.000000 0.000000 0.000000 0.000000 0.000000 0.000000 0.000000 0.000000 0.000000 0.000000 0.000000 0.000000 0.000000 0.000000 0.000000 0.000000 0.000000 0.000000 0.000000 
0.000000 0.000000 0.000000 0.000000 0.000000 0.000000 0.000000 0.000000 0.000000 0.000000 0.000000 0.000000 0.000000 0.000000 0.000000 0.000000 0.000000 0.000000 0.000000 0.000000 0.000000 0.000000 0.000000 0.000000 0.000000 0.000000 0.000000 0.000000 0.000000 0.000000 0.000000 0.000000 0.000000 0.000000 0.000000 0.000000 0.000000 0.000000 0.000000 0.000000 0.000000 0.000000 0.000000 0.000000 0.000000 0.000000 0.000000 0.000000 0.000000 0.000000 0.000000 0.000000 0.000000 0.000000 0.000000 0.000000 0.000000 0.000000 0.000000 0.000000 0.000000 0.000000 0.000000 0.000000 0.000000 0.000000 0.000000 0.000000 0.000000 0.000000 0.000000 0.000000 0.000000 0.000000 0.000000 0.000000 0.000000 0.000000 0.000000 0.000000 0.000000 0.000000 0.000000 0.000000 0.000000 0.000000 0.000000 0.000000 0.000000 0.000000 0.000000 0.000000 0.000000 0.000000 0.000000 0.000000 0.000000 0.000000 0.000000 0.000000 0.000000 0.000000 0.000000 0.000000 0.000000 0.000000 0.000000 0.000000 0.000000 0.000000 0.000000 0.000000 0.000000 0.000000 0.000000 0.000000 0.000000 0.000000 0.000000 0.000000 0.000000 0.000000 0.000000 0.000000 0.000000 0.000000 0.000000 0.000000 0.000000 0.000000 0.000000 0.000000 0.000000 0.000000 0.000000 0.000000 0.000000 0.000000 0.000000 0.000000 0.000000 0.000000 0.000000 0.000000 0.000000 0.000000 0.000000 0.000000 0.000000 0.000000 0.000000 0.000000 0.000000 0.000000 0.000000 0.000000 0.000000 0.000000 0.000000 0.000000 0.000000 0.000000 0.000000 0.000000 0.000000 0.000000 0.000000 0.000000 0.000000 0.000000 0.000000 0.000000 0.000000 0.000000 0.000000 0.000000 0.000000 0.000000 0.000000 0.000000 0.000000 0.000000 0.000000 0.000000 0.000000 0.000000 0.000000 0.000000 0.000000 0.000000 0.000000 0.000000 0.000000 0.000000 0.000000 0.000000 0.000000 0.000000 0.000000 0.000000 0.000000 0.000000 0.000000 0.000000 0.000000 0.000000 0.000000 0.000000 0.000000 0.000000 0.000000 0.000000 0.000000 0.000000 0.000000 0.000000 
0.000000 0.000000 0.000000 0.000000 0.000000 0.000000 0.000000 0.000000 0.000000 0.000000 0.000000 0.000000 0.000000 0.000000 0.000000 0.000000 0.000000 0.000000 0.000000 0.000000 0.000000 0.000000 0.000000 0.000000 0.000000 0.000000 0.000000 0.000000 0.000000 0.000000 0.000000 0.000000 0.000000 0.000000 0.000000 0.000000 0.000000 0.000000 0.000000 0.000000 0.000000 0.000000 0.000000 0.000000 0.000000 0.000000 0.000000 0.000000 0.000000 0.000000 0.000000 0.000000 0.000000 0.000000 0.000000 0.000000 0.000000 0.000000 0.000000 0.000000 0.000000 0.000000 0.000000 0.000000 0.000000 0.000000 0.000000 0.000000 0.000000 0.000000 0.000000 0.000000 0.000000 0.000000 0.000000 0.000000 0.000000 0.000000 0.000000 0.000000 0.000000 0.000000 0.000000 0.000000 0.000000 0.000000 0.000000 0.000000 0.000000 0.000000 0.000000 0.000000 0.000000 0.000000 0.000000 0.000000 0.000000 0.000000 0.000000 0.000000 0.000000 0.000000 0.000000 0.000000 0.000000 0.000000 0.000000 0.000000 0.000000 0.000000 0.000000 0.000000 0.000000 0.000000 0.000000 0.000000 0.000000 0.000000 0.000000 0.000000 0.000000 0.000000 0.000000 0.000000 0.000000 0.000000 0.000000 0.000000 0.000000 0.000000 0.000000 0.000000 0.000000 0.000000 0.000000 0.000000 0.000000 0.000000 0.000000 0.000000 0.000000 0.000000 0.000000 0.000000 0.000000 0.000000 0.000000 0.000000 0.000000 0.000000 0.000000 0.000000 0.000000 0.000000 0.000000 0.000000 0.000000 0.000000 0.000000 0.000000 0.000000 0.000000 0.000000 0.000000 0.000000 0.000000 0.000000 0.000000 0.000000 0.000000 0.000000 0.000000 0.000000 0.000000 0.000000 0.000000 0.000000 0.000000 0.000000 0.000000 0.000000 0.000000 0.000000 0.000000 0.000000 0.000000 0.000000 0.000000 0.000000 0.000000 0.000000 0.000000 0.000000 0.000000 0.000000 0.000000 0.000000 0.000000 0.000000 0.000000 0.000000 0.000000 0.000000 0.000000 0.000000 0.000000 0.000000 0.000000 0.000000 0.000000 0.000000 0.000000 0.000000 0.000000 0.000000 0.000000 
0.000000 0.000000 0.000000 0.000000 0.000000 0.000000 0.000000 0.000000 0.000000 0.000000 0.000000 0.000000 0.000000 0.000000 0.000000 0.000000 0.000000 0.000000 0.000000 0.000000 0.000000 0.000000 0.000000 0.000000 0.000000 0.000000 0.000000 0.000000 0.000000 0.000000 0.000000 0.000000 0.000000 0.000000 0.000000 0.000000 0.000000 0.000000 0.000000 0.000000 0.000000 0.000000 0.000000 0.000000 0.000000 0.000000 0.000000 0.000000 0.000000 0.000000 0.000000 0.000000 0.000000 0.000000 0.000000 0.000000 0.000000 0.000000 0.000000 0.000000 0.000000 0.000000 0.000000 0.000000 0.000000 0.000000 0.000000 0.000000 0.000000 0.000000 0.000000 0.000000 0.000000 0.000000 0.000000 0.000000 0.000000 0.000000 0.000000 0.000000 0.000000 0.000000 0.000000 0.000000 0.000000 0.000000 0.000000 0.000000 0.000000 0.000000 0.000000 0.000000 0.000000 0.000000 0.000000 0.000000 0.000000 0.000000 0.000000 0.000000 0.000000 0.000000 0.000000 0.000000 0.000000 0.000000 0.000000 0.000000 0.000000 0.000000 0.000000 0.000000 0.000000 0.000000 0.000000 0.000000 0.000000 0.000000 0.000000 0.000000 0.000000 0.000000 0.000000 0.000000 0.000000 0.000000 0.000000 0.000000 0.000000 0.000000 0.000000 0.000000 0.000000 0.000000 0.000000 0.000000 0.000000 0.000000 0.000000 0.000000 0.000000 0.000000 0.000000 0.000000 0.000000 0.000000 0.000000 0.000000 0.000000 0.000000 0.000000 0.000000 0.000000 0.000000 0.000000 0.000000 0.000000 0.000000 0.000000 0.000000 0.000000 0.000000 0.000000 0.000000 0.000000 0.000000 0.000000 0.000000 0.000000 0.000000 0.000000 0.000000 0.000000 0.000000 0.000000 0.000000 0.000000 0.000000 0.000000 0.000000 0.000000 0.000000 0.000000 0.000000 0.000000 0.000000 0.000000 0.000000 0.000000 0.000000 0.000000 0.000000 0.000000 0.000000 0.000000 0.000000 0.000000 0.000000 0.000000 0.000000 0.000000 0.000000 0.000000 0.000000 0.000000 0.000000 0.000000 0.000000 0.000000 0.000000 0.000000 0.000000 0.000000 0.000000 0.000000 0.000000 
0.000000 0.000000 0.000000 0.000000 0.000000 0.000000 0.000000 0.000000 0.000000 0.000000 0.000000 0.000000 0.000000 0.000000 0.000000 0.000000 0.000000 0.000000 0.000000 0.000000 0.000000 0.000000 0.000000 0.000000 0.000000 0.000000 0.000000 0.000000 0.000000 0.000000 0.000000 0.000000 0.000000 0.000000 0.000000 0.000000 0.000000 0.000000 0.000000 0.000000 0.000000 0.000000 0.000000 0.000000 0.000000 0.000000 0.000000 0.000000 0.000000 0.000000 0.000000 0.000000 0.000000 0.000000 0.000000 0.000000 0.000000 0.000000 0.000000 0.000000 0.000000 0.000000 0.000000 0.000000 0.000000 0.000000 0.000000 0.000000 0.000000 0.000000 0.000000 0.000000 0.000000 0.000000 0.000000 0.000000 0.000000 0.000000 0.000000 0.000000 0.000000 0.000000 0.000000 0.000000 0.000000 0.000000 0.000000 0.000000 0.000000 0.000000 0.000000 0.000000 0.000000 0.000000 0.000000 0.000000 0.000000 0.000000 0.000000 0.000000 0.000000 0.000000 0.000000 0.000000 0.000000 0.000000 0.000000 0.000000 0.000000 0.000000 0.000000 0.000000 0.000000 0.000000 0.000000 0.000000 0.000000 0.000000 0.000000 0.000000 0.000000 0.000000 0.000000 0.000000 0.000000 0.000000 0.000000 0.000000 0.000000 0.000000 0.000000 0.000000 0.000000 0.000000 0.000000 0.000000 0.000000 0.000000 0.000000 0.000000 0.000000 0.000000 0.000000 0.000000 0.000000 0.000000 0.000000 0.000000 0.000000 0.000000 0.000000 0.000000 0.000000 0.000000 0.000000 0.000000 0.000000 0.000000 0.000000 0.000000 0.000000 0.000000 0.000000 0.000000 0.000000 0.000000 0.000000 0.000000 0.000000 0.000000 0.000000 0.000000 0.000000 0.000000 0.000000 0.000000 0.000000 0.000000 0.000000 0.000000 0.000000 0.000000 0.000000 0.000000 0.000000 0.000000 0.000000 0.000000 0.000000 0.000000 0.000000 0.000000 0.000000 0.000000 0.000000 0.000000 0.000000 0.000000 0.000000 0.000000 0.000000 0.000000 0.000000 0.000000 0.000000 0.000000 0.000000 0.000000 0.000000 0.000000 0.000000 0.000000 0.000000 0.000000 0.000000 0.000000 
0.000000 0.000000 0.000000 0.000000 0.000000 0.000000 0.000000 0.000000 0.000000 0.000000 0.000000 0.000000 0.000000 0.000000 0.000000 0.000000 0.000000 0.000000 0.000000 0.000000 0.000000 0.000000 0.000000 0.000000 0.000000 0.000000 0.000000 0.000000 0.000000 0.000000 0.000000 0.000000 0.000000 0.000000 0.000000 0.000000 0.000000 0.000000 0.000000 0.000000 0.000000 0.000000 0.000000 0.000000 0.000000 0.000000 0.000000 0.000000 0.000000 0.000000 0.000000 0.000000 0.000000 0.000000 0.000000 0.000000 0.000000 0.000000 0.000000 0.000000 0.000000 0.000000 0.000000 0.000000 0.000000 0.000000 0.000000 0.000000 0.000000 0.000000 0.000000 0.000000 0.000000 0.000000 0.000000 0.000000 0.000000 0.000000 0.000000 0.000000 0.000000 0.000000 0.000000 0.000000 0.000000 0.000000 0.000000 0.000000 0.000000 0.000000 0.000000 0.000000 0.000000 0.000000 0.000000 0.000000 0.000000 0.000000 0.000000 0.000000 0.000000 0.000000 0.000000 0.000000 0.000000 0.000000 0.000000 0.000000 0.000000 0.000000 0.000000 0.000000 0.000000 0.000000 0.000000 0.000000 0.000000 0.000000 0.000000 0.000000 0.000000 0.000000 0.000000 0.000000 0.000000 0.000000 0.000000 0.000000 0.000000 0.000000 0.000000 0.000000 0.000000 0.000000 0.000000 0.000000 0.000000 0.000000 0.000000 0.000000 0.000000 0.000000 0.000000 0.000000 0.000000 0.000000 0.000000 0.000000 0.000000 0.000000 0.000000 0.000000 0.000000 0.000000 0.000000 0.000000 0.000000 0.000000 0.000000 0.000000 0.000000 0.000000 0.000000 0.000000 0.000000 0.000000 0.000000 0.000000 0.000000 0.000000 0.000000 0.000000 0.000000 0.000000 0.000000 0.000000 0.000000 0.000000 0.000000 0.000000 0.000000 0.000000 0.000000 0.000000 0.000000 0.000000 0.000000 0.000000 0.000000 0.000000 0.000000 0.000000 0.000000 0.000000 0.000000 0.000000 0.000000 0.000000 0.000000 0.000000 0.000000 0.000000 0.000000 0.000000 0.000000 0.000000 0.000000 0.000000 0.000000 0.000000 0.000000 0.000000 0.000000 0.000000 0.000000 0.000000 
0.000000 0.000000 0.000000 0.000000 0.000000 0.000000 0.000000 0.000000 0.000000 0.000000 0.000000 0.000000 0.000000 0.000000 0.000000 0.000000 0.000000 0.000000 0.000000 0.000000 0.000000 0.000000 0.000000 0.000000 0.000000 0.000000 0.000000 0.000000 0.000000 0.000000 0.000000 0.000000 0.000000 0.000000 0.000000 0.000000 0.000000 0.000000 0.000000 0.000000 0.000000 0.000000 0.000000 0.000000 0.000000 0.000000 0.000000 0.000000 0.000000 0.000000 0.000000 0.000000 0.000000 0.000000 0.000000 0.000000 0.000000 0.000000 0.000000 0.000000 0.000000 0.000000 0.000000 0.000000 0.000000 0.000000 0.000000 0.000000 0.000000 0.000000 0.000000 0.000000 0.000000 0.000000 0.000000 0.000000 0.000000 0.000000 0.000000 0.000000 0.000000 0.000000 0.000000 0.000000 0.000000 0.000000 0.000000 0.000000 0.000000 0.000000 0.000000 0.000000 0.000000 0.000000 0.000000 0.000000 0.000000 0.000000 0.000000 0.000000 0.000000 0.000000 0.000000 0.000000 0.000000 0.000000 0.000000 0.000000 0.000000 0.000000 0.000000 0.000000 0.000000 0.000000 0.000000 0.000000 0.000000 0.000000 0.000000 0.000000 0.000000 0.000000 0.000000 0.000000 0.000000 0.000000 0.000000 0.000000 0.000000 0.000000 0.000000 0.000000 0.000000 0.000000 0.000000 0.000000 0.000000 0.000000 0.000000 0.000000 0.000000 0.000000 0.000000 0.000000 0.000000 0.000000 0.000000 0.000000 0.000000 0.000000 0.000000 0.000000 0.000000 0.000000 0.000000 0.000000 0.000000 0.000000 0.000000 0.000000 0.000000 0.000000 0.000000 0.000000 0.000000 0.000000 0.000000 0.000000 0.000000 0.000000 0.000000 0.000000 0.000000 0.000000 0.000000 0.000000 0.000000 0.000000 0.000000 0.000000 0.000000 0.000000 0.000000 0.000000 0.000000 0.000000 0.000000 0.000000 0.000000 0.000000 0.000000 0.000000 0.000000 0.000000 0.000000 0.000000 0.000000 0.000000 0.000000 0.000000 0.000000 0.000000 0.000000 0.000000 0.000000 0.000000 0.000000 0.000000 0.000000 0.000000 0.000000 0.000000 0.000000 0.000000 0.000000 0.000000 
0.000000 0.000000 0.000000 0.000000 0.000000 0.000000 0.000000 0.000000 0.000000 0.000000 0.000000 0.000000 0.000000 0.000000 0.000000 0.000000 0.000000 0.000000 0.000000 0.000000 0.000000 0.000000 0.000000 0.000000 0.000000 0.000000 0.000000 0.000000 0.000000 0.000000 0.000000 0.000000 0.000000 0.000000 0.000000 0.000000 0.000000 0.000000 0.000000 0.000000 0.000000 0.000000 0.000000 0.000000 0.000000 0.000000 0.000000 0.000000 0.000000 0.000000 0.000000 0.000000 0.000000 0.000000 0.000000 0.000000 0.000000 0.000000 0.000000 0.000000 0.000000 0.000000 0.000000 0.000000 0.000000 0.000000 0.000000 0.000000 0.000000 0.000000 0.000000 0.000000 0.000000 0.000000 0.000000 0.000000 0.000000 0.000000 0.000000 0.000000 0.000000 0.000000 0.000000 0.000000 0.000000 0.000000 0.000000 0.000000 0.000000 0.000000 0.000000 0.000000 0.000000 0.000000 0.000000 0.000000 0.000000 0.000000 0.000000 0.000000 0.000000 0.000000 0.000000 0.000000 0.000000 0.000000 0.000000 0.000000 0.000000 0.000000 0.000000 0.000000 0.000000 0.000000 0.000000 0.000000 0.000000 0.000000 0.000000 0.000000 0.000000 0.000000 0.000000 0.000000 0.000000 0.000000 0.000000 0.000000 0.000000 0.000000 0.000000 0.000000 0.000000 0.000000 0.000000 0.000000 0.000000 0.000000 0.000000 0.000000 0.000000 0.000000 0.000000 0.000000 0.000000 0.000000 0.000000 0.000000 0.000000 0.000000 0.000000 0.000000 0.000000 0.000000 0.000000 0.000000 0.000000 0.000000 0.000000 0.000000 0.000000 0.000000 0.000000 0.000000 0.000000 0.000000 0.000000 0.000000 0.000000 0.000000 0.000000 0.000000 0.000000 0.000000 0.000000 0.000000 0.000000 0.000000 0.000000 0.000000 0.000000 0.000000 0.000000 0.000000 0.000000 0.000000 0.000000 0.000000 0.000000 0.000000 0.000000 0.000000 0.000000 0.000000 0.000000 0.000000 0.000000 0.000000 0.000000 0.000000 0.000000 0.000000 0.000000 0.000000 0.000000 0.000000 0.000000 0.000000 0.000000 0.000000 0.000000 0.000000 0.000000 0.000000 0.000000 0.000000 
0.000000 0.000000 0.000000 0.000000 0.000000 0.000000 0.000000 0.000000 0.000000 0.000000 0.000000 0.000000 0.000000 0.000000 0.000000 0.000000 0.000000 0.000000 0.000000 0.000000 0.000000 0.000000 0.000000 0.000000 0.000000 0.000000 0.000000 0.000000 0.000000 0.000000 0.000000 0.000000 0.000000 0.000000 0.000000 0.000000 0.000000 0.000000 0.000000 0.000000 0.000000 0.000000 0.000000 0.000000 0.000000 0.000000 0.000000 0.000000 0.000000 0.000000 0.000000 0.000000 0.000000 0.000000 0.000000 0.000000 0.000000 0.000000 0.000000 0.000000 0.000000 0.000000 0.000000 0.000000 0.000000 0.000000 0.000000 0.000000 0.000000 0.000000 0.000000 0.000000 0.000000 0.000000 0.000000 0.000000 0.000000 0.000000 0.000000 0.000000 0.000000 0.000000 0.000000 0.000000 0.000000 0.000000 0.000000 0.000000 0.000000 0.000000 0.000000 0.000000 0.000000 0.000000 0.000000 0.000000 0.000000 0.000000 0.000000 0.000000 0.000000 0.000000 0.000000 0.000000 0.000000 0.000000 0.000000 0.000000 0.000000 0.000000 0.000000 0.000000 0.000000 0.000000 0.000000 0.000000 0.000000 0.000000 0.000000 0.000000 0.000000 0.000000 0.000000 0.000000 0.000000 0.000000 0.000000 0.000000 0.000000 0.000000 0.000000 0.000000 0.000000 0.000000 0.000000 0.000000 0.000000 0.000000 0.000000 0.000000 0.000000 0.000000 0.000000 0.000000 0.000000 0.000000 0.000000 0.000000 0.000000 0.000000 0.000000 0.000000 0.000000 0.000000 0.000000 0.000000 0.000000 0.000000 0.000000 0.000000 0.000000 0.000000 0.000000 0.000000 0.000000 0.000000 0.000000 0.000000 0.000000 0.000000 0.000000 0.000000 0.000000 0.000000 0.000000 0.000000 0.000000 0.000000 0.000000 0.000000 0.000000 0.000000 0.000000 0.000000 0.000000 0.000000 0.000000 0.000000 0.000000 0.000000 0.000000 0.000000 0.000000 0.000000 0.000000 0.000000 0.000000 0.000000 0.000000 0.000000 0.000000 0.000000 0.000000 0.000000 0.000000 0.000000 0.000000 0.000000 0.000000 0.000000 0.000000 0.000000 0.000000 0.000000 0.000000 0.000000 
0.000000 0.000000 0.000000 0.000000 0.000000 0.000000 0.000000 0.000000 0.000000 0.000000 0.000000 0.000000 0.000000 0.000000 0.000000 0.000000 0.000000 0.000000 0.000000 0.000000 0.000000 0.000000 0.000000 0.000000 0.000000 0.000000 0.000000 0.000000 0.000000 0.000000 0.000000 0.000000 0.000000 0.000000 0.000000 0.000000 0.000000 0.000000 0.000000 0.000000 0.000000 0.000000 0.000000 0.000000 0.000000 0.000000 0.000000 0.000000 0.000000 0.000000 0.000000 0.000000 0.000000 0.000000 0.000000 0.000000 0.000000 0.000000 0.000000 0.000000 0.000000 0.000000 0.000000 0.000000 0.000000 0.000000 0.000000 0.000000 0.000000 0.000000 0.000000 0.000000 0.000000 0.000000 0.000000 0.000000 0.000000 0.000000 0.000000 0.000000 0.000000 0.000000 0.000000 0.000000 0.000000 0.000000 0.000000 0.000000 0.000000 0.000000 0.000000 0.000000 0.000000 0.000000 0.000000 0.000000 0.000000 0.000000 0.000000 0.000000 0.000000 0.000000 0.000000 0.000000 0.000000 0.000000 0.000000 0.000000 0.000000 0.000000 0.000000 0.000000 0.000000 0.000000 0.000000 0.000000 0.000000 0.000000 0.000000 0.000000 0.000000 0.000000 0.000000 0.000000 0.000000 0.000000 0.000000 0.000000 0.000000 0.000000 0.000000 0.000000 0.000000 0.000000 0.000000 0.000000 0.000000 0.000000 0.000000 0.000000 0.000000 0.000000 0.000000 0.000000 0.000000 0.000000 0.000000 0.000000 0.000000 0.000000 0.000000 0.000000 0.000000 0.000000 0.000000 0.000000 0.000000 0.000000 0.000000 0.000000 0.000000 0.000000 0.000000 0.000000 0.000000 0.000000 0.000000 0.000000 0.000000 0.000000 0.000000 0.000000 0.000000 0.000000 0.000000 0.000000 0.000000 0.000000 0.000000 0.000000 0.000000 0.000000 0.000000 0.000000 0.000000 0.000000 0.000000 0.000000 0.000000 0.000000 0.000000 0.000000 0.000000 0.000000 0.000000 0.000000 0.000000 0.000000 0.000000 0.000000 0.000000 0.000000 0.000000 0.000000 0.000000 0.000000 0.000000 0.000000 0.000000 0.000000 0.000000 0.000000 0.000000 0.000000 0.000000 0.000000 
0.000000 0.000000 0.000000 0.000000 0.000000 0.000000 0.000000 0.000000 0.000000 0.000000 0.000000 0.000000 0.000000 0.000000 0.000000 0.000000 0.000000 0.000000 0.000000 0.000000 0.000000 0.000000 0.000000 0.000000 0.000000 0.000000 0.000000 0.000000 0.000000 0.000000 0.000000 0.000000 0.000000 0.000000 0.000000 0.000000 0.000000 0.000000 0.000000 0.000000 0.000000 0.000000 0.000000 0.000000 0.000000 0.000000 0.000000 0.000000 0.000000 0.000000 0.000000 0.000000 0.000000 0.000000 0.000000 0.000000 0.000000 0.000000 0.000000 0.000000 0.000000 0.000000 0.000000 0.000000 0.000000 0.000000 0.000000 0.000000 0.000000 0.000000 0.000000 0.000000 0.000000 0.000000 0.000000 0.000000 0.000000 0.000000 0.000000 0.000000 0.000000 0.000000 0.000000 0.000000 0.000000 0.000000 0.000000 0.000000 0.000000 0.000000 0.000000 0.000000 0.000000 0.000000 0.000000 0.000000 0.000000 0.000000 0.000000 0.000000 0.000000 0.000000 0.000000 0.000000 0.000000 0.000000 0.000000 0.000000 0.000000 0.000000 0.000000 0.000000 0.000000 0.000000 0.000000 0.000000 0.000000 0.000000 0.000000 0.000000 0.000000 0.000000 0.000000 0.000000 0.000000 0.000000 0.000000 0.000000 0.000000 0.000000 0.000000 0.000000 0.000000 0.000000 0.000000 0.000000 0.000000 0.000000 0.000000 0.000000 0.000000 0.000000 0.000000 0.000000 0.000000 0.000000 0.000000 0.000000 0.000000 0.000000 0.000000 0.000000 0.000000 0.000000 0.000000 0.000000 0.000000 0.000000 0.000000 0.000000 0.000000 0.000000 0.000000 0.000000 0.000000 0.000000 0.000000 0.000000 0.000000 0.000000 0.000000 0.000000 0.000000 0.000000 0.000000 0.000000 0.000000 0.000000 0.000000 0.000000 0.000000 0.000000 0.000000 0.000000 0.000000 0.000000 0.000000 0.000000 0.000000 0.000000 0.000000 0.000000 0.000000 0.000000 0.000000 0.000000 0.000000 0.000000 0.000000 0.000000 0.000000 0.000000 0.000000 0.000000 0.000000 0.000000 0.000000 0.000000 0.000000 0.000000 0.000000 0.000000 0.000000 0.000000 0.000000 0.000000 
0.000000 0.000000 0.000000 0.000000 0.000000 0.000000 0.000000 0.000000 0.000000 0.000000 0.000000 0.000000 0.000000 0.000000 0.000000 0.000000 0.000000 0.000000 0.000000 0.000000 0.000000 0.000000 0.000000 0.000000 0.000000 0.000000 0.000000 0.000000 0.000000 0.000000 0.000000 0.000000 0.000000 0.000000 0.000000 0.000000 0.000000 0.000000 0.000000 0.000000 0.000000 0.000000 0.000000 0.000000 0.000000 0.000000 0.000000 0.000000 0.000000 0.000000 0.000000 0.000000 0.000000 0.000000 0.000000 0.000000 0.000000 0.000000 0.000000 0.000000 0.000000 0.000000 0.000000 0.000000 0.000000 0.000000 0.000000 0.000000 0.000000 0.000000 0.000000 0.000000 0.000000 0.000000 0.000000 0.000000 0.000000 0.000000 0.000000 0.000000 0.000000 0.000000 0.000000 0.000000 0.000000 0.000000 0.000000 0.000000 0.000000 0.000000 0.000000 0.000000 0.000000 0.000000 0.000000 0.000000 0.000000 0.000000 0.000000 0.000000 0.000000 0.000000 0.000000 0.000000 0.000000 0.000000 0.000000 0.000000 0.000000 0.000000 0.000000 0.000000 0.000000 0.000000 0.000000 0.000000 0.000000 0.000000 0.000000 0.000000 0.000000 0.000000 0.000000 0.000000 0.000000 0.000000 0.000000 0.000000 0.000000 0.000000 0.000000 0.000000 0.000000 0.000000 0.000000 0.000000 0.000000 0.000000 0.000000 0.000000 0.000000 0.000000 0.000000 0.000000 0.000000 0.000000 0.000000 0.000000 0.000000 0.000000 0.000000 0.000000 0.000000 0.000000 0.000000 0.000000 0.000000 0.000000 0.000000 0.000000 0.000000 0.000000 0.000000 0.000000 0.000000 0.000000 0.000000 0.000000 0.000000 0.000000 0.000000 0.000000 0.000000 0.000000 0.000000 0.000000 0.000000 0.000000 0.000000 0.000000 0.000000 0.000000 0.000000 0.000000 0.000000 0.000000 0.000000 0.000000 0.000000 0.000000 0.000000 0.000000 0.000000 0.000000 0.000000 0.000000 0.000000 0.000000 0.000000 0.000000 0.000000 0.000000 0.000000 0.000000 0.000000 0.000000 0.000000 0.000000 0.000000 0.000000 0.000000 0.000000 0.000000 0.000000 0.000000 0.000000 
0.000000 0.000000 0.000000 0.000000 0.000000 0.000000 0.000000 0.000000 0.000000 0.000000 0.000000 0.000000 0.000000 0.000000 0.000000 0.000000 0.000000 0.000000 0.000000 0.000000 0.000000 0.000000 0.000000 0.000000 0.000000 0.000000 0.000000 0.000000 0.000000 0.000000 0.000000 0.000000 0.000000 0.000000 0.000000 0.000000 0.000000 0.000000 0.000000 0.000000 0.000000 0.000000 0.000000 0.000000 0.000000 0.000000 0.000000 0.000000 0.000000 0.000000 0.000000 0.000000 0.000000 0.000000 0.000000 0.000000 0.000000 0.000000 0.000000 0.000000 0.000000 0.000000 0.000000 0.000000 0.000000 0.000000 0.000000 0.000000 0.000000 0.000000 0.000000 0.000000 0.000000 0.000000 0.000000 0.000000 0.000000 0.000000 0.000000 0.000000 0.000000 0.000000 0.000000 0.000000 0.000000 0.000000 0.000000 0.000000 0.000000 0.000000 0.000000 0.000000 0.000000 0.000000 0.000000 0.000000 0.000000 0.000000 0.000000 0.000000 0.000000 0.000000 0.000000 0.000000 0.000000 0.000000 0.000000 0.000000 0.000000 0.000000 0.000000 0.000000 0.000000 0.000000 0.000000 0.000000 0.000000 0.000000 0.000000 0.000000 0.000000 0.000000 0.000000 0.000000 0.000000 0.000000 0.000000 0.000000 0.000000 0.000000 0.000000 0.000000 0.000000 0.000000 0.000000 0.000000 0.000000 0.000000 0.000000 0.000000 0.000000 0.000000 0.000000 0.000000 0.000000 0.000000 0.000000 0.000000 0.000000 0.000000 0.000000 0.000000 0.000000 0.000000 0.000000 0.000000 0.000000 0.000000 0.000000 0.000000 0.000000 0.000000 0.000000 0.000000 0.000000 0.000000 0.000000 0.000000 0.000000 0.000000 0.000000 0.000000 0.000000 0.000000 0.000000 0.000000 0.000000 0.000000 0.000000 0.000000 0.000000 0.000000 0.000000 0.000000 0.000000 0.000000 0.000000 0.000000 0.000000 0.000000 0.000000 0.000000 0.000000 0.000000 0.000000 0.000000 0.000000 0.000000 0.000000 0.000000 0.000000 0.000000 0.000000 0.000000 0.000000 0.000000 0.000000 0.000000 0.000000 0.000000 0.000000 0.000000 0.000000 0.000000 0.000000 0.000000 
0.000000 0.000000 0.000000 0.000000 0.000000 0.000000 0.000000 0.000000 0.000000 0.000000 0.000000 0.000000 0.000000 0.000000 0.000000 0.000000 0.000000 0.000000 0.000000 0.000000 0.000000 0.000000 0.000000 0.000000 0.000000 0.000000 0.000000 0.000000 0.000000 0.000000 0.000000 0.000000 0.000000 0.000000 0.000000 0.000000 0.000000 0.000000 0.000000 0.000000 0.000000 0.000000 0.000000 0.000000 0.000000 0.000000 0.000000 0.000000 0.000000 0.000000 0.000000 0.000000 0.000000 0.000000 0.000000 0.000000 0.000000 0.000000 0.000000 0.000000 0.000000 0.000000 0.000000 0.000000 0.000000 0.000000 0.000000 0.000000 0.000000 0.000000 0.000000 0.000000 0.000000 0.000000 0.000000 0.000000 0.000000 0.000000 0.000000 0.000000 0.000000 0.000000 0.000000 0.000000 0.000000 0.000000 0.000000 0.000000 0.000000 0.000000 0.000000 0.000000 0.000000 0.000000 0.000000 0.000000 0.000000 0.000000 0.000000 0.000000 0.000000 0.000000 0.000000 0.000000 0.000000 0.000000 0.000000 0.000000 0.000000 0.000000 0.000000 0.000000 0.000000 0.000000 0.000000 0.000000 0.000000 0.000000 0.000000 0.000000 0.000000 0.000000 0.000000 0.000000 0.000000 0.000000 0.000000 0.000000 0.000000 0.000000 0.000000 0.000000 0.000000 0.000000 0.000000 0.000000 0.000000 0.000000 0.000000 0.000000 0.000000 0.000000 0.000000 0.000000 0.000000 0.000000 0.000000 0.000000 0.000000 0.000000 0.000000 0.000000 0.000000 0.000000 0.000000 0.000000 0.000000 0.000000 0.000000 0.000000 0.000000 0.000000 0.000000 0.000000 0.000000 0.000000 0.000000 0.000000 0.000000 0.000000 0.000000 0.000000 0.000000 0.000000 0.000000 0.000000 0.000000 0.000000 0.000000 0.000000 0.000000 0.000000 0.000000 0.000000 0.000000 0.000000 0.000000 0.000000 0.000000 0.000000 0.000000 0.000000 0.000000 0.000000 0.000000 0.000000 0.000000 0.000000 0.000000 0.000000 0.000000 0.000000 0.000000 0.000000 0.000000 0.000000 0.000000 0.000000 0.000000 0.000000 0.000000 0.000000 0.000000 0.000000 0.000000 0.000000 
0.000000 0.000000 0.000000 0.000000 0.000000 0.000000 0.000000 0.000000 0.000000 0.000000 0.000000 0.000000 0.000000 0.000000 0.000000 0.000000 0.000000 0.000000 0.000000 0.000000 0.000000 0.000000 0.000000 0.000000 0.000000 0.000000 0.000000 0.000000 0.000000 0.000000 0.000000 0.000000 0.000000 0.000000 0.000000 0.000000 0.000000 0.000000 0.000000 0.000000 0.000000 0.000000 0.000000 0.000000 0.000000 0.000000 0.000000 0.000000 0.000000 0.000000 0.000000 0.000000 0.000000 0.000000 0.000000 0.000000 0.000000 0.000000 0.000000 0.000000 0.000000 0.000000 0.000000 0.000000 0.000000 0.000000 0.000000 0.000000 0.000000 0.000000 0.000000 0.000000 0.000000 0.000000 0.000000 0.000000 0.000000 0.000000 0.000000 0.000000 0.000000 0.000000 0.000000 0.000000 0.000000 0.000000 0.000000 0.000000 0.000000 0.000000 0.000000 0.000000 0.000000 0.000000 0.000000 0.000000 0.000000 0.000000 0.000000 0.000000 0.000000 0.000000 0.000000 0.000000 0.000000 0.000000 0.000000 0.000000 0.000000 0.000000 0.000000 0.000000 0.000000 0.000000 0.000000 0.000000 0.000000 0.000000 0.000000 0.000000 0.000000 0.000000 0.000000 0.000000 0.000000 0.000000 0.000000 0.000000 0.000000 0.000000 0.000000 0.000000 0.000000 0.000000 0.000000 0.000000 0.000000 0.000000 0.000000 0.000000 0.000000 0.000000 0.000000 0.000000 0.000000 0.000000 0.000000 0.000000 0.000000 0.000000 0.000000 0.000000 0.000000 0.000000 0.000000 0.000000 0.000000 0.000000 0.000000 0.000000 0.000000 0.000000 0.000000 0.000000 0.000000 0.000000 0.000000 0.000000 0.000000 0.000000 0.000000 0.000000 0.000000 0.000000 0.000000 0.000000 0.000000 0.000000 0.000000 0.000000 0.000000 0.000000 0.000000 0.000000 0.000000 0.000000 0.000000 0.000000 0.000000 0.000000 0.000000 0.000000 0.000000 0.000000 0.000000 0.000000 0.000000 0.000000 0.000000 0.000000 0.000000 0.000000 0.000000 0.000000 0.000000 0.000000 0.000000 0.000000 0.000000 0.000000 0.000000 0.000000 0.000000 0.000000 0.000000 0.000000 
0.000000 0.000000 0.000000 0.000000 0.000000 0.000000 0.000000 0.000000 0.000000 0.000000 0.000000 0.000000 0.000000 0.000000 0.000000 0.000000 0.000000 0.000000 0.000000 0.000000 0.000000 0.000000 0.000000 0.000000 0.000000 0.000000 0.000000 0.000000 0.000000 0.000000 0.000000 0.000000 0.000000 0.000000 0.000000 0.000000 0.000000 0.000000 0.000000 0.000000 0.000000 0.000000 0.000000 0.000000 0.000000 0.000000 0.000000 0.000000 0.000000 0.000000 0.000000 0.000000 0.000000 0.000000 0.000000 0.000000 0.000000 0.000000 0.000000 0.000000 0.000000 0.000000 0.000000 0.000000 0.000000 0.000000 0.000000 0.000000 0.000000 0.000000 0.000000 0.000000 0.000000 0.000000 0.000000 0.000000 0.000000 0.000000 0.000000 0.000000 0.000000 0.000000 0.000000 0.000000 0.000000 0.000000 0.000000 0.000000 0.000000 0.000000 0.000000 0.000000 0.000000 0.000000 0.000000 0.000000 0.000000 0.000000 0.000000 0.000000 0.000000 0.000000 0.000000 0.000000 0.000000 0.000000 0.000000 0.000000 0.000000 0.000000 0.000000 0.000000 0.000000 0.000000 0.000000 0.000000 0.000000 0.000000 0.000000 0.000000 0.000000 0.000000 0.000000 0.000000 0.000000 0.000000 0.000000 0.000000 0.000000 0.000000 0.000000 0.000000 0.000000 0.000000 0.000000 0.000000 0.000000 0.000000 0.000000 0.000000 0.000000 0.000000 0.000000 0.000000 0.000000 0.000000 0.000000 0.000000 0.000000 0.000000 0.000000 0.000000 0.000000 0.000000 0.000000 0.000000 0.000000 0.000000 0.000000 0.000000 0.000000 0.000000 0.000000 0.000000 0.000000 0.000000 0.000000 0.000000 0.000000 0.000000 0.000000 0.000000 0.000000 0.000000 0.000000 0.000000 0.000000 0.000000 0.000000 0.000000 0.000000 0.000000 0.000000 0.000000 0.000000 0.000000 0.000000 0.000000 0.000000 0.000000 0.000000 0.000000 0.000000 0.000000 0.000000 0.000000 0.000000 0.000000 0.000000 0.000000 0.000000 0.000000 0.000000 0.000000 0.000000 0.000000 0.000000 0.000000 0.000000 0.000000 0.000000 0.000000 0.000000 0.000000 0.000000 0.000000 
0 0
1 1
2 2
3 3
4 4
5 5
6 6
7 7
8 144
9 145
10 146
11 147
12 148
13 149
14 150
15 151
16 288
17 289
18 290
19 291
20 292
21 293
22 294
23 295
24 432
25 433
26 434
27 435
28 436
29 437
30 438
31 439
32 576
33 577
34 578
35 579
36 580
37 581
38 582
39 583
40 720
41 721
42 722
43 723
44 724
45 725
46 726
47 727
48 864
49 865
50 866
51 867
52 868
53 869
54 870
55 871
56 1008
57 1009
58 1010
59 1011
60 1012
61 1013
62 1014
63 1015
64 1152
65 1153
66 1154
67 1155
68 1156
69 1157
70 1158
71 1159
72 1296
73 1297
74 1298
75 1299
76 1300
77 1301
78 1302
79 1303
80 1440
81 1441
82 1442
83 1443
84 1444
85 1445
86 1446
87 1447
88 1584
89 1585
90 1586
91 1587
92 1588
93 1589
94 1590
95 1591
96 1728
97 1729
98 1730
99 1731
100 1732
101 1733
102 1734
103 1735
104 1872
105 1873
106 1874
107 1875
108 1876
109 1877
110 1878
111 1879
112 2016
113 2017
114 2018
115 2019
116 2020
117 2021
118 2022
119 2023
120 2160
121 2161
122 2162
123 2163
124 2164
125 2165
126 2166
127 2167
128 2304
129 2305
130 2306
131 2307
132 2308
133 2309
134 2310
135 2311
136 2448
137 2449
138 2450
139 2451
140 2452
141 2453
142 2454
143 2455
144 2592
145 2593
146 2594
147 2595
148 2596
149 2597
150 2598
151 2599
152 2736
153 2737
154 2738
155 2739
156 2740
157 2741
158 2742
159 2743
160 2880
161 2881
162 2882
163 2883
164 2884
165 2885
166 2886
167 2887
168 3024
169 3025
170 3026
171 3027
172 3028
173 3029
174 3030
175 3031
176 3168
177 3169
178 3170
179 3171
180 3172
181 3173
182 3174
183 3175
184 3312
185 3313
186 3314
187 3315
188 3316
189 3317
190 3318
191 3319
192 3456
193 3457
194 3458
195 3459
196 3460
197 3461
198 3462
199 3463
200 3600
201 3601
202 3602
203 3603
204 3604
205 3605
206 3606
207 3607
208 3744
209 3745
210 3746
211 3747
212 3748
213 3749
214 3750
215 3751
216 3888
217 3889
218 3890
219 3891
220 3892
221 3893
222 3894
223 3895
224 4032
225 4033
226 4034
227 4035
228 4036
229 4037
230 4038
231 4039
232 4176
233 4177
234 4178
235 4179
236 4180
237 4181
238 4182
239 4183
240 4320
241 4321
242 4322
243 4323
244 4324
245 4325
246 4326
247 4327
248 4464
249 4465
250 4466
251 4467
252 4468
253 4469
254 4470
255 4471
256 4608
257 4609
258 4610
259 4611
260 4612
261 4613
262 4614
263 4615
264 4752
265 4753
266 4754
267 4755
268 4756
269 4757
270 4758
271 4759
272 4896
273 4897
274 4898
275 4899
276 4900
277 4901
278 4902
279 4903
280 5040
281 5041
282 5042
283 5043
284 5044
285 5045
286 5046
287 5047
288 5184
289 5185
290 5186
291 5187
292 5188
293 5189
294 5190
295 5191
296 5328
297 5329
298 5330
299 5331
300 5332
301 5333
302 5334
303 5335
304 5472
305 5473
306 5474
307 5475
308 5476
309 5477
310 5478
311 5479
312 5616
313 5617
314 5618
315 5619
316 5620
317 5621
318 5622
319 5623
320 5760
321 5761
322 5762
323 5763
324 5764
325 5765
326 5766
327 5767
328 5904
329 5905
330 5906
331 5907
332 5908
333 5909
334 5910
335 5911
336 6048
337 6049
338 6050
339 6051
340 6052
341 6053
342 6054
343 6055
344 6192
345 6193
346 6194
347 6195
348 6196
349 6197
350 6198
351 6199
352 6336
353 6337
354 6338
355 6339
356 6340
357 6341
358 6342
359 6343
360 6480
361 6481
362 6482
363 6483
364 6484
365 6485
366 6486
367 6487
368 6624
369 6625
370 6626
371 6627
372 6628
373 6629
374 6630
375 6631
376 6768
377 6769
378 6770
379 6771
380 6772
381 6773
382 6774
383 6775
384 6912
385 6913
386 6914
387 6915
388 6916
389 6917
390 6918
391 6919
392 7056
393 7057
394 7058
395 7059
396 7060
397 7061
398 7062
399 7063
400 7200
401 7201
402 7202
403 7203
404 7204
405 7205
406 7206
407 7207
408 7344
409 7345
410 7346
411 7347
412 7348
413 7349
414 7350
415 7351
416 7488
417 7489
418 7490
419 7491
420 7492
421 7493
422 7494
423 7495
424 7632
425 7633
426 7634
427 7635
428 7636
429 7637
430 7638
431 7639
432 7776
433 7777
434 7778
435 7779
436 7780
437 7781
438 7782
439 7783
440 7920
441 7921
442 7922
443 7923
444 7924
445 7925
446 7926
447 7927
448 8064
449 8065
450 8066
451 8067
452 8068
453 8069
454 8070
455 8071
456 8208
457 8209
458 8210
459 8211
460 8212
461 8213
462 8214
463 8215
464 8352
465 8353
466 8354
467 8355
468 8356
469 8357
470 8358
471 8359
472 8496
473 8497
474 8498
475 8499
476 8500
477 8501
478 8502
479 8503
480 8640
481 8641
482 8642
483 8643
484 8644
485 8645
486 8646
487 8647
488 8784
489 8785
490 8786
491 8787
492 8788
493 8789
494 8790
495 8791
496 8928
497 8929
498 8930
499 8931
500 8932
501 8933
502 8934
503 8935
504 9072
505 9073
506 9074
507 9075
508 9076
509 9077
510 9078
511 9079
512 9216
513 9217
514 9218
515 9219
516 9220
517 9221
518 9222
519 9223
520 9360
521 9361
522 9362
523 9363
524 9364
525 9365
526 9366
527 9367
528 9504
529 9505
530 9506
531 9507
532 9508
533 9509
534 9510
535 9511
536 9648
537 9649
538 9650
539 9651
540 9652
541 9653
542 9654
543 9655
544 9792
545 9793
546 9794
547 9795
548 9796
549 9797
550 9798
551 9799
552 9936
553 9937
554 9938
555 9939
556 9940
557 9941
558 9942
559 9943
560 10080
561 10081
562 10082
563 10083
564 10084
565 10085
566 10086
567 10087
568 10224
569 10225
570 10226
571 10227
572 10228
573 10229
574 10230
575 10231
576 10368
577 10369
578 10370
579 10371
580 10372
581 10373
582 10374
583 10375
584 10512
585 10513
586 10514
587 10515
588 10516
589 10517
590 10518
591 10519
592 10656
593 10657
594 10658
595 10659
596 10660
597 10661
598 10662
599 10663
600 10800
601 10801
602 10802
603 10803
604 10804
605 10805
606 10806
607 10807
608 10944
609 10945
610 10946
611 10947
612 10948
613 10949
614 10950
615 10951
616 11088
617 11089
618 11090
619 11091
620 11092
621 11093
622 11094
623 11095
624 11232
625 11233
626 11234
627 11235
628 11236
629 11237
630 11238
631 11239
632 11376
633 11377
634 11378
635 11379
636 11380
637 11381
638 11382
639 11383
640 11520
641 11521
642 11522
643 11523
644 11524
645 11525
646 11526
647 11527
648 11664
649 11665
650 11666
651 11667
652 11668
653 11669
654 11670
655 11671
656 11808
657 11809
658 11810
659 11811
660 11812
661 11813
662 11814
663 11815
664 11952
665 11953
666 11954
667 11955
668 11956
669 11957
670 11958
671 11959
672 12096
673 12097
674 12098
675 12099
676 12100
677 12101
678 12102
679 12103
680 12240
681 12241
682 12242
683 12243
684 12244
685 12245
686 12246
687 12247
688 12384
689 12385
690 12386
691 12387
692 12388
693 12389
694 12390
695 12391
696 12528
697 12529
698 12530
699 12531
700 12532
701 12533
702 12534
703 12535
704 12672
705 12673
706 12674
707 12675
708 12676
709 12677
710 12678
711 12679
712 12816
713 12817
714 12818
715 12819
716 12820
717 12821
718 12822
719 12823
720 12960
721 12961
722 12962
723 12963
724 12964
725 12965
726 12966
727 12967
728 13104
729 13105
730 13106
731 13107
732 13108
733 13109
734 13110
735 13111
736 13248
737 13249
738 13250
739 13251
740 13252
741 13253
742 13254
743 13255
744 13392
745 13393
746 13394
747 13395
748 13396
749 13397
750 13398
751 13399
752 13536
753 13537
754 13538
755 13539
756 13540
757 13541
758 13542
759 13543
760 13680
761 13681
762 13682
763 13683
764 13684
765 13685
766 13686
767 13687
768 13824
769 13825
770 13826
771 13827
772 13828
773 13829
774 13830
775 13831
776 13968
777 13969
778 13970
779 13971
780 13972
781 13973
782 13974
783 13975
784 14112
785 14113
786 14114
787 14115
788 14116
789 14117
790 14118
791 14119
792 14256
793 14257
794 14258
795 14259
796 14260
797 14261
798 14262
799 14263
800 14400
801 14401
802 14402
803 14403
804 14404
805 14405
806 14406
807 14407
808 14544
809 14545
810 14546
811 14547
812 14548
813 14549
814 14550
815 14551
816 14688
817 14689
818 14690
819 14691
820 14692
821 14693
822 14694
823 14695
824 14832
825 14833
826 14834
827 14835
828 14836
829 14837
830 14838
831 14839
832 14976
833 14977
834 14978
835 14979
836 14980
837 14981
838 14982
839 14983
840 15120
841 15121
842 15122
843 15123
844 15124
845 15125
846 15126
847 15127
848 15264
849 15265
850 15266
851 15267
852 15268
853 15269
854 15270
855 15271
856 15408
857 15409
858 15410
859 15411
860 15412
861 15413
862 15414
863 15415
864 15552
865 15553
866 15554
867 15555
868 15556
869 15557
870 15558
871 15559
872 15696
873 15697
874 15698
875 15699
876 15700
877 15701
878 15702
879 15703
880 15840
881 15841
882 15842
883 15843
884 15844
885 15845
886 15846
887 15847
888 15984
889 15985
890 15986
891 15987
892 15988
893 15989
894 15990
895 15991
896 16128
897 16129
898 16130
899 16131
900 16132
901 16133
902 16134
903 16135
904 16272
905 16273
906 16274
907 16275
908 16276
909 16277
910 16278
911 16279
912 16416
913 16417
914 16418
915 16419
916 16420
917 16421
918 16422
919 16423
920 16560
921 16561
922 16562
923 16563
924 16564
925 16565
926 16566
927 16567
928 16704
929 16705
930 16706
931 16707
932 16708
933 16709
934 16710
935 16711
936 16848
937 16849
938 16850
939 16851
940 16852
941 16853
942 16854
943 16855
944 16992
945 16993
946 16994
947 16995
948 16996
949 16997
950 16998
951 16999
952 17136
953 17137
954 17138
955 17139
956 17140
957 17141
958 17142
959 17143
960 17280
961 17281
962 17282
963 17283
964 17284
965 17285
966 17286
967 17287
968 17424
969 17425
970 17426
971 17427
972 17428
973 17429
974 17430
975 17431
976 17568
977 17569
978 17570
979 17571
980 17572
981 17573
982 17574
983 17575
984 17712
985 17713
986 17714
987 17715
988 17716
989 17717
990 17718
991 17719
992 17856
993 17857
994 17858
995 17859
996 17860
997 17861
998 17862
999 17863
1000 18000
1001 18001
1002 18002
1003 18003
1004 18004
1005 18005
1006 18006
1007 18007
1008 18144
1009 18145
1010 18146
1011 18147
1012 18148
1013 18149
1014 18150
1015 18151
1016 18288
1017 18289
1018 18290
1019 18291
1020 18292
1021 18293
1022 18294
1023 18295
1024 18432
1025 18433
1026 18434
1027 18435
1028 18436
1029 18437
1030 18438
1031 18439
1032 18576
1033 18577
1034 18578
1035 18579
1036 18580
1037 18581
1038 18582
1039 18583
1040 18720
1041 18721
1042 18722
1043 18723
1044 18724
1045 18725
1046 18726
1047 18727
1048 18864
1049 18865
1050 18866
1051 18867
1052 18868
1053 18869
1054 18870
1055 18871
1056 19008
1057 19009
1058 19010
1059 19011
1060 19012
1061 19013
1062 19014
1063 19015
1064 19152
1065 19153
1066 19154
1067 19155
1068 19156
1069 19157
1070 19158
1071 19159
1072 19296
1073 19297
1074 19298
1075 19299
1076 19300
1077 19301
1078 19302
1079 19303
1080 19440
1081 19441
1082 19442
1083 19443
1084 19444
1085 19445
1086 19446
1087 19447
1088 19584
1089 19585
1090 19586
1091 19587
1092 19588
1093 19589
1094 19590
1095 19591
1096 19728
1097 19729
1098 19730
1099 19731
1100 19732
1101 19733
1102 19734
1103 19735
1104 19872
1105 19873
1106 19874
1107 19875
1108 19876
1109 19877
1110 19878
1111 19879
1112 20016
1113 20017
1114 20018
1115 20019
1116 20020
1117 20021
1118 20022
1119 20023
1120 20160
1121 20161
1122 20162
1123 20163
1124 20164
1125 20165
1126 20166
1127 20167
1128 20304
1129 20305
1130 20306
1131 20307
1132 20308
1133 20309
1134 20310
1135 20311
1136 20448
1137 20449
1138 20450
1139 20451
1140 20452
1141 20453
1142 20454
1143 20455
1144 20592
1145 20593
1146 20594
1147 20595
1148 20596
1149 20597
1150 20598
1151 20599
1152 20736
1153 20737
1154 20738
1155 20739
1156 20740
1157 20741
1158 20742
1159 20743
1160 20880
1161 20881
1162 20882
1163 20883
1164 20884
1165 20885
1166 20886
1167 20887
1168 21024
1169 21025
1170 21026
1171 21027
1172 21028
1173 21029
1174 21030
1175 21031
1176 21168
1177 21169
1178 21170
1179 21171
1180 21172
1181 21173
1182 21174
1183 21175
1184 21312
1185 21313
1186 21314
1187 21315
1188 21316
1189 21317
1190 21318
1191 21319
1192 21456
1193 21457
1194 21458
1195 21459
1196 21460
1197 21461
1198 21462
1199 21463
1200 21600
1201 21601
1202 21602
1203 21603
1204 21604
1205 21605
1206 21606
1207 21607
1208 21744
1209 21745
1210 21746
1211 21747
1212 21748
1213 21749
1214 21750
1215 21751
1216 21888
1217 21889
1218 21890
1219 21891
1220 21892
1221 21893
1222 21894
1223 21895
1224 22032
1225 22033
1226 22034
1227 22035
1228 22036
1229 22037
1230 22038
1231 22039
1232 22176
1233 22177
1234 22178
1235 22179
1236 22180
1237 22181
1238 22182
1239 22183
1240 22320
1241 22321
1242 22322
1243 22323
1244 22324
1245 22325
1246 22326
1247 22327
1248 22464
1249 22465
1250 22466
1251 22467
1252 22468
1253 22469
1254 22470
1255 22471
1256 22608
1257 22609
1258 22610
1259 22611
1260 22612
1261 22613
1262 22614
1263 22615
1264 22752
1265 22753
1266 22754
1267 22755
1268 22756
1269 22757
1270 22758
1271 22759
1272 22896
1273 22897
1274 22898
1275 22899
1276 22900
1277 22901
1278 22902
1279 22903
1280 23040
1281 23041
1282 23042
1283 23043
1284 23044
1285 23045
1286 23046
1287 23047
1288 23184
1289 23185
1290 23186
1291 23187
1292 23188
1293 23189
1294 23190
1295 23191
1296 23328
1297 23329
1298 23330
1299 23331
1300 23332
1301 23333
1302 23334
1303 23335
1304 23472
1305 23473
1306 23474
1307 23475
1308 23476
1309 23477
1310 23478
1311 23479
1312 23616
1313 23617
1314 23618
1315 23619
1316 23620
1317 23621
1318 23622
1319 23623
1320 23760
1321 23761
1322 23762
1323 23763
1324 23764
1325 23765
1326 23766
1327 23767
1328 23904
1329 23905
1330 23906
1331 23907
1332 23908
1333 23909
1334 23910
1335 23911
1336 24048
1337 24049
1338 24050
1339 24051
1340 24052
1341 24053
1342 24054
1343 24055
1344 24192
1345 24193
1346 24194
1347 24195
1348 24196
1349 24197
1350 24198
1351 24199
1352 24336
1353 24337
1354 24338
1355 24339
1356 24340
1357 24341
1358 24342
1359 24343
1360 24480
1361 24481
1362 24482
1363 24483
1364 24484
1365 24485
1366 24486
1367 24487
1368 24624
1369 24625
1370 24626
1371 24627
1372 24628
1373 24629
1374 24630
1375 24631
1376 24768
1377 24769
1378 24770
1379 24771
1380 24772
1381 24773
1382 24774
1383 24775
1384 24912
1385 24913
1386 24914
1387 24915
1388 24916
1389 24917
1390 24918
1391 24919
1392 25056
1393 25057
1394 25058
1395 25059
1396 25060
1397 25061
1398 25062
1399 25063
1400 25200
1401 25201
1402 25202
1403 25203
1404 25204
1405 25205
1406 25206
1407 25207
1408 25344
1409 25345
1410 25346
1411 25347
1412 25348
1413 25349
1414 25350
1415 25351
1416 25488
1417 25489
1418 25490
1419 25491
1420 25492
1421 25493
1422 25494
1423 25495
1424 25632
1425 25633
1426 25634
1427 25635
1428 25636
1429 25637
1430 25638
1431 25639
1432 25776
1433 25777
1434 25778
1435 25779
1436 25780
1437 25781
1438 25782
1439 25783
1440 25920
1441 25921
1442 25922
1443 25923
1444 25924
1445 25925
1446 25926
1447 25927
1448 26064
1449 26065
1450 26066
1451 26067
1452 26068
1453 26069
1454 26070
1455 26071
1456 26208
1457 26209
1458 26210
1459 26211
1460 26212
1461 26213
1462 26214
1463 26215
1464 26352
1465 26353
1466 26354
1467 26355
1468 26356
1469 26357
1470 26358
1471 26359
1472 26496
1473 26497
1474 26498
1475 26499
1476 26500
1477 26501
1478 26502
1479 26503
1480 26640
1481 26641
1482 26642
1483 26643
1484 26644
1485 26645
1486 26646
1487 26647
1488 26784
1489 26785
1490 26786
1491 26787
1492 26788
1493 26789
1494 26790
1495 26791
1496 26928
1497 26929
1498 26930
1499 26931
1500 26932
1501 26933
1502 26934
1503 26935
1504 27072
1505 27073
1506 27074
1507 27075
1508 27076
1509 27077
1510 27078
1511 27079
1512 27216
1513 27217
1514 27218
1515 27219
1516 27220
1517 27221
1518 27222
1519 27223
1520 27360
1521 27361
1522 27362
1523 27363
1524 27364
1525 27365
1526 27366
1527 27367
1528 27504
1529 27505
1530 27506
1531 27507
1532 27508
1533 27509
1534 27510
1535 27511
1536 27648
1537 27649
1538 27650
1539 27651
1540 27652
1541 27653
1542 27654
1543 27655
1544 27792
1545 27793
1546 27794
1547 27795
1548 27796
1549 27797
1550 27798
1551 27799
1552 27936
1553 27937
1554 27938
1555 27939
1556 27940
1557 27941
1558 27942
1559 27943
1560 28080
1561 28081
1562 28082
1563 28083
1564 28084
1565 28085
1566 28086
1567 28087
1568 28224
1569 28225
1570 28226
1571 28227
1572 28228
1573 28229
1574 28230
1575 28231
1576 28368
1577 28369
1578 28370
1579 28371
1580 28372
1581 28373
1582 28374
1583 28375
1584 28512
1585 28513
1586 28514
1587 28515
1588 28516
1589 28517
1590 28518
1591 28519
1592 28656
1593 28657
1594 28658
1595 28659
1596 28660
1597 28661
1598 28662
1599 28663
1600 28800
1601 28801
1602 28802
1603 28803
1604 28804
1605 28805
1606 28806
1607 28807
1608 28944
1609 28945
1610 28946
1611 28947
1612 28948
1613 28949
1614 28950
1615 28951
1616 29088
1617 29089
1618 29090
1619 29091
1620 29092
1621 29093
1622 29094
1623 29095
1624 29232
1625 29233
1626 29234
1627 29235
1628 29236
1629 29237
1630 29238
1631 29239
1632 29376
1633 29377
1634 29378
1635 29379
1636 29380
1637 29381
1638 29382
1639 29383
1640 29520
1641 29521
1642 29522
1643 29523
1644 29524
1645 29525
1646 29526
1647 29527
1648 29664
1649 29665
1650 29666
1651 29667
1652 29668
1653 29669
1654 29670
1655 29671
1656 29808
1657 29809
1658 29810
1659 29811
1660 29812
1661 29813
1662 29814
1663 29815
1664 29952
1665 29953
1666 29954
1667 29955
1668 29956
1669 29957
1670 29958
1671 29959
1672 30096
1673 30097
1674 30098
1675 30099
1676 30100
1677 30101
1678 30102
1679 30103
1680 30240
1681 30241
1682 30242
1683 30243
1684 30244
1685 30245
1686 30246
1687 30247
1688 30384
1689 30385
1690 30386
1691 30387
1692 30388
1693 30389
1694 30390
1695 30391
1696 30528
1697 30529
1698 30530
1699 30531
1700 30532
1701 30533
1702 30534
1703 30535
1704 30672
1705 30673
1706 30674
1707 30675
1708 30676
1709 30677
1710 30678
1711 30679
1712 30816
1713 30817
1714 30818
1715 30819
1716 30820
1717 30821
1718 30822
1719 30823
1720 30960
1721 30961
1722 30962
1723 30963
1724 30964
1725 30965
1726 30966
1727 30967
1728 8
1729 9
1730 10
1731 11
1732 12
1733 13
1734 14
1735 15
1736 152
1737 153
1738 154
1739 155
1740 156
1741 157
1742 158
1743 159
1744 296
1745 297
1746 298
1747 299
1748 300
1749 301
1750 302
1751 303
1752 440
1753 441
1754 442
1755 443
1756 444
1757 445
1758 446
1759 447
1760 584
1761 585
1762 586
1763 587
1764 588
1765 589
1766 590
1767 591
1768 728
1769 729
1770 730
1771 731
1772 732
1773 733
1774 734
1775 735
1776 872
1777 873
1778 874
1779 875
1780 876
1781 877
1782 878
1783 879
1784 1016
1785 1017
1786 1018
1787 1019
1788 1020
1789 1021
1790 1022
1791 1023
1792 1160
1793 1161
1794 1162
1795 1163
1796 1164
1797 1165
1798 1166
1799 1167
1800 1304
1801 1305
1802 1306
1803 1307
1804 1308
1805 1309
1806 1310
1807 1311
1808 1448
1809 1449
1810 1450
1811 1451
1812 1452
1813 1453
1814 1454
1815 1455
1816 1592
1817 1593
1818 1594
1819 1595
1820 1596
1821 1597
1822 1598
1823 1599
1824 1736
1825 1737
1826 1738
1827 1739
1828 1740
1829 1741
1830 1742
1831 1743
1832 1880
1833 1881
1834 1882
1835 1883
1836 1884
1837 1885
1838 1886
1839 1887
1840 2024
1841 2025
1842 2026
1843 2027
1844 2028
1845 2029
1846 2030
1847 2031
1848 2168
1849 2169
1850 2170
1851 2171
1852 2172
1853 2173
1854 2174
1855 2175
1856 2312
1857 2313
1858 2314
1859 2315
1860 2316
1861 2317
1862 2318
1863 2319
1864 2456
1865 2457
1866 2458
1867 2459
1868 2460
1869 2461
1870 2462
1871 2463
1872 2600
1873 2601
1874 2602
1875 2603
1876 2604
1877 2605
1878 2606
1879 2607
1880 2744
1881 2745
1882 2746
1883 2747
1884 2748
1885 2749
1886 2750
1887 2751
1888 2888
1889 2889
1890 2890
1891 2891
1892 2892
1893 2893
1894 2894
1895 2895
1896 3032
1897 3033
1898 3034
1899 3035
1900 3036
1901 3037
1902 3038
1903 3039
1904 3176
1905 3177
1906 3178
1907 3179
1908 3180
1909 3181
1910 3182
1911 3183
1912 3320
1913 3321
1914 3322
1915 3323
1916 3324
1917 3325
1918 3326
1919 3327
1920 3464
1921 3465
1922 3466
1923 3467
1924 3468
1925 3469
1926 3470
1927 3471
1928 3608
1929 3609
1930 3610
1931 3611
1932 3612
1933 3613
1934 3614
1935 3615
1936 3752
1937 3753
1938 3754
1939 3755
1940 3756
1941 3757
1942 3758
1943 3759
1944 3896
1945 3897
1946 3898
1947 3899
1948 3900
1949 3901
1950 3902
1951 3903
1952 4040
1953 4041
1954 4042
1955 4043
1956 4044
1957 4045
1958 4046
1959 4047
1960 4184
1961 4185
1962 4186
1963 4187
1964 4188
1965 4189
1966 4190
1967 4191
1968 4328
1969 4329
1970 4330
1971 4331
1972 4332
1973 4333
1974 4334
1975 4335
1976 4472
1977 4473
1978 4474
1979 4475
1980 4476
1981 4477
1982 4478
1983 4479
1984 4616
1985 4617
1986 4618
1987 4619
1988 4620
1989 4621
1990 4622
1991 4623
1992 4760
1993 4761
1994 4762
1995 4763
1996 4764
1997 4765
1998 4766
1999 4767
2000 4904
2001 4905
2002 4906
2003 4907
2004 4908
2005 4909
2006 4910
2007 4911
2008 5048
2009 5049
2010 5050
2011 5051
2012 5052
2013 5053
2014 5054
2015 5055
2016 5192
2017 5193
2018 5194
2019 5195
2020 5196
2021 5197
2022 5198
2023 5199
2024 5336
2025 5337
2026 5338
2027 5339
2028 5340
2029 5341
2030 5342
2031 5343
2032 5480
2033 5481
2034 5482
2035 5483
2036 5484
2037 5485
2038 5486
2039 5487
2040 5624
2041 5625
2042 5626
2043 5627
2044 5628
2045 5629
2046 5630
2047 5631
2048 5768
2049 5769
2050 5770
2051 5771
2052 5772
2053 5773
2054 5774
2055 5775
2056 5912
2057 5913
2058 5914
2059 5915
2060 5916
2061 5917
2062 5918
2063 5919
2064 6056
2065 6057
2066 6058
2067 6059
2068 6060
2069 6061
2070 6062
2071 6063
2072 6200
2073 6201
2074 6202
2075 6203
2076 6204
2077 6205
2078 6206
2079 6207
2080 6344
2081 6345
2082 6346
2083 6347
2084 6348
2085 6349
2086 6350
2087 6351
2088 6488
2089 6489
2090 6490
2091 6491
2092 6492
2093 6493
2094 6494
2095 6495
2096 6632
2097 6633
2098 6634
2099 6635
2100 6636
2101 6637
2102 6638
2103 6639
2104 6776
2105 6777
2106 6778
2107 6779
2108 6780
2109 6781
2110 6782
2111 6783
2112 6920
2113 6921
2114 6922
2115 6923
2116 6924
2117 6925
2118 6926
2119 6927
2120 7064
2121 7065
2122 7066
2123 7067
2124 7068
2125 7069
2126 7070
2127 7071
2128 7208
2129 7209
2130 7210
2131 7211
2132 7212
2133 7213
2134 7214
2135 7215
2136 7352
2137 7353
2138 7354
2139 7355
2140 7356
2141 7357
2142 7358
2143 7359
2144 7496
2145 7497
2146 7498
2147 7499
2148 7500
2149 7501
2150 7502
2151 7503
2152 7640
2153 7641
2154 7642
2155 7643
2156 7644
2157 7645
2158 7646
2159 7647
2160 7784
2161 7785
2162 7786
2163 7787
2164 7788
2165 7789
2166 7790
2167 7791
2168 7928
2169 7929
2170 7930
2171 7931
2172 7932
2173 7933
2174 7934
2175 7935
2176 8072
2177 8073
2178 8074
2179 8075
2180 8076
2181 8077
2182 8078
2183 8079
2184 8216
2185 8217
2186 8218
2187 8219
2188 8220
2189 8221
2190 8222
2191 8223
2192 8360
2193 8361
2194 8362
2195 8363
2196 8364
2197 8365
2198 8366
2199 8367
2200 8504
2201 8505
2202 8506
2203 8507
2204 8508
2205 8509
2206 8510
2207 8511
2208 8648
2209 8649
2210 8650
2211 8651
2212 8652
2213 8653
2214 8654
2215 8655
2216 8792
2217 8793
2218 8794
2219 8795
2220 8796
2221 8797
2222 8798
2223 8799
2224 8936
2225 8937
2226 8938
2227 8939
2228 8940
2229 8941
2230 8942
2231 8943
2232 9080
2233 9081
2234 9082
2235 9083
2236 9084
2237 9085
2238 9086
2239 9087
2240 9224
2241 9225
2242 9226
2243 9227
2244 9228
2245 9229
2246 9230
2247 9231
2248 9368
2249 9369
2250 9370
2251 9371
2252 9372
2253 9373
2254 9374
2255 9375
2256 9512
2257 9513
2258 9514
2259 9515
2260 9516
2261 9517
2262 9518
2263 9519
2264 9656
2265 9657
2266 9658
2267 9659
2268 9660
2269 9661
2270 9662
2271 9663
2272 9800
2273 9801
2274 9802
2275 9803
2276 9804
2277 9805
2278 9806
2279 9807
2280 9944
2281 9945
2282 9946
2283 9947
2284 9948
2285 9949
2286 9950
2287 9951
2288 10088
2289 10089
2290 10090
2291 10091
2292 10092
2293 10093
2294 10094
2295 10095
2296 10232
2297 10233
2298 10234
2299 10235
2300 10236
2301 10237
2302 10238
2303 10239
2304 10376
2305 10377
2306 10378
2307 10379
2308 10380
2309 10381
2310 10382
2311 10383
2312 10520
2313 10521
2314 10522
2315 10523
2316 10524
2317 10525
2318 10526
2319 10527
2320 10664
2321 10665
2322 10666
2323 10667
2324 10668
2325 10669
2326 10670
2327 10671
2328 10808
2329 10809
2330 10810
2331 10811
2332 10812
2333 10813
2334 10814
2335 10815
2336 10952
2337 10953
2338 10954
2339 10955
2340 10956
2341 10957
2342 10958
2343 10959
2344 11096
2345 11097
2346 11098
2347 11099
2348 11100
2349 11101
2350 11102
2351 11103
2352 11240
2353 11241
2354 11242
2355 11243
2356 11244
2357 11245
2358 11246
2359 11247
2360 11384
2361 11385
2362 11386
2363 11387
2364 11388
2365 11389
2366 11390
2367 11391
2368 11528
2369 11529
2370 11530
2371 11531
2372 11532
2373 11533
2374 11534
2375 11535
2376 11672
2377 11673
2378 11674
2379 11675
2380 11676
2381 11677
2382 11678
2383 11679
2384 11816
2385 11817
2386 11818
2387 11819
2388 11820
2389 11821
2390 11822
2391 11823
2392 11960
2393 11961
2394 11962
2395 11963
2396 11964
2397 11965
2398 11966
2399 11967
2400 12104
2401 12105
2402 12106
2403 12107
2404 12108
2405 12109
2406 12110
2407 12111
2408 12248
2409 12249
2410 12250
2411 12251
2412 12252
2413 12253
2414 12254
2415 12255
2416 12392
2417 12393
2418 12394
2419 12395
2420 12396
2421 12397
2422 12398
2423 12399
2424 12536
2425 12537
2426 12538
2427 12539
2428 12540
2429 12541
2430 12542
2431 12543
2432 12680
2433 12681
2434 12682
2435 12683
2436 12684
2437 12685
2438 12686
2439 12687
2440 12824
2441 12825
2442 12826
2443 12827
2444 12828
2445 12829
2446 12830
2447 12831
2448 12968
2449 12969
2450 12970
2451 12971
2452 12972
2453 12973
2454 12974
2455 12975
2456 13112
2457 13113
2458 13114
2459 13115
2460 13116
2461 13117
2462 13118
2463 13119
2464 13256
2465 13257
2466 13258
2467 13259
2468 13260
2469 13261
2470 13262
2471 13263
2472 13400
2473 13401
2474 13402
2475 13403
2476 13404
2477 13405
2478 13406
2479 13407
2480 13544
2481 13545
2482 13546
2483 13547
2484 13548
2485 13549
2486 13550
2487 13551
2488 13688
2489 13689
2490 13690
2491 13691
2492 13692
2493 13693
2494 13694
2495 13695
2496 13832
2497 13833
2498 13834
2499 13835
2500 13836
2501 13837
2502 13838
2503 13839
2504 13976
2505 13977
2506 13978
2507 13979
2508 13980
2509 13981
2510 13982
2511 13983
2512 14120
2513 14121
2514 14122
2515 14123
2516 14124
2517 14125
2518 14126
2519 14127
2520 14264
2521 14265
2522 14266
2523 14267
2524 14268
2525 14269
2526 14270
2527 14271
2528 14408
2529 14409
2530 14410
2531 14411
2532 14412
2533 14413
2534 14414
2535 14415
2536 14552
2537 14553
2538 14554
2539 14555
2540 14556
2541 14557
2542 14558
2543 14559
2544 14696
2545 14697
2546 14698
2547 14699
2548 14700
2549 14701
2550 14702
2551 14703
2552 14840
2553 14841
2554 14842
2555 14843
2556 14844
2557 14845
2558 14846
2559 14847
2560 14984
2561 14985
2562 14986
2563 14987
2564 14988
2565 14989
2566 14990
2567 14991
2568 15128
2569 15129
2570 15130
2571 15131
2572 15132
2573 15133
2574 15134
2575 15135
2576 15272
2577 15273
2578 15274
2579 15275
2580 15276
2581 15277
2582 15278
2583 15279
2584 15416
2585 15417
2586 15418
2587 15419
2588 15420
2589 15421
2590 15422
2591 15423
2592 15560
2593 15561
2594 15562
2595 15563
2596 15564
2597 15565
2598 15566
2599 15567
2600 15704
2601 15705
2602 15706
2603 15707
2604 15708
2605 15709
2606 15710
2607 15711
2608 15848
2609 15849
2610 15850
2611 15851
2612 15852
2613 15853
2614 15854
2615 15855
2616 15992
2617 15993
2618 15994
2619 15995
2620 15996
2621 15997
2622 15998
2623 15999
2624 16136
2625 16137
2626 16138
2627 16139
2628 16140
2629 16141
2630 16142
2631 16143
2632 16280
2633 16281
2634 16282
2635 16283
2636 16284
2637 16285
2638 16286
2639 16287
2640 16424
2641 16425
2642 16426
2643 16427
2644 16428
2645 16429
2646 16430
2647 16431
2648 16568
2649 16569
2650 16570
2651 16571
2652 16572
2653 16573
2654 16574
2655 16575
2656 16712
2657 16713
2658 16714
2659 16715
2660 16716
2661 16717
2662 16718
2663 16719
2664 16856
2665 16857
2666 16858
2667 16859
2668 16860
2669 16861
2670 16862
2671 16863
2672 17000
2673 17001
2674 17002
2675 17003
2676 17004
2677 17005
2678 17006
2679 17007
2680 17144
2681 17145
2682 17146
2683 17147
2684 17148
2685 17149
2686 17150
2687 17151
2688 17288
2689 17289
2690 17290
2691 17291
2692 17292
2693 17293
2694 17294
2695 17295
2696 17432
2697 17433
2698 17434
2699 17435
2700 17436
2701 17437
2702 17438
2703 17439
2704 17576
2705 17577
2706 17578
2707 17579
2708 17580
2709 17581
2710 17582
2711 17583
2712 17720
2713 17721
2714 17722
2715 17723
2716 17724
2717 17725
2718 17726
2719 17727
2720 17864
2721 17865
2722 17866
2723 17867
2724 17868
2725 17869
2726 17870
2727 17871
2728 18008
2729 18009
2730 18010
2731 18011
2732 18012
2733 18013
2734 18014
2735 18015
2736 18152
2737 18153
2738 18154
2739 18155
2740 18156
2741 18157
2742 18158
2743 18159
2744 18296
2745 18297
2746 18298
2747 18299
2748 18300
2749 18301
2750 18302
2751 18303
2752 18440
2753 18441
2754 18442
2755 18443
2756 18444
2757 18445
2758 18446
2759 18447
2760 18584
2761 18585
2762 18586
2763 18587
2764 18588
2765 18589
2766 18590
2767 18591
2768 18728
2769 18729
2770 18730
2771 18731
2772 18732
2773 18733
2774 18734
2775 18735
2776 18872
2777 18873
2778 18874
2779 18875
2780 18876
2781 18877
2782 18878
2783 18879
2784 19016
2785 19017
2786 19018
2787 19019
2788 19020
2789 19021
2790 19022
2791 19023
2792 19160
2793 19161
2794 19162
2795 19163
2796 19164
2797 19165
2798 19166
2799 19167
2800 19304
2801 19305
2802 19306
2803 19307
2804 19308
2805 19309
2806 19310
2807 19311
2808 19448
2809 19449
2810 19450
2811 19451
2812 19452
2813 19453
2814 19454
2815 19455
2816 19592
2817 19593
2818 19594
2819 19595
2820 19596
2821 19597
2822 19598
2823 19599
2824 19736
2825 19737
2826 19738
2827 19739
2828 19740
2829 19741
2830 19742
2831 19743
2832 19880
2833 19881
2834 19882
2835 19883
2836 19884
2837 19885
2838 19886
2839 19887
2840 20024
2841 20025
2842 20026
2843 20027
2844 20028
2845 20029
2846 20030
2847 20031
2848 20168
2849 20169
2850 20170
2851 20171
2852 20172
2853 20173
2854 20174
2855 20175
2856 20312
2857 20313
2858 20314
2859 20315
2860 20316
2861 20317
2862 20318
2863 20319
2864 20456
2865 20457
2866 20458
2867 20459
2868 20460
2869 20461
2870 20462
2871 20463
2872 20600
2873 20601
2874 20602
2875 20603
2876 20604
2877 20605
2878 20606
2879 20607
2880 20744
2881 20745
2882 20746
2883 20747
2884 20748
2885 20749
2886 20750
2887 20751
2888 20888
2889 20889
2890 20890
2891 20891
2892 20892
2893 20893
2894 20894
2895 20895
2896 21032
2897 21033
2898 21034
2899 21035
2900 21036
2901 21037
2902 21038
2903 21039
2904 21176
2905 21177
2906 21178
2907 21179
2908 21180
2909 21181
2910 21182
2911 21183
2912 21320
2913 21321
2914 21322
2915 21323
2916 21324
2917 21325
2918 21326
2919 21327
2920 21464
2921 21465
2922 21466
2923 21467
2924 21468
2925 21469
2926 21470
2927 21471
2928 21608
2929 21609
2930 21610
2931 21611
2932 21612
2933 21613
2934 21614
2935 21615
2936 21752
2937 21753
2938 21754
2939 21755
2940 21756
2941 21757
2942 21758
2943 21759
2944 21896
2945 21897
2946 21898
2947 21899
2948 21900
2949 21901
2950 21902
2951 21903
2952 22040
2953 22041
2954 22042
2955 22043
2956 22044
2957 22045
2958 22046
2959 22047
2960 22184
2961 22185
2962 22186
2963 22187
2964 22188
2965 22189
2966 22190
2967 22191
2968 22328
2969 22329
2970 22330
2971 22331
2972 22332
2973 22333
2974 22334
2975 22335
2976 22472
2977 22473
2978 22474
2979 22475
2980 22476
2981 22477
2982 22478
2983 22479
2984 22616
2985 22617
2986 22618
2987 22619
2988 22620
2989 22621
2990 22622
2991 22623
2992 22760
2993 22761
2994 22762
2995 22763
2996 22764
2997 22765
2998 22766
2999 22767
3000 22904
3001 22905
3002 22906
3003 22907
3004 22908
3005 22909
3006 22910
3007 22911
3008 23048
3009 23049
3010 23050
3011 23051
3012 23052
3013 23053
3014 23054
3015 23055
3016 23192
3017 23193
3018 23194
3019 23195
3020 23196
3021 23197
3022 23198
3023 23199
3024 23336
3025 23337
3026 23338
3027 23339
3028 23340
3029 23341
3030 23342
3031 23343
3032 23480
3033 23481
3034 23482
3035 23483
3036 23484
3037 23485
3038 23486
3039 23487
3040 23624
3041 23625
3042 23626
3043 23627
3044 23628
3045 23629
3046 23630
3047 23631
3048 23768
3049 23769
3050 23770
3051 23771
3052 23772
3053 23773
3054 23774
3055 23775
3056 23912
3057 23913
3058 23914
3059 23915
3060 23916
3061 23917
3062 23918
3063 23919
3064 24056
3065 24057
3066 24058
3067 24059
3068 24060
3069 24061
3070 24062
3071 24063
3072 24200
3073 24201
3074 24202
3075 24203
3076 24204
3077 24205
3078 24206
3079 24207
3080 24344
3081 24345
3082 24346
3083 24347
3084 24348
3085 24349
3086 24350
3087 24351
3088 24488
3089 24489
3090 24490
3091 24491
3092 24492
3093 24493
3094 24494
3095 24495
3096 24632
3097 24633
3098 24634
3099 24635
3100 24636
3101 24637
3102 24638
3103 24639
3104 24776
3105 24777
3106 24778
3107 24779
3108 24780
3109 24781
3110 24782
3111 24783
3112 24920
3113 24921
3114 24922
3115 24923
3116 24924
3117 24925
3118 24926
3119 24927
3120 25064
3121 25065
3122 25066
3123 25067
3124 25068
3125 25069
3126 25070
3127 25071
3128 25208
3129 25209
3130 25210
3131 25211
3132 25212
3133 25213
3134 25214
3135 25215
3136 25352
3137 25353
3138 25354
3139 25355
3140 25356
3141 25357
3142 25358
3143 25359
3144 25496
3145 25497
3146 25498
3147 25499
3148 25500
3149 25501
3150 25502
3151 25503
3152 25640
3153 25641
3154 25642
3155 25643
3156 25644
3157 25645
3158 25646
3159 25647
3160 25784
3161 25785
3162 25786
3163 25787
3164 25788
3165 25789
3166 25790
3167 25791
3168 25928
3169 25929
3170 25930
3171 25931
3172 25932
3173 25933
3174 25934
3175 25935
3176 26072
3177 26073
3178 26074
3179 26075
3180 26076
3181 26077
3182 26078
3183 26079
3184 26216
3185 26217
3186 26218
3187 26219
3188 26220
3189 26221
3190 26222
3191 26223
3192 26360
3193 26361
3194 26362
3195 26363
3196 26364
3197 26365
3198 26366
3199 26367
3200 26504
3201 26505
3202 26506
3203 26507
3204 26508
3205 26509
3206 26510
3207 26511
3208 26648
3209 26649
3210 26650
3211 26651
3212 26652
3213 26653
3214 26654
3215 26655
3216 26792
3217 26793
3218 26794
3219 26795
3220 26796
3221 26797
3222 26798
3223 26799
3224 26936
3225 26937
3226 26938
3227 26939
3228 26940
3229 26941
3230 26942
3231 26943
3232 27080
3233 27081
3234 27082
3235 27083
3236 27084
3237 27085
3238 27086
3239 27087
3240 27224
3241 27225
3242 27226
3243 27227
3244 27228
3245 27229
3246 27230
3247 27231
3248 27368
3249 27369
3250 27370
3251 27371
3252 27372
3253 27373
3254 27374
3255 27375
3256 27512
3257 27513
3258 27514
3259 27515
3260 27516
3261 27517
3262 27518
3263 27519
3264 27656
3265 27657
3266 27658
3267 27659
3268 27660
3269 27661
3270 27662
3271 27663
3272 27800
3273 27801
3274 27802
3275 27803
3276 27804
3277 27805
3278 27806
3279 27807
3280 27944
3281 27945
3282 27946
3283 27947
3284 27948
3285 27949
3286 27950
3287 27951
3288 28088
3289 28089
3290 28090
3291 28091
3292 28092
3293 28093
3294 28094
3295 28095
3296 28232
3297 28233
3298 28234
3299 28235
3300 28236
3301 28237
3302 28238
3303 28239
3304 28376
3305 28377
3306 28378
3307 28379
3308 28380
3309 28381
3310 28382
3311 28383
3312 28520
3313 28521
3314 28522
3315 28523
3316 28524
3317 28525
3318 28526
3319 28527
3320 28664
3321 28665
3322 28666
3323 28667
3324 28668
3325 28669
3326 28670
3327 28671
3328 28808
3329 28809
3330 28810
3331 28811
3332 28812
3333 28813
3334 28814
3335 28815
3336 28952
3337 28953
3338 28954
3339 28955
3340 28956
3341 28957
3342 28958
3343 28959
3344 29096
3345 29097
3346 29098
3347 29099
3348 29100
3349 29101
3350 29102
3351 29103
3352 29240
3353 29241
3354 29242
3355 29243
3356 29244
3357 29245
3358 29246
3359 29247
3360 29384
3361 29385
3362 29386
3363 29387
3364 29388
3365 29389
3366 29390
3367 29391
3368 29528
3369 29529
3370 29530
3371 29531
3372 29532
3373 29533
3374 29534
3375 29535
3376 29672
3377 29673
3378 29674
3379 29675
3380 29676
3381 29677
3382 29678
3383 29679
3384 29816
3385 29817
3386 29818
3387 29819
3388 29820
3389 29821
3390 29822
3391 29823
3392 29960
3393 29961
3394 29962
3395 29963
3396 29964
3397 29965
3398 29966
3399 29967
3400 30104
3401 30105
3402 30106
3403 30107
3404 30108
3405 30109
3406 30110
3407 30111
3408 30248
3409 30249
3410 30250
3411 30251
3412 30252
3413 30253
3414 30254
3415 30255
3416 30392
3417 30393
3418 30394
3419 30395
3420 30396
3421 30397
3422 30398
3423 30399
3424 30536
3425 30537
3426 30538
3427 30539
3428 30540
3429 30541
3430 30542
3431 30543
3432 30680
3433 30681
3434 30682
3435 30683
3436 30684
3437 30685
3438 30686
3439 30687
3440 30824
3441 30825
3442 30826
3443 30827
3444 30828
3445 30829
3446 30830
3447 30831
3448 30968
3449 30969
3450 30970
3451 30971
3452 30972
3453 30973
3454 30974
3455 30975
3456 16
3457 17
3458 18
3459 19
3460 20
3461 21
3462 22
3463 23
3464 160
3465 161
3466 162
3467 163
3468 164
3469 165
3470 166
3471 167
3472 304
3473 305
3474 306
3475 307
3476 308
3477 309
3478 310
3479 311
3480 448
3481 449
3482 450
3483 451
3484 452
3485 453
3486 454
3487 455
3488 592
3489 593
3490 594
3491 595
3492 596
3493 597
3494 598
3495 599
3496 736
3497 737
3498 738
3499 739
3500 740
3501 741
3502 742
3503 743
3504 880
3505 881
3506 882
3507 883
3508 884
3509 885
3510 886
3511 887
3512 1024
3513 1025
3514 1026
3515 1027
3516 1028
3517 1029
3518 1030
3519 1031
3520 1168
3521 1169
3522 1170
3523 1171
3524 1172
3525 1173
3526 1174
3527 1175
3528 1312
3529 1313
3530 1314
3531 1315
3532 1316
3533 1317
3534 1318
3535 1319
3536 1456
3537 1457
3538 1458
3539 1459
3540 1460
3541 1461
3542 1462
3543 1463
3544 1600
3545 1601
3546 1602
3547 1603
3548 1604
3549 1605
3550 1606
3551 1607
3552 1744
3553 1745
3554 1746
3555 1747
3556 1748
3557 1749
3558 1750
3559 1751
3560 1888
3561 1889
3562 1890
3563 1891
3564 1892
3565 1893
3566 1894
3567 1895
3568 2032
3569 2033
3570 2034
3571 2035
3572 2036
3573 2037
3574 2038
3575 2039
3576 2176
3577 2177
3578 2178
3579 2179
3580 2180
3581 2181
3582 2182
3583 2183
3584 2320
3585 2321
3586 2322
3587 2323
3588 2324
3589 2325
3590 2326
3591 2327
3592 2464
3593 2465
3594 2466
3595 2467
3596 2468
3597 2469
3598 2470
3599 2471
3600 2608
3601 2609
3602 2610
3603 2611
3604 2612
3605 2613
3606 2614
3607 2615
3608 2752
3609 2753
3610 2754
3611 2755
3612 2756
3613 2757
3614 2758
3615 2759
3616 2896
3617 2897
3618 2898
3619 2899
3620 2900
3621 2901
3622 2902
3623 2903
3624 3040
3625 3041
3626 3042
3627 3043
3628 3044
3629 3045
3630 3046
3631 3047
3632 3184
3633 3185
3634 3186
3635 3187
3636 3188
3637 3189
3638 3190
3639 3191
3640 3328
3641 3329
3642 3330
3643 3331
3644 3332
3645 3333
3646 3334
3647 3335
3648 3472
3649 3473
3650 3474
3651 3475
3652 3476
3653 3477
3654 3478
3655 3479
3656 3616
3657 3617
3658 3618
3659 3619
3660 3620
3661 3621
3662 3622
3663 3623
3664 3760
3665 3761
3666 3762
3667 3763
3668 3764
3669 3765
3670 3766
3671 3767
3672 3904
3673 3905
3674 3906
3675 3907
3676 3908
3677 3909
3678 3910
3679 3911
3680 4048
3681 4049
3682 4050
3683 4051
3684 4052
3685 4053
3686 4054
3687 4055
3688 4192
3689 4193
3690 4194
3691 4195
3692 4196
3693 4197
3694 4198
3695 4199
3696 4336
3697 4337
3698 4338
3699 4339
3700 4340
3701 4341
3702 4342
3703 4343
3704 4480
3705 4481
3706 4482
3707 4483
3708 4484
3709 4485
3710 4486
3711 4487
3712 4624
3713 4625
3714 4626
3715 4627
3716 4628
3717 4629
3718 4630
3719 4631
3720 4768
3721 4769
3722 4770
3723 4771
3724 4772
3725 4773
3726 4774
3727 4775
3728 4912
3729 4913
3730 4914
3731 4915
3732 4916
3733 4917
3734 4918
3735 4919
3736 5056
3737 5057
3738 5058
3739 5059
3740 5060
3741 5061
3742 5062
3743 5063
3744 5200
3745 5201
3746 5202
3747 5203
3748 5204
3749 5205
3750 5206
3751 5207
3752 5344
3753 5345
3754 5346
3755 5347
3756 5348
3757 5349
3758 5350
3759 5351
3760 5488
3761 5489
3762 5490
3763 5491
3764 5492
3765 5493
3766 5494
3767 5495
3768 5632
3769 5633
3770 5634
3771 5635
3772 5636
3773 5637
3774 5638
3775 5639
3776 5776
3777 5777
3778 5778
3779 5779
3780 5780
3781 5781
3782 5782
3783 5783
3784 5920
3785 5921
3786 5922
3787 5923
3788 5924
3789 5925
3790 5926
3791 5927
3792 6064
3793 6065
3794 6066
3795 6067
3796 6068
3797 6069
3798 6070
3799 6071
3800 6208
3801 6209
3802 6210
3803 6211
3804 6212
3805 6213
3806 6214
3807 6215
3808 6352
3809 6353
3810 6354
3811 6355
3812 6356
3813 6357
3814 6358
3815 6359
3816 6496
3817 6497
3818 6498
3819 6499
3820 6500
3821 6501
3822 6502
3823 6503
3824 6640
3825 6641
3826 6642
3827 6643
3828 6644
3829 6645
3830 6646
3831 6647
3832 6784
3833 6785
3834 6786
3835 6787
3836 6788
3837 6789
3838 6790
3839 6791
3840 6928
3841 6929
3842 6930
3843 6931
3844 6932
3845 6933
3846 6934
3847 6935
3848 7072
3849 7073
3850 7074
3851 7075
3852 7076
3853 7077
3854 7078
3855 7079
3856 7216
3857 7217
3858 7218
3859 7219
3860 7220
3861 7221
3862 7222
3863 7223
3864 7360
3865 7361
3866 7362
3867 7363
3868 7364
3869 7365
3870 7366
3871 7367
3872 7504
3873 7505
3874 7506
3875 7507
3876 7508
3877 7509
3878 7510
3879 7511
3880 7648
3881 7649
3882 7650
3883 7651
3884 7652
3885 7653
3886 7654
3887 7655
3888 7792
3889 7793
3890 7794
3891 7795
3892 7796
3893 7797
3894 7798
3895 7799
3896 7936
3897 7937
3898 7938
3899 7939
3900 7940
3901 7941
3902 7942
3903 7943
3904 8080
3905 8081
3906 8082
3907 8083
3908 8084
3909 8085
3910 8086
3911 8087
3912 8224
3913 8225
3914 8226
3915 8227
3916 8228
3917 8229
3918 8230
3919 8231
3920 8368
3921 8369
3922 8370
3923 8371
3924 8372
3925 8373
3926 8374
3927 8375
3928 8512
3929 8513
3930 8514
3931 8515
3932 8516
3933 8517
3934 8518
3935 8519
3936 8656
3937 8657
3938 8658
3939 8659
3940 8660
3941 8661
3942 8662
3943 8663
3944 8800
3945 8801
3946 8802
3947 8803
3948 8804
3949 8805
3950 8806
3951 8807
3952 8944
3953 8945
3954 8946
3955 8947
3956 8948
3957 8949
3958 8950
3959 8951
3960 9088
3961 9089
3962 9090
3963 9091
3964 9092
3965 9093
3966 9094
3967 9095
3968 9232
3969 9233
3970 9234
3971 9235
3972 9236
3973 9237
3974 9238
3975 9239
3976 9376
3977 9377
3978 9378
3979 9379
3980 9380
3981 9381
3982 9382
3983 9383
3984 9520
3985 9521
3986 9522
3987 9523
3988 9524
3989 9525
3990 9526
3991 9527
3992 9664
3993 9665
3994 9666
3995 9667
3996 9668
3997 9669
3998 9670
3999 9671
4000 9808
4001 9809
4002 9810
4003 9811
4004 9812
4005 9813
4006 9814
4007 9815
4008 9952
4009 9953
4010 9954
4011 9955
4012 9956
4013 9957
4014 9958
4015 9959
4016 10096
4017 10097
4018 10098
4019 10099
4020 10100
4021 10101
4022 10102
4023 10103
4024 10240
4025 10241
4026 10242
4027 10243
4028 10244
4029 10245
4030 10246
4031 10247
4032 10384
4033 10385
4034 10386
4035 10387
4036 10388
4037 10389
4038 10390
4039 10391
4040 10528
4041 10529
4042 10530
4043 10531
4044 10532
4045 10533
4046 10534
4047 10535
4048 10672
4049 10673
4050 10674
4051 10675
4052 10676
4053 10677
4054 10678
4055 10679
4056 10816
4057 10817
4058 10818
4059 10819
4060 10820
4061 10821
4062 10822
4063 10823
4064 10960
4065 10961
4066 10962
4067 10963
4068 10964
4069 10965
4070 10966
4071 10967
4072 11104
4073 11105
4074 11106
4075 11107
4076 11108
4077 11109
4078 11110
4079 11111
4080 11248
4081 11249
4082 11250
4083 11251
4084 11252
4085 11253
4086 11254
4087 11255
4088 11392
4089 11393
4090 11394
4091 11395
4092 11396
4093 11397
4094 11398
4095 11399
4096 11536
4097 11537
4098 11538
4099 11539
4100 11540
4101 11541
4102 11542
4103 11543
4104 11680
4105 11681
4106 11682
4107 11683
4108 11684
4109 11685
4110 11686
4111 11687
4112 11824
4113 11825
4114 11826
4115 11827
4116 11828
4117 11829
4118 11830
4119 11831
4120 11968
4121 11969
4122 11970
4123 11971
4124 11972
4125 11973
4126 11974
4127 11975
4128 12112
4129 12113
4130 12114
4131 12115
4132 12116
4133 12117
4134 12118
4135 12119
4136 12256
4137 12257
4138 12258
4139 12259
4140 12260
4141 12261
4142 12262
4143 12263
4144 12400
4145 12401
4146 12402
4147 12403
4148 12404
4149 12405
4150 12406
4151 12407
4152 12544
4153 12545
4154 12546
4155 12547
4156 12548
4157 12549
4158 12550
4159 12551
4160 12688
4161 12689
4162 12690
4163 12691
4164 12692
4165 12693
4166 12694
4167 12695
4168 12832
4169 12833
4170 12834
4171 12835
4172 12836
4173 12837
4174 12838
4175 12839
4176 12976
4177 12977
4178 12978
4179 12979
4180 12980
4181 12981
4182 12982
4183 12983
4184 13120
4185 13121
4186 13122
4187 13123
4188 13124
4189 13125
4190 13126
4191 13127
4192 13264
4193 13265
4194 13266
4195 13267
4196 13268
4197 13269
4198 13270
4199 13271
4200 13408
4201 13409
4202 13410
4203 13411
4204 13412
4205 13413
4206 13414
4207 13415
4208 13552
4209 13553
4210 13554
4211 13555
4212 13556
4213 13557
4214 13558
4215 13559
4216 13696
4217 13697
4218 13698
4219 13699
4220 13700
4221 13701
4222 13702
4223 13703
4224 13840
4225 13841
4226 13842
4227 13843
4228 13844
4229 13845
4230 13846
4231 13847
4232 13984
4233 13985
4234 13986
4235 13987
4236 13988
4237 13989
4238 13990
4239 13991
4240 14128
4241 14129
4242 14130
4243 14131
4244 14132
4245 14133
4246 14134
4247 14135
4248 14272
4249 14273
4250 14274
4251 14275
4252 14276
4253 14277
4254 14278
4255 14279
4256 14416
4257 14417
4258 14418
4259 14419
4260 14420
4261 14421
4262 14422
4263 14423
4264 14560
4265 14561
4266 14562
4267 14563
4268 14564
4269 14565
4270 14566
4271 14567
4272 14704
4273 14705
4274 14706
4275 14707
4276 14708
4277 14709
4278 14710
4279 14711
4280 14848
4281 14849
4282 14850
4283 14851
4284 14852
4285 14853
4286 14854
4287 14855
4288 14992
4289 14993
4290 14994
4291 14995
4292 14996
4293 14997
4294 14998
4295 14999
4296 15136
4297 15137
4298 15138
4299 15139
4300 15140
4301 15141
4302 15142
4303 15143
4304 15280
4305 15281
4306 15282
4307 15283
4308 15284
4309 15285
4310 15286
4311 15287
4312 15424
4313 15425
4314 15426
4315 15427
4316 15428
4317 15429
4318 15430
4319 15431
4320 15568
4321 15569
4322 15570
4323 15571
4324 15572
4325 15573
4326 15574
4327 15575
4328 15712
4329 15713
4330 15714
4331 15715
4332 15716
4333 15717
4334 15718
4335 15719
4336 15856
4337 15857
4338 15858
4339 15859
4340 15860
4341 15861
4342 15862
4343 15863
4344 16000
4345 16001
4346 16002
4347 16003
4348 16004
4349 16005
4350 16006
4351 16007
4352 16144
4353 16145
4354 16146
4355 16147
4356 16148
4357 16149
4358 16150
4359 16151
4360 16288
4361 16289
4362 16290
4363 16291
4364 16292
4365 16293
4366 16294
4367 16295
4368 16432
4369 16433
4370 16434
4371 16435
4372 16436
4373 16437
4374 16438
4375 16439
4376 16576
4377 16577
4378 16578
4379 16579
4380 16580
4381 16581
4382 16582
4383 16583
4384 16720
4385 16721
4386 16722
4387 16723
4388 16724
4389 16725
4390 16726
4391 16727
4392 16864
4393 16865
4394 16866
4395 16867
4396 16868
4397 16869
4398 16870
4399 16871
4400 17008
4401 17009
4402 17010
4403 17011
4404 17012
4405 17013
4406 17014
4407 17015
4408 17152
4409 17153
4410 17154
4411 17155
4412 17156
4413 17157
4414 17158
4415 17159
4416 17296
4417 17297
4418 17298
4419 17299
4420 17300
4421 17301
4422 17302
4423 17303
4424 17440
4425 17441
4426 17442
4427 17443
4428 17444
4429 17445
4430 17446
4431 17447
4432 17584
4433 17585
4434 17586
4435 17587
4436 17588
4437 17589
4438 17590
4439 17591
4440 17728
4441 17729
4442 17730
4443 17731
4444 17732
4445 17733
4446 17734
4447 17735
4448 17872
4449 17873
4450 17874
4451 17875
4452 17876
4453 17877
4454 17878
4455 17879
4456 18016
4457 18017
4458 18018
4459 18019
4460 18020
4461 18021
4462 18022
4463 18023
4464 18160
4465 18161
4466 18162
4467 18163
4468 18164
4469 18165
4470 18166
4471 18167
4472 18304
4473 18305
4474 18306
4475 18307
4476 18308
4477 18309
4478 18310
4479 18311
4480 18448
4481 18449
4482 18450
4483 18451
4484 18452
4485 18453
4486 18454
4487 18455
4488 18592
4489 18593
4490 18594
4491 18595
4492 18596
4493 18597
4494 18598
4495 18599
4496 18736
4497 18737
4498 18738
4499 18739
4500 18740
4501 18741
4502 18742
4503 18743
4504 18880
4505 18881
4506 18882
4507 18883
4508 18884
4509 18885
4510 18886
4511 18887
4512 19024
4513 19025
4514 19026
4515 19027
4516 19028
4517 19029
4518 19030
4519 19031
4520 19168
4521 19169
4522 19170
4523 19171
4524 19172
4525 19173
4526 19174
4527 19175
4528 19312
4529 19313
4530 19314
4531 19315
4532 19316
4533 19317
4534 19318
4535 19319
4536 19456
4537 19457
4538 19458
4539 19459
4540 19460
4541 19461
4542 19462
4543 19463
4544 19600
4545 19601
4546 19602
4547 19603
4548 19604
4549 19605
4550 19606
4551 19607
4552 19744
4553 19745
4554 19746
4555 19747
4556 19748
4557 19749
4558 19750
4559 19751
4560 19888
4561 19889
4562 19890
4563 19891
4564 19892
4565 19893
4566 19894
4567 19895
4568 20032
4569 20033
4570 20034
4571 20035
4572 20036
4573 20037
4574 20038
4575 20039
4576 20176
4577 20177
4578 20178
4579 20179
4580 20180
4581 20181
4582 20182
4583 20183
4584 20320
4585 20321
4586 20322
4587 20323
4588 20324
4589 20325
4590 20326
4591 20327
4592 20464
4593 20465
4594 20466
4595 20467
4596 20468
4597 20469
4598 20470
4599 20471
4600 20608
4601 20609
4602 20610
4603 20611
4604 20612
4605 20613
4606 20614
4607 20615
4608 20752
4609 20753
4610 20754
4611 20755
4612 20756
4613 20757
4614 20758
4615 20759
4616 20896
4617 20897
4618 20898
4619 20899
4620 20900
4621 20901
4622 20902
4623 20903
4624 21040
4625 21041
4626 21042
4627 21043
4628 21044
4629 21045
4630 21046
4631 21047
4632 21184
4633 21185
4634 21186
4635 21187
4636 21188
4637 21189
4638 21190
4639 21191
4640 21328
4641 21329
4642 21330
4643 21331
4644 21332
4645 21333
4646 21334
4647 21335
4648 21472
4649 21473
4650 21474
4651 21475
4652 21476
4653 21477
4654 21478
4655 21479
4656 21616
4657 21617
4658 21618
4659 21619
4660 21620
4661 21621
4662 21622
4663 21623
4664 21760
4665 21761
4666 21762
4667 21763
4668 21764
4669 21765
4670 21766
4671 21767
4672 21904
4673 21905
4674 21906
4675 21907
4676 21908
4677 21909
4678 21910
4679 21911
4680 22048
4681 22049
4682 22050
4683 22051
4684 22052
4685 22053
4686 22054
4687 22055
4688 22192
4689 22193
4690 22194
4691 22195
4692 22196
4693 22197
4694 22198
4695 22199
4696 22336
4697 22337
4698 22338
4699 22339
4700 22340
4701 22341
4702 22342
4703 22343
4704 22480
4705 22481
4706 22482
4707 22483
4708 22484
4709 22485
4710 22486
4711 22487
4712 22624
4713 22625
4714 22626
4715 22627
4716 22628
4717 22629
4718 22630
4719 22631
4720 22768
4721 22769
4722 22770
4723 22771
4724 22772
4725 22773
4726 22774
4727 22775
4728 22912
4729 22913
4730 22914
4731 22915
4732 22916
4733 22917
4734 22918
4735 22919
4736 23056
4737 23057
4738 23058
4739 23059
4740 23060
4741 23061
4742 23062
4743 23063
4744 23200
4745 23201
4746 23202
4747 23203
4748 23204
4749 23205
4750 23206
4751 23207
4752 23344
4753 23345
4754 23346
4755 23347
4756 23348
4757 23349
4758 23350
4759 23351
4760 23488
4761 23489
4762 23490
4763 23491
4764 23492
4765 23493
4766 23494
4767 23495
4768 23632
4769 23633
4770 23634
4771 23635
4772 23636
4773 23637
4774 23638
4775 23639
4776 23776
4777 23777
4778 23778
4779 23779
4780 23780
4781 23781
4782 23782
4783 23783
4784 23920
4785 23921
4786 23922
4787 23923
4788 23924
4789 23925
4790 23926
4791 23927
4792 24064
4793 24065
4794 24066
4795 24067
4796 24068
4797 24069
4798 24070
4799 24071
4800 24208
4801 24209
4802 24210
4803 24211
4804 24212
4805 24213
4806 24214
4807 24215
4808 24352
4809 24353
4810 24354
4811 24355
4812 24356
4813 24357
4814 24358
4815 24359
4816 24496
4817 24497
4818 24498
4819 24499
4820 24500
4821 24501
4822 24502
4823 24503
4824 24640
4825 24641
4826 24642
4827 24643
4828 24644
4829 24645
4830 24646
4831 24647
4832 24784
4833 24785
4834 24786
4835 24787
4836 24788
4837 24789
4838 24790
4839 24791
4840 24928
4841 24929
4842 24930
4843 24931
4844 24932
4845 24933
4846 24934
4847 24935
4848 25072
4849 25073
4850 25074
4851 25075
4852 25076
4853 25077
4854 25078
4855 25079
4856 25216
4857 25217
4858 25218
4859 25219
4860 25220
4861 25221
4862 25222
4863 25223
4864 25360
4865 25361
4866 25362
4867 25363
4868 25364
4869 25365
4870 25366
4871 25367
4872 25504
4873 25505
4874 25506
4875 25507
4876 25508
4877 25509
4878 25510
4879 25511
4880 25648
4881 25649
4882 25650
4883 25651
4884 25652
4885 25653
4886 25654
4887 25655
4888 25792
4889 25793
4890 25794
4891 25795
4892 25796
4893 25797
4894 25798
4895 25799
4896 25936
4897 25937
4898 25938
4899 25939
4900 25940
4901 25941
4902 25942
4903 25943
4904 26080
4905 26081
4906 26082
4907 26083
4908 26084
4909 26085
4910 26086
4911 26087
4912 26224
4913 26225
4914 26226
4915 26227
4916 26228
4917 26229
4918 26230
4919 26231
4920 26368
4921 26369
4922 26370
4923 26371
4924 26372
4925 26373
4926 26374
4927 26375
4928 26512
4929 26513
4930 26514
4931 26515
4932 26516
4933 26517
4934 26518
4935 26519
4936 26656
4937 26657
4938 26658
4939 26659
4940 26660
4941 26661
4942 26662
4943 26663
4944 26800
4945 26801
4946 26802
4947 26803
4948 26804
4949 26805
4950 26806
4951 26807
4952 26944
4953 26945
4954 26946
4955 26947
4956 26948
4957 26949
4958 26950
4959 26951
4960 27088
4961 27089
4962 27090
4963 27091
4964 27092
4965 27093
4966 27094
4967 27095
4968 27232
4969 27233
4970 27234
4971 27235
4972 27236
4973 27237
4974 27238
4975 27239
4976 27376
4977 27377
4978 27378
4979 27379
4980 27380
4981 27381
4982 27382
4983 27383
4984 27520
4985 27521
4986 27522
4987 27523
4988 27524
4989 27525
4990 27526
4991 27527
4992 27664
4993 27665
4994 27666
4995 27667
4996 27668
4997 27669
4998 27670
4999 27671
5000 27808
5001 27809
5002 27810
5003 27811
5004 27812
5005 27813
5006 27814
5007 27815
5008 27952
5009 27953
5010 27954
5011 27955
5012 27956
5013 27957
5014 27958
5015 27959
5016 28096
5017 28097
5018 28098
5019 28099
5020 28100
5021 28101
5022 28102
5023 28103
5024 28240
5025 28241
5026 28242
5027 28243
5028 28244
5029 28245
5030 28246
5031 28247
5032 28384
5033 28385
5034 28386
5035 28387
5036 28388
5037 28389
5038 28390
5039 28391
5040 28528
5041 28529
5042 28530
5043 28531
5044 28532
5045 28533
5046 28534
5047 28535
5048 28672
5049 28673
5050 28674
5051 28675
5052 28676
5053 28677
5054 28678
5055 28679
5056 28816
5057 28817
5058 28818
5059 28819
5060 28820
5061 28821
5062 28822
5063 28823
5064 28960
5065 28961
5066 28962
5067 28963
5068 28964
5069 28965
5070 28966
5071 28967
5072 29104
5073 29105
5074 29106
5075 29107
5076 29108
5077 29109
5078 29110
5079 29111
5080 29248
5081 29249
5082 29250
5083 29251
5084 29252
5085 29253
5086 29254
5087 29255
5088 29392
5089 29393
5090 29394
5091 29395
5092 29396
5093 29397
5094 29398
5095 29399
5096 29536
5097 29537
5098 29538
5099 29539
5100 29540
5101 29541
5102 29542
5103 29543
5104 29680
5105 29681
5106 29682
5107 29683
5108 29684
5109 29685
5110 29686
5111 29687
5112 29824
5113 29825
5114 29826
5115 29827
5116 29828
5117 29829
5118 29830
5119 29831
5120 29968
5121 29969
5122 29970
5123 29971
5124 29972
5125 29973
5126 29974
5127 29975
5128 30112
5129 30113
5130 30114
5131 30115
5132 30116
5133 30117
5134 30118
5135 30119
5136 30256
5137 30257
5138 30258
5139 30259
5140 30260
5141 30261
5142 30262
5143 30263
5144 30400
5145 30401
5146 30402
5147 30403
5148 30404
5149 30405
5150 30406
5151 30407
5152 30544
5153 30545
5154 30546
5155 30547
5156 30548
5157 30549
5158 30550
5159 30551
5160 30688
5161 30689
5162 30690
5163 30691
5164 30692
5165 30693
5166 30694
5167 30695
5168 30832
5169 30833
5170 30834
5171 30835
5172 30836
5173 30837
5174 30838
5175 30839
5176 30976
5177 30977
5178 30978
5179 30979
5180 30980
5181 30981
5182 30982
5183 30983
5184 24
5185 25
5186 26
5187 27
5188 28
5189 29
5190 30
5191 31
5192 168
5193 169
5194 170
5195 171
5196 172
5197 173
5198 174
5199 175
5200 312
5201 313
5202 314
5203 315
5204 316
5205 317
5206 318
5207 319
5208 456
5209 457
5210 458
5211 459
5212 460
5213 461
5214 462
5215 463
5216 600
5217 601
5218 602
5219 603
5220 604
5221 605
5222 606
5223 607
5224 744
5225 745
5226 746
5227 747
5228 748
5229 749
5230 750
5231 751
5232 888
5233 889
5234 890
5235 891
5236 892
5237 893
5238 894
5239 895
5240 1032
5241 1033
5242 1034
5243 1035
5244 1036
5245 1037
5246 1038
5247 1039
5248 1176
5249 1177
5250 1178
5251 1179
5252 1180
5253 1181
5254 1182
5255 1183
5256 1320
5257 1321
5258 1322
5259 1323
5260 1324
5261 1325
5262 1326
5263 1327
5264 1464
5265 1465
5266 1466
5267 1467
5268 1468
5269 1469
5270 1470
5271 1471
5272 1608
5273 1609
5274 1610
5275 1611
5276 1612
5277 1613
5278 1614
5279 1615
5280 1752
5281 1753
5282 1754
5283 1755
5284 1756
5285 1757
5286 1758
5287 1759
5288 1896
5289 1897
5290 1898
5291 1899
5292 1900
5293 1901
5294 1902
5295 1903
5296 2040
5297 2041
5298 2042
5299 2043
5300 2044
5301 2045
5302 2046
5303 2047
5304 2184
5305 2185
5306 2186
5307 2187
5308 2188
5309 2189
5310 2190
5311 2191
5312 2328
5313 2329
5314 2330
5315 2331
5316 2332
5317 2333
5318 2334
5319 2335
5320 2472
5321 2473
5322 2474
5323 2475
5324 2476
5325 2477
5326 2478
5327 2479
5328 2616
5329 2617
5330 2618
5331 2619
5332 2620
5333 2621
5334 2622
5335 2623
5336 2760
5337 2761
5338 2762
5339 2763
5340 2764
5341 2765
5342 2766
5343 2767
5344 2904
5345 2905
5346 2906
5347 2907
5348 2908
5349 2909
5350 2910
5351 2911
5352 3048
5353 3049
5354 3050
5355 3051
5356 3052
5357 3053
5358 3054
5359 3055
5360 3192
5361 3193
5362 3194
5363 3195
5364 3196
5365 3197
5366 3198
5367 3199
5368 3336
5369 3337
5370 3338
5371 3339
5372 3340
5373 3341
5374 3342
5375 3343
5376 3480
5377 3481
5378 3482
5379 3483
5380 3484
5381 3485
5382 3486
5383 3487
5384 3624
5385 3625
5386 3626
5387 3627
5388 3628
5389 3629
5390 3630
5391 3631
5392 3768
5393 3769
5394 3770
5395 3771
5396 3772
5397 3773
5398 3774
5399 3775
5400 3912
5401 3913
5402 3914
5403 3915
5404 3916
5405 3917
5406 3918
5407 3919
5408 4056
5409 4057
5410 4058
5411 4059
5412 4060
5413 4061
5414 4062
5415 4063
5416 4200
5417 4201
5418 4202
5419 4203
5420 4204
5421 4205
5422 4206
5423 4207
5424 4344
5425 4345
5426 4346
5427 4347
5428 4348
5429 4349
5430 4350
5431 4351
5432 4488
5433 4489
5434 4490
5435 4491
5436 4492
5437 4493
5438 4494
5439 4495
5440 4632
5441 4633
5442 4634
5443 4635
5444 4636
5445 4637
5446 4638
5447 4639
5448 4776
5449 4777
5450 4778
5451 4779
5452 4780
5453 4781
5454 4782
5455 4783
5456 4920
5457 4921
5458 4922
5459 4923
5460 4924
5461 4925
5462 4926
5463 4927
5464 5064
5465 5065
5466 5066
5467 5067
5468 5068
5469 5069
5470 5070
5471 5071
5472 5208
5473 5209
5474 5210
5475 5211
5476 5212
5477 5213
5478 5214
5479 5215
5480 5352
5481 5353
5482 5354
5483 5355
5484 5356
5485 5357
5486 5358
5487 5359
5488 5496
5489 5497
5490 5498
5491 5499
5492 5500
5493 5501
5494 5502
5495 5503
5496 5640
5497 5641
5498 5642
5499 5643
5500 5644
5501 5645
5502 5646
5503 5647
5504 5784
5505 5785
5506 5786
5507 5787
5508 5788
5509 5789
5510 5790
5511 5791
5512 5928
5513 5929
5514 5930
5515 5931
5516 5932
5517 5933
5518 5934
5519 5935
5520 6072
5521 6073
5522 6074
5523 6075
5524 6076
5525 6077
5526 6078
5527 6079
5528 6216
5529 6217
5530 6218
5531 6219
5532 6220
5533 6221
5534 6222
5535 6223
5536 6360
5537 6361
5538 6362
5539 6363
5540 6364
5541 6365
5542 6366
5543 6367
5544 6504
5545 6505
5546 6506
5547 6507
5548 6508
5549 6509
5550 6510
5551 6511
5552 6648
5553 6649
5554 6650
5555 6651
5556 6652
5557 6653
5558 6654
5559 6655
5560 6792
5561 6793
5562 6794
5563 6795
5564 6796
5565 6797
5566 6798
5567 6799
5568 6936
5569 6937
5570 6938
5571 6939
5572 6940
5573 6941
5574 6942
5575 6943
5576 7080
5577 7081
5578 7082
5579 7083
5580 7084
5581 7085
5582 7086
5583 7087
5584 7224
5585 7225
5586 7226
5587 7227
5588 7228
5589 7229
5590 7230
5591 7231
5592 7368
5593 7369
5594 7370
5595 7371
5596 7372
5597 7373
5598 7374
5599 7375
5600 7512
5601 7513
5602 7514
5603 7515
5604 7516
5605 7517
5606 7518
5607 7519
5608 7656
5609 7657
5610 7658
5611 7659
5612 7660
5613 7661
5614 7662
5615 7663
5616 7800
5617 7801
5618 7802
5619 7803
5620 7804
5621 7805
5622 7806
5623 7807
5624 7944
5625 7945
5626 7946
5627 7947
5628 7948
5629 7949
5630 7950
5631 7951
5632 8088
5633 8089
5634 8090
5635 8091
5636 8092
5637 8093
5638 8094
5639 8095
5640 8232
5641 8233
5642 8234
5643 8235
5644 8236
5645 8237
5646 8238
5647 8239
5648 8376
5649 8377
5650 8378
5651 8379
5652 8380
5653 8381
5654 8382
5655 8383
5656 8520
5657 8521
5658 8522
5659 8523
5660 8524
5661 8525
5662 8526
5663 8527
5664 8664
5665 8665
5666 8666
5667 8667
5668 8668
5669 8669
5670 8670
5671 8671
5672 8808
5673 8809
5674 8810
5675 8811
5676 8812
5677 8813
5678 8814
5679 8815
5680 8952
5681 8953
5682 8954
5683 8955
5684 8956
5685 8957
5686 8958
5687 8959
5688 9096
5689 9097
5690 9098
5691 9099
5692 9100
5693 9101
5694 9102
5695 9103
5696 9240
5697 9241
5698 9242
5699 9243
5700 9244
5701 9245
5702 9246
5703 9247
5704 9384
5705 9385
5706 9386
5707 9387
5708 9388
5709 9389
5710 9390
5711 9391
5712 9528
5713 9529
5714 9530
5715 9531
5716 9532
5717 9533
5718 9534
5719 9535
5720 9672
5721 9673
5722 9674
5723 9675
5724 9676
5725 9677
5726 9678
5727 9679
5728 9816
5729 9817
5730 9818
5731 9819
5732 9820
5733 9821
5734 9822
5735 9823
5736 9960
5737 9961
5738 9962
5739 9963
5740 9964
5741 9965
5742 9966
5743 9967
5744 10104
5745 10105
5746 10106
5747 10107
5748 10108
5749 10109
5750 10110
5751 10111
5752 10248
5753 10249
5754 10250
5755 10251
5756 10252
5757 10253
5758 10254
5759 10255
5760 10392
5761 10393
5762 10394
5763 10395
5764 10396
5765 10397
5766 10398
5767 10399
5768 10536
5769 10537
5770 10538
5771 10539
5772 10540
5773 10541
5774 10542
5775 10543
5776 10680
5777 10681
5778 10682
5779 10683
5780 10684
5781 10685
5782 10686
5783 10687
5784 10824
5785 10825
5786 10826
5787 10827
5788 10828
5789 10829
5790 10830
5791 10831
5792 10968
5793 10969
5794 10970
5795 10971
5796 10972
5797 10973
5798 10974
5799 10975
5800 11112
5801 11113
5802 11114
5803 11115
5804 11116
5805 11117
5806 11118
5807 11119
5808 11256
5809 11257
5810 11258
5811 11259
5812 11260
5813 11261
5814 11262
5815 11263
5816 11400
5817 11401
5818 11402
5819 11403
5820 11404
5821 11405
5822 11406
5823 11407
5824 11544
5825 11545
5826 11546
5827 11547
5828 11548
5829 11549
5830 11550
5831 11551
5832 11688
5833 11689
5834 11690
5835 11691
5836 11692
5837 11693
5838 11694
5839 11695
5840 11832
5841 11833
5842 11834
5843 11835
5844 11836
5845 11837
5846 11838
5847 11839
5848 11976
5849 11977
5850 11978
5851 11979
5852 11980
5853 11981
5854 11982
5855 11983
5856 12120
5857 12121
5858 12122
5859 12123
5860 12124
5861 12125
5862 12126
5863 12127
5864 12264
5865 12265
5866 12266
5867 12267
5868 12268
5869 12269
5870 12270
5871 12271
5872 12408
5873 12409
5874 12410
5875 12411
5876 12412
5877 12413
5878 12414
5879 12415
5880 12552
5881 12553
5882 12554
5883 12555
5884 12556
5885 12557
5886 12558
5887 12559
5888 12696
5889 12697
5890 12698
5891 12699
5892 12700
5893 12701
5894 12702
5895 12703
5896 12840
5897 12841
5898 12842
5899 12843
5900 12844
5901 12845
5902 12846
5903 12847
5904 12984
5905 12985
5906 12986
5907 12987
5908 12988
5909 12989
5910 12990
5911 12991
5912 13128
5913 13129
5914 13130
5915 13131
5916 13132
5917 13133
5918 13134
5919 13135
5920 13272
5921 13273
5922 13274
5923 13275
5924 13276
5925 13277
5926 13278
5927 13279
5928 13416
5929 13417
5930 13418
5931 13419
5932 13420
5933 13421
5934 13422
5935 13423
5936 13560
5937 13561
5938 13562
5939 13563
5940 13564
5941 13565
5942 13566
5943 13567
5944 13704
5945 13705
5946 13706
5947 13707
5948 13708
5949 13709
5950 13710
5951 13711
5952 13848
5953 13849
5954 13850
5955 13851
5956 13852
5957 13853
5958 13854
5959 13855
5960 13992
5961 13993
5962 13994
5963 13995
5964 13996
5965 13997
5966 13998
5967 13999
5968 14136
5969 14137
5970 14138
5971 14139
5972 14140
5973 14141
5974 14142
5975 14143
5976 14280
5977 14281
5978 14282
5979 14283
5980 14284
5981 14285
5982 14286
5983 14287
5984 14424
5985 14425
5986 14426
5987 14427
5988 14428
5989 14429
5990 14430
5991 14431
5992 14568
5993 14569
5994 14570
5995 14571
5996 14572
5997 14573
5998 14574
5999 14575
6000 14712
6001 14713
6002 14714
6003 14715
6004 14716
6005 14717
6006 14718
6007 14719
6008 14856
6009 14857
6010 14858
6011 14859
6012 14860
6013 14861
6014 14862
6015 14863
6016 15000
6017 15001
6018 15002
6019 15003
6020 15004
6021 15005
6022 15006
6023 15007
6024 15144
6025 15145
6026 15146
6027 15147
6028 15148
6029 15149
6030 15150
6031 15151
6032 15288
6033 15289
6034 15290
6035 15291
6036 15292
6037 15293
6038 15294
6039 15295
6040 15432
6041 15433
6042 15434
6043 15435
6044 15436
6045 15437
6046 15438
6047 15439
6048 15576
6049 15577
6050 15578
6051 15579
6052 15580
6053 15581
6054 15582
6055 15583
6056 15720
6057 15721
6058 15722
6059 15723
6060 15724
6061 15725
6062 15726
6063 15727
6064 15864
6065 15865
6066 15866
6067 15867
6068 15868
6069 15869
6070 15870
6071 15871
6072 16008
6073 16009
6074 16010
6075 16011
6076 16012
6077 16013
6078 16014
6079 16015
6080 16152
6081 16153
6082 16154
6083 16155
6084 16156
6085 16157
6086 16158
6087 16159
6088 16296
6089 16297
6090 16298
6091 16299
6092 16300
6093 16301
6094 16302
6095 16303
6096 16440
6097 16441
6098 16442
6099 16443
6100 16444
6101 16445
6102 16446
6103 16447
6104 16584
6105 16585
6106 16586
6107 16587
6108 16588
6109 16589
6110 16590
6111 16591
6112 16728
6113 16729
6114 16730
6115 16731
6116 16732
6117 16733
6118 16734
6119 16735
6120 16872
6121 16873
6122 16874
6123 16875
6124 16876
6125 16877
6126 16878
6127 16879
6128 17016
6129 17017
6130 17018
6131 17019
6132 17020
6133 17021
6134 17022
6135 17023
6136 17160
6137 17161
6138 17162
6139 17163
6140 17164
6141 17165
6142 17166
6143 17167
6144 17304
6145 17305
6146 17306
6147 17307
6148 17308
6149 17309
6150 17310
6151 17311
6152 17448
6153 17449
6154 17450
6155 17451
6156 17452
6157 17453
6158 17454
6159 17455
6160 17592
6161 17593
6162 17594
6163 17595
6164 17596
6165 17597
6166 17598
6167 17599
6168 17736
6169 17737
6170 17738
6171 17739
6172 17740
6173 17741
6174 17742
6175 17743
6176 17880
6177 17881
6178 17882
6179 17883
6180 17884
6181 17885
6182 17886
6183 17887
6184 18024
6185 18025
6186 18026
6187 18027
6188 18028
6189 18029
6190 18030
6191 18031
6192 18168
6193 18169
6194 18170
6195 18171
6196 18172
6197 18173
6198 18174
6199 18175
6200 18312
6201 18313
6202 18314
6203 18315
6204 18316
6205 18317
6206 18318
6207 18319
6208 18456
6209 18457
6210 18458
6211 18459
6212 18460
6213 18461
6214 18462
6215 18463
6216 18600
6217 18601
6218 18602
6219 18603
6220 18604
6221 18605
6222 18606
6223 18607
6224 18744
6225 18745
6226 18746
6227 18747
6228 18748
6229 18749
6230 18750
6231 18751
6232 18888
6233 18889
6234 18890
6235 18891
6236 18892
6237 18893
6238 18894
6239 18895
6240 19032
6241 19033
6242 19034
6243 19035
6244 19036
6245 19037
6246 19038
6247 19039
6248 19176
6249 19177
6250 19178
6251 19179
6252 19180
6253 19181
6254 19182
6255 19183
6256 19320
6257 19321
6258 19322
6259 19323
6260 19324
6261 19325
6262 19326
6263 19327
6264 19464
6265 19465
6266 19466
6267 19467
6268 19468
6269 19469
6270 19470
6271 19471
6272 19608
6273 19609
6274 19610
6275 19611
6276 19612
6277 19613
6278 19614
6279 19615
6280 19752
6281 19753
6282 19754
6283 19755
6284 19756
6285 19757
6286 19758
6287 19759
6288 19896
6289 19897
6290 19898
6291 19899
6292 19900
6293 19901
6294 19902
6295 19903
6296 20040
6297 20041
6298 20042
6299 20043
6300 20044
6301 20045
6302 20046
6303 20047
6304 20184
6305 20185
6306 20186
6307 20187
6308 20188
6309 20189
6310 20190
6311 20191
6312 20328
6313 20329
6314 20330
6315 20331
6316 20332
6317 20333
6318 20334
6319 20335
6320 20472
6321 20473
6322 20474
6323 20475
6324 20476
6325 20477
6326 20478
6327 20479
6328 20616
6329 20617
6330 20618
6331 20619
6332 20620
6333 20621
6334 20622
6335 20623
6336 20760
6337 20761
6338 20762
6339 20763
6340 20764
6341 20765
6342 20766
6343 20767
6344 20904
6345 20905
6346 20906
6347 20907
6348 20908
6349 20909
6350 20910
6351 20911
6352 21048
6353 21049
6354 21050
6355 21051
6356 21052
6357 21053
6358 21054
6359 21055
6360 21192
6361 21193
6362 21194
6363 21195
6364 21196
6365 21197
6366 21198
6367 21199
6368 21336
6369 21337
6370 21338
6371 21339
6372 21340
6373 21341
6374 21342
6375 21343
6376 21480
6377 21481
6378 21482
6379 21483
6380 21484
6381 21485
6382 21486
6383 21487
6384 21624
6385 21625
6386 21626
6387 21627
6388 21628
6389 21629
6390 21630
6391 21631
6392 21768
6393 21769
6394 21770
6395 21771
6396 21772
6397 21773
6398 21774
6399 21775
6400 21912
6401 21913
6402 21914
6403 21915
6404 21916
6405 21917
6406 21918
6407 21919
6408 22056
6409 22057
6410 22058
6411 22059
6412 22060
6413 22061
6414 22062
6415 22063
6416 22200
6417 22201
6418 22202
6419 22203
6420 22204
6421 22205
6422 22206
6423 22207
6424 22344
6425 22345
6426 22346
6427 22347
6428 22348
6429 22349
6430 22350
6431 22351
6432 22488
6433 22489
6434 22490
6435 22491
6436 22492
6437 22493
6438 22494
6439 22495
6440 22632
6441 22633
6442 22634
6443 22635
6444 22636
6445 22637
6446 22638
6447 22639
6448 22776
6449 22777
6450 22778
6451 22779
6452 22780
6453 22781
6454 22782
6455 22783
6456 22920
6457 22921
6458 22922
6459 22923
6460 22924
6461 22925
6462 22926
6463 22927
6464 23064
6465 23065
6466 23066
6467 23067
6468 23068
6469 23069
6470 23070
6471 23071
6472 23208
6473 23209
6474 23210
6475 23211
6476 23212
6477 23213
6478 23214
6479 23215
6480 23352
6481 23353
6482 23354
6483 23355
6484 23356
6485 23357
6486 23358
6487 23359
6488 23496
6489 23497
6490 23498
6491 23499
6492 23500
6493 23501
6494 23502
6495 23503
6496 23640
6497 23641
6498 23642
6499 23643
6500 23644
6501 23645
6502 23646
6503 23647
6504 23784
6505 23785
6506 23786
6507 23787
6508 23788
6509 23789
6510 23790
6511 23791
6512 23928
6513 23929
6514 23930
6515 23931
6516 23932
6517 23933
6518 23934
6519 23935
6520 24072
6521 24073
6522 24074
6523 24075
6524 24076
6525 24077
6526 24078
6527 24079
6528 24216
6529 24217
6530 24218
6531 24219
6532 24220
6533 24221
6534 24222
6535 24223
6536 24360
6537 24361
6538 24362
6539 24363
6540 24364
6541 24365
6542 24366
6543 24367
6544 24504
6545 24505
6546 24506
6547 24507
6548 24508
6549 24509
6550 24510
6551 24511
6552 24648
6553 24649
6554 24650
6555 24651
6556 24652
6557 24653
6558 24654
6559 24655
6560 24792
6561 24793
6562 24794
6563 24795
6564 24796
6565 24797
6566 24798
6567 24799
6568 24936
6569 24937
6570 24938
6571 24939
6572 24940
6573 24941
6574 24942
6575 24943
6576 25080
6577 25081
6578 25082
6579 25083
6580 25084
6581 25085
6582 25086
6583 25087
6584 25224
6585 25225
6586 25226
6587 25227
6588 25228
6589 25229
6590 25230
6591 25231
6592 25368
6593 25369
6594 25370
6595 25371
6596 25372
6597 25373
6598 25374
6599 25375
6600 25512
6601 25513
6602 25514
6603 25515
6604 25516
6605 25517
6606 25518
6607 25519
6608 25656
6609 25657
6610 25658
6611 25659
6612 25660
6613 25661
6614 25662
6615 25663
6616 25800
6617 25801
6618 25802
6619 25803
6620 25804
6621 25805
6622 25806
6623 25807
6624 25944
6625 25945
6626 25946
6627 25947
6628 25948
6629 25949
6630 25950
6631 25951
6632 26088
6633 26089
6634 26090
6635 26091
6636 26092
6637 26093
6638 26094
6639 26095
6640 26232
6641 26233
6642 26234
6643 26235
6644 26236
6645 26237
6646 26238
6647 26239
6648 26376
6649 26377
6650 26378
6651 26379
6652 26380
6653 26381
6654 26382
6655 26383
6656 26520
6657 26521
6658 26522
6659 26523
6660 26524
6661 26525
6662 26526
6663 26527
6664 26664
6665 26665
6666 26666
6667 26667
6668 26668
6669 26669
6670 26670
6671 26671
6672 26808
6673 26809
6674 26810
6675 26811
6676 26812
6677 26813
6678 26814
6679 26815
6680 26952
6681 26953
6682 26954
6683 26955
6684 26956
6685 26957
6686 26958
6687 26959
6688 27096
6689 27097
6690 27098
6691 27099
6692 27100
6693 27101
6694 27102
6695 27103
6696 27240
6697 27241
6698 27242
6699 27243
6700 27244
6701 27245
6702 27246
6703 27247
6704 27384
6705 27385
6706 27386
6707 27387
6708 27388
6709 27389
6710 27390
6711 27391
6712 27528
6713 27529
6714 27530
6715 27531
6716 27532
6717 27533
6718 27534
6719 27535
6720 27672
6721 27673
6722 27674
6723 27675
6724 27676
6725 27677
6726 27678
6727 27679
6728 27816
6729 27817
6730 27818
6731 27819
6732 27820
6733 27821
6734 27822
6735 27823
6736 27960
6737 27961
6738 27962
6739 27963
6740 27964
6741 27965
6742 27966
6743 27967
6744 28104
6745 28105
6746 28106
6747 28107
6748 28108
6749 28109
6750 28110
6751 28111
6752 28248
6753 28249
6754 28250
6755 28251
6756 28252
6757 28253
6758 28254
6759 28255
6760 28392
6761 28393
6762 28394
6763 28395
6764 28396
6765 28397
6766 28398
6767 28399
6768 28536
6769 28537
6770 28538
6771 28539
6772 28540
6773 28541
6774 28542
6775 28543
6776 28680
6777 28681
6778 28682
6779 28683
6780 28684
6781 28685
6782 28686
6783 28687
6784 28824
6785 28825
6786 28826
6787 28827
6788 28828
6789 28829
6790 28830
6791 28831
6792 28968
6793 28969
6794 28970
6795 28971
6796 28972
6797 28973
6798 28974
6799 28975
6800 29112
6801 29113
6802 29114
6803 29115
6804 29116
6805 29117
6806 29118
6807 29119
6808 29256
6809 29257
6810 29258
6811 29259
6812 29260
6813 29261
6814 29262
6815 29263
6816 29400
6817 29401
6818 29402
6819 29403
6820 29404
6821 29405
6822 29406
6823 29407
6824 29544
6825 29545
6826 29546
6827 29547
6828 29548
6829 29549
6830 29550
6831 29551
6832 29688
6833 29689
6834 29690
6835 29691
6836 29692
6837 29693
6838 29694
6839 29695
6840 29832
6841 29833
6842 29834
6843 29835
6844 29836
6845 29837
6846 29838
6847 29839
6848 29976
6849 29977
6850 29978
6851 29979
6852 29980
6853 29981
6854 29982
6855 29983
6856 30120
6857 30121
6858 30122
6859 30123
6860 30124
6861 30125
6862 30126
6863 30127
6864 30264
6865 30265
6866 30266
6867 30267
6868 30268
6869 30269
6870 30270
6871 30271
6872 30408
6873 30409
6874 30410
6875 30411
6876 30412
6877 30413
6878 30414
6879 30415
6880 30552
6881 30553
6882 30554
6883 30555
6884 30556
6885 30557
6886 30558
6887 30559
6888 30696
6889 30697
6890 30698
6891 30699
6892 30700
6893 30701
6894 30702
6895 30703
6896 30840
6897 30841
6898 30842
6899 30843
6900 30844
6901 30845
6902 30846
6903 30847
6904 30984
6905 30985
6906 30986
6907 30987
6908 30988
6909 30989
6910 30990
6911 30991
6912 32
6913 33
6914 34
6915 35
6916 36
6917 37
6918 38
6919 39
6920 176
6921 177
6922 178
6923 179
6924 180
6925 181
6926 182
6927 183
6928 320
6929 321
6930 322
6931 323
6932 324
6933 325
6934 326
6935 327
6936 464
6937 465
6938 466
6939 467
6940 468
6941 469
6942 470
6943 471
6944 608
6945 609
6946 610
6947 611
6948 612
6949 613
6950 614
6951 615
6952 752
6953 753
6954 754
6955 755
6956 756
6957 757
6958 758
6959 759
6960 896
6961 897
6962 898
6963 899
6964 900
6965 901
6966 902
6967 903
6968 1040
6969 1041
6970 1042
6971 1043
6972 1044
6973 1045
6974 1046
6975 1047
6976 1184
6977 1185
6978 1186
6979 1187
6980 1188
6981 1189
6982 1190
6983 1191
6984 1328
6985 1329
6986 1330
6987 1331
6988 1332
6989 1333
6990 1334
6991 1335
6992 1472
6993 1473
6994 1474
6995 1475
6996 1476
6997 1477
6998 1478
6999 1479
7000 1616
7001 1617
7002 1618
7003 1619
7004 1620
7005 1621
7006 1622
7007 1623
7008 1760
7009 1761
7010 1762
7011 1763
7012 1764
7013 1765
7014 1766
7015 1767
7016 1904
7017 1905
7018 1906
7019 1907
7020 1908
7021 1909
7022 1910
7023 1911
7024 2048
7025 2049
7026 2050
7027 2051
7028 2052
7029 2053
7030 2054
7031 2055
7032 2192
7033 2193
7034 2194
7035 2195
7036 2196
7037 2197
7038 2198
7039 2199
7040 2336
7041 2337
7042 2338
7043 2339
7044 2340
7045 2341
7046 2342
7047 2343
7048 2480
7049 2481
7050 2482
7051 2483
7052 2484
7053 2485
7054 2486
7055 2487
7056 2624
7057 2625
7058 2626
7059 2627
7060 2628
7061 2629
7062 2630
7063 2631
7064 2768
7065 2769
7066 2770
7067 2771
7068 2772
7069 2773
7070 2774
7071 2775
7072 2912
7073 2913
7074 2914
7075 2915
7076 2916
7077 2917
7078 2918
7079 2919
7080 3056
7081 3057
7082 3058
7083 3059
7084 3060
7085 3061
7086 3062
7087 3063
7088 3200
7089 3201
7090 3202
7091 3203
7092 3204
7093 3205
7094 3206
7095 3207
7096 3344
7097 3345
7098 3346
7099 3347
7100 3348
7101 3349
7102 3350
7103 3351
7104 3488
7105 3489
7106 3490
7107 3491
7108 3492
7109 3493
7110 3494
7111 3495
7112 3632
7113 3633
7114 3634
7115 3635
7116 3636
7117 3637
7118 3638
7119 3639
7120 3776
7121 3777
7122 3778
7123 3779
7124 3780
7125 3781
7126 3782
7127 3783
7128 3920
7129 3921
7130 3922
7131 3923
7132 3924
7133 3925
7134 3926
7135 3927
7136 4064
7137 4065
7138 4066
7139 4067
7140 4068
7141 4069
7142 4070
7143 4071
7144 4208
7145 4209
7146 4210
7147 4211
7148 4212
7149 4213
7150 4214
7151 4215
7152 4352
7153 4353
7154 4354
7155 4355
7156 4356
7157 4357
7158 4358
7159 4359
7160 4496
7161 4497
7162 4498
7163 4499
7164 4500
7165 4501
7166 4502
7167 4503
7168 4640
7169 4641
7170 4642
7171 4643
7172 4644
7173 4645
7174 4646
7175 4647
7176 4784
7177 4785
7178 4786
7179 4787
7180 4788
7181 4789
7182 4790
7183 4791
7184 4928
7185 4929
7186 4930
7187 4931
7188 4932
7189 4933
7190 4934
7191 4935
7192 5072
7193 5073
7194 5074
7195 5075
7196 5076
7197 5077
7198 5078
7199 5079
7200 5216
7201 5217
7202 5218
7203 5219
7204 5220
7205 5221
7206 5222
7207 5223
7208 5360
7209 5361
7210 5362
7211 5363
7212 5364
7213 5365
7214 5366
7215 5367
7216 5504
7217 5505
7218 5506
7219 5507
7220 5508
7221 5509
7222 5510
7223 5511
7224 5648
7225 5649
7226 5650
7227 5651
7228 5652
7229 5653
7230 5654
7231 5655
7232 5792
7233 5793
7234 5794
7235 5795
7236 5796
7237 5797
7238 5798
7239 5799
7240 5936
7241 5937
7242 5938
7243 5939
7244 5940
7245 5941
7246 5942
7247 5943
7248 6080
7249 6081
7250 6082
7251 6083
7252 6084
7253 6085
7254 6086
7255 6087
7256 6224
7257 6225
7258 6226
7259 6227
7260 6228
7261 6229
7262 6230
7263 6231
7264 6368
7265 6369
7266 6370
7267 6371
7268 6372
7269 6373
7270 6374
7271 6375
7272 6512
7273 6513
7274 6514
7275 6515
7276 6516
7277 6517
7278 6518
7279 6519
7280 6656
7281 6657
7282 6658
7283 6659
7284 6660
7285 6661
7286 6662
7287 6663
7288 6800
7289 6801
7290 6802
7291 6803
7292 6804
7293 6805
7294 6806
7295 6807
7296 6944
7297 6945
7298 6946
7299 6947
7300 6948
7301 6949
7302 6950
7303 6951
7304 7088
7305 7089
7306 7090
7307 7091
7308 7092
7309 7093
7310 7094
7311 7095
7312 7232
7313 7233
7314 7234
7315 7235
7316 7236
7317 7237
7318 7238
7319 7239
7320 7376
7321 7377
7322 7378
7323 7379
7324 7380
7325 7381
7326 7382
7327 7383
7328 7520
7329 7521
7330 7522
7331 7523
7332 7524
7333 7525
7334 7526
7335 7527
7336 7664
7337 7665
7338 7666
7339 7667
7340 7668
7341 7669
7342 7670
7343 7671
7344 7808
7345 7809
7346 7810
7347 7811
7348 7812
7349 7813
7350 7814
7351 7815
7352 7952
7353 7953
7354 7954
7355 7955
7356 7956
7357 7957
7358 7958
7359 7959
7360 8096
7361 8097
7362 8098
7363 8099
7364 8100
7365 8101
7366 8102
7367 8103
7368 8240
7369 8241
7370 8242
7371 8243
7372 8244
7373 8245
7374 8246
7375 8247
7376 8384
7377 8385
7378 8386
7379 8387
7380 8388
7381 8389
7382 8390
7383 8391
7384 8528
7385 8529
7386 8530
7387 8531
7388 8532
7389 8533
7390 8534
7391 8535
7392 8672
7393 8673
7394 8674
7395 8675
7396 8676
7397 8677
7398 8678
7399 8679
7400 8816
7401 8817
7402 8818
7403 8819
7404 8820
7405 8821
7406 8822
7407 8823
7408 8960
7409 8961
7410 8962
7411 8963
7412 8964
7413 8965
7414 8966
7415 8967
7416 9104
7417 9105
7418 9106
7419 9107
7420 9108
7421 9109
7422 9110
7423 9111
7424 9248
7425 9249
7426 9250
7427 9251
7428 9252
7429 9253
7430 9254
7431 9255
7432 9392
7433 9393
7434 9394
7435 9395
7436 9396
7437 9397
7438 9398
7439 9399
7440 9536
7441 9537
7442 9538
7443 9539
7444 9540
7445 9541
7446 9542
7447 9543
7448 9680
7449 9681
7450 9682
7451 9683
7452 9684
7453 9685
7454 9686
7455 9687
7456 9824
7457 9825
7458 9826
7459 9827
7460 9828
7461 9829
7462 9830
7463 9831
7464 9968
7465 9969
7466 9970
7467 9971
7468 9972
7469 9973
7470 9974
7471 9975
7472 10112
7473 10113
7474 10114
7475 10115
7476 10116
7477 10117
7478 10118
7479 10119
7480 10256
7481 10257
7482 10258
7483 10259
7484 10260
7485 10261
7486 10262
7487 10263
7488 10400
7489 10401
7490 10402
7491 10403
7492 10404
7493 10405
7494 10406
7495 10407
7496 10544
7497 10545
7498 10546
7499 10547
7500 10548
7501 10549
7502 10550
7503 10551
7504 10688
7505 10689
7506 10690
7507 10691
7508 10692
7509 10693
7510 10694
7511 10695
7512 10832
7513 10833
7514 10834
7515 10835
7516 10836
7517 10837
7518 10838
7519 10839
7520 10976
7521 10977
7522 10978
7523 10979
7524 10980
7525 10981
7526 10982
7527 10983
7528 11120
7529 11121
7530 11122
7531 11123
7532 11124
7533 11125
7534 11126
7535 11127
7536 11264
7537 11265
7538 11266
7539 11267
7540 11268
7541 11269
7542 11270
7543 11271
7544 11408
7545 11409
7546 11410
7547 11411
7548 11412
7549 11413
7550 11414
7551 11415
7552 11552
7553 11553
7554 11554
7555 11555
7556 11556
7557 11557
7558 11558
7559 11559
7560 11696
7561 11697
7562 11698
7563 11699
7564 11700
7565 11701
7566 11702
7567 11703
7568 11840
7569 11841
7570 11842
7571 11843
7572 11844
7573 11845
7574 11846
7575 11847
7576 11984
7577 11985
7578 11986
7579 11987
7580 11988
7581 11989
7582 11990
7583 11991
7584 12128
7585 12129
7586 12130
7587 12131
7588 12132
7589 12133
7590 12134
7591 12135
7592 12272
7593 12273
7594 12274
7595 12275
7596 12276
7597 12277
7598 12278
7599 12279
7600 12416
7601 12417
7602 12418
7603 12419
7604 12420
7605 12421
7606 12422
7607 12423
7608 12560
7609 12561
7610 12562
7611 12563
7612 12564
7613 12565
7614 12566
7615 12567
7616 12704
7617 12705
7618 12706
7619 12707
7620 12708
7621 12709
7622 12710
7623 12711
7624 12848
7625 12849
7626 12850
7627 12851
7628 12852
7629 12853
7630 12854
7631 12855
7632 12992
7633 12993
7634 12994
7635 12995
7636 12996
7637 12997
7638 12998
7639 12999
7640 13136
7641 13137
7642 13138
7643 13139
7644 13140
7645 13141
7646 13142
7647 13143
7648 13280
7649 13281
7650 13282
7651 13283
7652 13284
7653 13285
7654 13286
7655 13287
7656 13424
7657 13425
7658 13426
7659 13427
7660 13428
7661 13429
7662 13430
7663 13431
7664 13568
7665 13569
7666 13570
7667 13571
7668 13572
7669 13573
7670 13574
7671 13575
7672 13712
7673 13713
7674 13714
7675 13715
7676 13716
7677 13717
7678 13718
7679 13719
7680 13856
7681 13857
7682 13858
7683 13859
7684 13860
7685 13861
7686 13862
7687 13863
7688 14000
7689 14001
7690 14002
7691 14003
7692 14004
7693 14005
7694 14006
7695 14007
7696 14144
7697 14145
7698 14146
7699 14147
7700 14148
7701 14149
7702 14150
7703 14151
7704 14288
7705 14289
7706 14290
7707 14291
7708 14292
7709 14293
7710 14294
7711 14295
7712 14432
7713 14433
7714 14434
7715 14435
7716 14436
7717 14437
7718 14438
7719 14439
7720 14576
7721 14577
7722 14578
7723 14579
7724 14580
7725 14581
7726 14582
7727 14583
7728 14720
7729 14721
7730 14722
7731 14723
7732 14724
7733 14725
7734 14726
7735 14727
7736 14864
7737 14865
7738 14866
7739 14867
7740 14868
7741 14869
7742 14870
7743 14871
7744 15008
7745 15009
7746 15010
7747 15011
7748 15012
7749 15013
7750 15014
7751 15015
7752 15152
7753 15153
7754 15154
7755 15155
7756 15156
7757 15157
7758 15158
7759 15159
7760 15296
7761 15297
7762 15298
7763 15299
7764 15300
7765 15301
7766 15302
7767 15303
7768 15440
7769 15441
7770 15442
7771 15443
7772 15444
7773 15445
7774 15446
7775 15447
7776 15584
7777 15585
7778 15586
7779 15587
7780 15588
7781 15589
7782 15590
7783 15591
7784 15728
7785 15729
7786 15730
7787 15731
7788 15732
7789 15733
7790 15734
7791 15735
7792 15872
7793 15873
7794 15874
7795 15875
7796 15876
7797 15877
7798 15878
7799 15879
7800 16016
7801 16017
7802 16018
7803 16019
7804 16020
7805 16021
7806 16022
7807 16023
7808 16160
7809 16161
7810 16162
7811 16163
7812 16164
7813 16165
7814 16166
7815 16167
7816 16304
7817 16305
7818 16306
7819 16307
7820 16308
7821 16309
7822 16310
7823 16311
7824 16448
7825 16449
7826 16450
7827 16451
7828 16452
7829 16453
7830 16454
7831 16455
7832 16592
7833 16593
7834 16594
7835 16595
7836 16596
7837 16597
7838 16598
7839 16599
7840 16736
7841 16737
7842 16738
7843 16739
7844 16740
7845 16741
7846 16742
7847 16743
7848 16880
7849 16881
7850 16882
7851 16883
7852 16884
7853 16885
7854 16886
7855 16887
7856 17024
7857 17025
7858 17026
7859 17027
7860 17028
7861 17029
7862 17030
7863 17031
7864 17168
7865 17169
7866 17170
7867 17171
7868 17172
7869 17173
7870 17174
7871 17175
7872 17312
7873 17313
7874 17314
7875 17315
7876 17316
7877 17317
7878 17318
7879 17319
7880 17456
7881 17457
7882 17458
7883 17459
7884 17460
7885 17461
7886 17462
7887 17463
7888 17600
7889 17601
7890 17602
7891 17603
7892 17604
7893 17605
7894 17606
7895 17607
7896 17744
7897 17745
7898 17746
7899 17747
7900 17748
7901 17749
7902 17750
7903 17751
7904 17888
7905 17889
7906 17890
7907 17891
7908 17892
7909 17893
7910 17894
7911 17895
7912 18032
7913 18033
7914 18034
7915 18035
7916 18036
7917 18037
7918 18038
7919 18039
7920 18176
7921 18177
7922 18178
7923 18179
7924 18180
7925 18181
7926 18182
7927 18183
7928 18320
7929 18321
7930 18322
7931 18323
7932 18324
7933 18325
7934 18326
7935 18327
7936 18464
7937 18465
7938 18466
7939 18467
7940 18468
7941 18469
7942 18470
7943 18471
7944 18608
7945 18609
7946 18610
7947 18611
7948 18612
7949 18613
7950 18614
7951 18615
7952 18752
7953 18753
7954 18754
7955 18755
7956 18756
7957 18757
7958 18758
7959 18759
7960 18896
7961 18897
7962 18898
7963 18899
7964 18900
7965 18901
7966 18902
7967 18903
7968 19040
7969 19041
7970 19042
7971 19043
7972 19044
7973 19045
7974 19046
7975 19047
7976 19184
7977 19185
7978 19186
7979 19187
7980 19188
7981 19189
7982 19190
7983 19191
7984 19328
7985 19329
7986 19330
7987 19331
7988 19332
7989 19333
7990 19334
7991 19335
7992 19472
7993 19473
7994 19474
7995 19475
7996 19476
7997 19477
7998 19478
7999 19479
8000 19616
8001 19617
8002 19618
8003 19619
8004 19620
8005 19621
8006 19622
8007 19623
8008 19760
8009 19761
8010 19762
8011 19763
8012 19764
8013 19765
8014 19766
8015 19767
8016 19904
8017 19905
8018 19906
8019 19907
8020 19908
8021 19909
8022 19910
8023 19911
8024 20048
8025 20049
8026 20050
8027 20051
8028 20052
8029 20053
8030 20054
8031 20055
8032 20192
8033 20193
8034 20194
8035 20195
8036 20196
8037 20197
8038 20198
8039 20199
8040 20336
8041 20337
8042 20338
8043 20339
8044 20340
8045 20341
8046 20342
8047 20343
8048 20480
8049 20481
8050 20482
8051 20483
8052 20484
8053 20485
8054 20486
8055 20487
8056 20624
8057 20625
8058 20626
8059 20627
8060 20628
8061 20629
8062 20630
8063 20631
8064 20768
8065 20769
8066 20770
8067 20771
8068 20772
8069 20773
8070 20774
8071 20775
8072 20912
8073 20913
8074 20914
8075 20915
8076 20916
8077 20917
8078 20918
8079 20919
8080 21056
8081 21057
8082 21058
8083 21059
8084 21060
8085 21061
8086 21062
8087 21063
8088 21200
8089 21201
8090 21202
8091 21203
8092 21204
8093 21205
8094 21206
8095 21207
8096 21344
8097 21345
8098 21346
8099 21347
8100 21348
8101 21349
8102 21350
8103 21351
8104 21488
8105 21489
8106 21490
8107 21491
8108 21492
8109 21493
8110 21494
8111 21495
8112 21632
8113 21633
8114 21634
8115 21635
8116 21636
8117 21637
8118 21638
8119 21639
8120 21776
8121 21777
8122 21778
8123 21779
8124 21780
8125 21781
8126 21782
8127 21783
8128 21920
8129 21921
8130 21922
8131 21923
8132 21924
8133 21925
8134 21926
8135 21927
8136 22064
8137 22065
8138 22066
8139 22067
8140 22068
8141 22069
8142 22070
8143 22071
8144 22208
8145 22209
8146 22210
8147 22211
8148 22212
8149 22213
8150 22214
8151 22215
8152 22352
8153 22353
8154 22354
8155 22355
8156 22356
8157 22357
8158 22358
8159 22359
8160 22496
8161 22497
8162 22498
8163 22499
8164 22500
8165 22501
8166 22502
8167 22503
8168 22640
8169 22641
8170 22642
8171 22643
8172 22644
8173 22645
8174 22646
8175 22647
8176 22784
8177 22785
8178 22786
8179 22787
8180 22788
8181 22789
8182 22790
8183 22791
8184 22928
8185 22929
8186 22930
8187 22931
8188 22932
8189 22933
8190 22934
8191 22935
8192 23072
8193 23073
8194 23074
8195 23075
8196 23076
8197 23077
8198 23078
8199 23079
8200 23216
8201 23217
8202 23218
8203 23219
8204 23220
8205 23221
8206 23222
8207 23223
8208 23360
8209 23361
8210 23362
8211 23363
8212 23364
8213 23365
8214 23366
8215 23367
8216 23504
8217 23505
8218 23506
8219 23507
8220 23508
8221 23509
8222 23510
8223 23511
8224 23648
8225 23649
8226 23650
8227 23651
8228 23652
8229 23653
8230 23654
8231 23655
8232 23792
8233 23793
8234 23794
8235 23795
8236 23796
8237 23797
8238 23798
8239 23799
8240 23936
8241 23937
8242 23938
8243 23939
8244 23940
8245 23941
8246 23942
8247 23943
8248 24080
8249 24081
8250 24082
8251 24083
8252 24084
8253 24085
8254 24086
8255 24087
8256 24224
8257 24225
8258 24226
8259 24227
8260 24228
8261 24229
8262 24230
8263 24231
8264 24368
8265 24369
8266 24370
8267 24371
8268 24372
8269 24373
8270 24374
8271 24375
8272 24512
8273 24513
8274 24514
8275 24515
8276 24516
8277 24517
8278 24518
8279 24519
8280 24656
8281 24657
8282 24658
8283 24659
8284 24660
8285 24661
8286 24662
8287 24663
8288 24800
8289 24801
8290 24802
8291 24803
8292 24804
8293 24805
8294 24806
8295 24807
8296 24944
8297 24945
8298 24946
8299 24947
8300 24948
8301 24949
8302 24950
8303 24951
8304 25088
8305 25089
8306 25090
8307 25091
8308 25092
8309 25093
8310 25094
8311 25095
8312 25232
8313 25233
8314 25234
8315 25235
8316 25236
8317 25237
8318 25238
8319 25239
8320 25376
8321 25377
8322 25378
8323 25379
8324 25380
8325 25381
8326 25382
8327 25383
8328 25520
8329 25521
8330 25522
8331 25523
8332 25524
8333 25525
8334 25526
8335 25527
8336 25664
8337 25665
8338 25666
8339 25667
8340 25668
8341 25669
8342 25670
8343 25671
8344 25808
8345 25809
8346 25810
8347 25811
8348 25812
8349 25813
8350 25814
8351 25815
8352 25952
8353 25953
8354 25954
8355 25955
8356 25956
8357 25957
8358 25958
8359 25959
8360 26096
8361 26097
8362 26098
8363 26099
8364 26100
8365 26101
8366 26102
8367 26103
8368 26240
8369 26241
8370 26242
8371 26243
8372 26244
8373 26245
8374 26246
8375 26247
8376 26384
8377 26385
8378 26386
8379 26387
8380 26388
8381 26389
8382 26390
8383 26391
8384 26528
8385 26529
8386 26530
8387 26531
8388 26532
8389 26533
8390 26534
8391 26535
8392 26672
8393 26673
8394 26674
8395 26675
8396 26676
8397 26677
8398 26678
8399 26679
8400 26816
8401 26817
8402 26818
8403 26819
8404 26820
8405 26821
8406 26822
8407 26823
8408 26960
8409 26961
8410 26962
8411 26963
8412 26964
8413 26965
8414 26966
8415 26967
8416 27104
8417 27105
8418 27106
8419 27107
8420 27108
8421 27109
8422 27110
8423 27111
8424 27248
8425 27249
8426 27250
8427 27251
8428 27252
8429 27253
8430 27254
8431 27255
8432 27392
8433 27393
8434 27394
8435 27395
8436 27396
8437 27397
8438 27398
8439 27399
8440 27536
8441 27537
8442 27538
8443 27539
8444 27540
8445 27541
8446 27542
8447 27543
8448 27680
8449 27681
8450 27682
8451 27683
8452 27684
8453 27685
8454 27686
8455 27687
8456 27824
8457 27825
8458 27826
8459 27827
8460 27828
8461 27829
8462 27830
8463 27831
8464 27968
8465 27969
8466 27970
8467 27971
8468 27972
8469 27973
8470 27974
8471 27975
8472 28112
8473 28113
8474 28114
8475 28115
8476 28116
8477 28117
8478 28118
8479 28119
8480 28256
8481 28257
8482 28258
8483 28259
8484 28260
8485 28261
8486 28262
8487 28263
8488 28400
8489 28401
8490 28402
8491 28403
8492 28404
8493 28405
8494 28406
8495 28407
8496 28544
8497 28545
8498 28546
8499 28547
8500 28548
8501 28549
8502 28550
8503 28551
8504 28688
8505 28689
8506 28690
8507 28691
8508 28692
8509 28693
8510 28694
8511 28695
8512 28832
8513 28833
8514 28834
8515 28835
8516 28836
8517 28837
8518 28838
8519 28839
8520 28976
8521 28977
8522 28978
8523 28979
8524 28980
8525 28981
8526 28982
8527 28983
8528 29120
8529 29121
8530 29122
8531 29123
8532 29124
8533 29125
8534 29126
8535 29127
8536 29264
8537 29265
8538 29266
8539 29267
8540 29268
8541 29269
8542 29270
8543 29271
8544 29408
8545 29409
8546 29410
8547 29411
8548 29412
8549 29413
8550 29414
8551 29415
8552 29552
8553 29553
8554 29554
8555 29555
8556 29556
8557 29557
8558 29558
8559 29559
8560 29696
8561 29697
8562 29698
8563 29699
8564 29700
8565 29701
8566 29702
8567 29703
8568 29840
8569 29841
8570 29842
8571 29843
8572 29844
8573 29845
8574 29846
8575 29847
8576 29984
8577 29985
8578 29986
8579 29987
8580 29988
8581 29989
8582 29990
8583 29991
8584 30128
8585 30129
8586 30130
8587 30131
8588 30132
8589 30133
8590 30134
8591 30135
8592 30272
8593 30273
8594 30274
8595 30275
8596 30276
8597 30277
8598 30278
8599 30279
8600 30416
8601 30417
8602 30418
8603 30419
8604 30420
8605 30421
8606 30422
8607 30423
8608 30560
8609 30561
8610 30562
8611 30563
8612 30564
8613 30565
8614 30566
8615 30567
8616 30704
8617 30705
8618 30706
8619 30707
8620 30708
8621 30709
8622 30710
8623 30711
8624 30848
8625 30849
8626 30850
8627 30851
8628 30852
8629 30853
8630 30854
8631 30855
8632 30992
8633 30993
8634 30994
8635 30995
8636 30996
8637 30997
8638 30998
8639 30999
8640 40
8641 41
8642 42
8643 43
8644 44
8645 45
8646 46
8647 47
8648 184
8649 185
8650 186
8651 187
8652 188
8653 189
8654 190
8655 191
8656 328
8657 329
8658 330
8659 331
8660 332
8661 333
8662 334
8663 335
8664 472
8665 473
8666 474
8667 475
8668 476
8669 477
8670 478
8671 479
8672 616
8673 617
8674 618
8675 619
8676 620
8677 621
8678 622
8679 623
8680 760
8681 761
8682 762
8683 763
8684 764
8685 765
8686 766
8687 767
8688 904
8689 905
8690 906
8691 907
8692 908
8693 909
8694 910
8695 911
8696 1048
8697 1049
8698 1050
8699 1051
8700 1052
8701 1053
8702 1054
8703 1055
8704 1192
8705 1193
8706 1194
8707 1195
8708 1196
8709 1197
8710 1198
8711 1199
8712 1336
8713 1337
8714 1338
8715 1339
8716 1340
8717 1341
8718 1342
8719 1343
8720 1480
8721 1481
8722 1482
8723 1483
8724 1484
8725 1485
8726 1486
8727 1487
8728 1624
8729 1625
8730 1626
8731 1627
8732 1628
8733 1629
8734 1630
8735 1631
8736 1768
8737 1769
8738 1770
8739 1771
8740 1772
8741 1773
8742 1774
8743 1775
8744 1912
8745 1913
8746 1914
8747 1915
8748 1916
8749 1917
8750 1918
8751 1919
8752 2056
8753 2057
8754 2058
8755 2059
8756 2060
8757 2061
8758 2062
8759 2063
8760 2200
8761 2201
8762 2202
8763 2203
8764 2204
8765 2205
8766 2206
8767 2207
8768 2344
8769 2345
8770 2346
8771 2347
8772 2348
8773 2349
8774 2350
8775 2351
8776 2488
8777 2489
8778 2490
8779 2491
8780 2492
8781 2493
8782 2494
8783 2495
8784 2632
8785 2633
8786 2634
8787 2635
8788 2636
8789 2637
8790 2638
8791 2639
8792 2776
8793 2777
8794 2778
8795 2779
8796 2780
8797 2781
8798 2782
8799 2783
8800 2920
8801 2921
8802 2922
8803 2923
8804 2924
8805 2925
8806 2926
8807 2927
8808 3064
8809 3065
8810 3066
8811 3067
8812 3068
8813 3069
8814 3070
8815 3071
8816 3208
8817 3209
8818 3210
8819 3211
8820 3212
8821 3213
8822 3214
8823 3215
8824 3352
8825 3353
8826 3354
8827 3355
8828 3356
8829 3357
8830 3358
8831 3359
8832 3496
8833 3497
8834 3498
8835 3499
8836 3500
8837 3501
8838 3502
8839 3503
8840 3640
8841 3641
8842 3642
8843 3643
8844 3644
8845 3645
8846 3646
8847 3647
8848 3784
8849 3785
8850 3786
8851 3787
8852 3788
8853 3789
8854 3790
8855 3791
8856 3928
8857 3929
8858 3930
8859 3931
8860 3932
8861 3933
8862 3934
8863 3935
8864 4072
8865 4073
8866 4074
8867 4075
8868 4076
8869 4077
8870 4078
8871 4079
8872 4216
8873 4217
8874 4218
8875 4219
8876 4220
8877 4221
8878 4222
8879 4223
8880 4360
8881 4361
8882 4362
8883 4363
8884 4364
8885 4365
8886 4366
8887 4367
8888 4504
8889 4505
8890 4506
8891 4507
8892 4508
8893 4509
8894 4510
8895 4511
8896 4648
8897 4649
8898 4650
8899 4651
8900 4652
8901 4653
8902 4654
8903 4655
8904 4792
8905 4793
8906 4794
8907 4795
8908 4796
8909 4797
8910 4798
8911 4799
8912 4936
8913 4937
8914 4938
8915 4939
8916 4940
8917 4941
8918 4942
8919 4943
8920 5080
8921 5081
8922 5082
8923 5083
8924 5084
8925 5085
8926 5086
8927 5087
8928 5224
8929 5225
8930 5226
8931 5227
8932 5228
8933 5229
8934 5230
8935 5231
8936 5368
8937 5369
8938 5370
8939 5371
8940 5372
8941 5373
8942 5374
8943 5375
8944 5512
8945 5513
8946 5514
8947 5515
8948 5516
8949 5517
8950 5518
8951 5519
8952 5656
8953 5657
8954 5658
8955 5659
8956 5660
8957 5661
8958 5662
8959 5663
8960 5800
8961 5801
8962 5802
8963 5803
8964 5804
8965 5805
8966 5806
8967 5807
8968 5944
8969 5945
8970 5946
8971 5947
8972 5948
8973 5949
8974 5950
8975 5951
8976 6088
8977 6089
8978 6090
8979 6091
8980 6092
8981 6093
8982 6094
8983 6095
8984 6232
8985 6233
8986 6234
8987 6235
8988 6236
8989 6237
8990 6238
8991 6239
8992 6376
8993 6377
8994 6378
8995 6379
8996 6380
8997 6381
8998 6382
8999 6383
9000 6520
9001 6521
9002 6522
9003 6523
9004 6524
9005 6525
9006 6526
9007 6527
9008 6664
9009 6665
9010 6666
9011 6667
9012 6668
9013 6669
9014 6670
9015 6671
9016 6808
9017 6809
9018 6810
9019 6811
9020 6812
9021 6813
9022 6814
9023 6815
9024 6952
9025 6953
9026 6954
9027 6955
9028 6956
9029 6957
9030 6958
9031 6959
9032 7096
9033 7097
9034 7098
9035 7099
9036 7100
9037 7101
9038 7102
9039 7103
9040 7240
9041 7241
9042 7242
9043 7243
9044 7244
9045 7245
9046 7246
9047 7247
9048 7384
9049 7385
9050 7386
9051 7387
9052 7388
9053 7389
9054 7390
9055 7391
9056 7528
9057 7529
9058 7530
9059 7531
9060 7532
9061 7533
9062 7534
9063 7535
9064 7672
9065 7673
9066 7674
9067 7675
9068 7676
9069 7677
9070 7678
9071 7679
9072 7816
9073 7817
9074 7818
9075 7819
9076 7820
9077 7821
9078 7822
9079 7823
9080 7960
9081 7961
9082 7962
9083 7963
9084 7964
9085 7965
9086 7966
9087 7967
9088 8104
9089 8105
9090 8106
9091 8107
9092 8108
9093 8109
9094 8110
9095 8111
9096 8248
9097 8249
9098 8250
9099 8251
9100 8252
9101 8253
9102 8254
9103 8255
9104 8392
9105 8393
9106 8394
9107 8395
9108 8396
9109 8397
9110 8398
9111 8399
9112 8536
9113 8537
9114 8538
9115 8539
9116 8540
9117 8541
9118 8542
9119 8543
9120 8680
9121 8681
9122 8682
9123 8683
9124 8684
9125 8685
9126 8686
9127 8687
9128 8824
9129 8825
9130 8826
9131 8827
9132 8828
9133 8829
9134 8830
9135 8831
9136 8968
9137 8969
9138 8970
9139 8971
9140 8972
9141 8973
9142 8974
9143 8975
9144 9112
9145 9113
9146 9114
9147 9115
9148 9116
9149 9117
9150 9118
9151 9119
9152 9256
9153 9257
9154 9258
9155 9259
9156 9260
9157 9261
9158 9262
9159 9263
9160 9400
9161 9401
9162 9402
9163 9403
9164 9404
9165 9405
9166 9406
9167 9407
9168 9544
9169 9545
9170 9546
9171 9547
9172 9548
9173 9549
9174 9550
9175 9551
9176 9688
9177 9689
9178 9690
9179 9691
9180 9692
9181 9693
9182 9694
9183 9695
9184 9832
9185 9833
9186 9834
9187 9835
9188 9836
9189 9837
9190 9838
9191 9839
9192 9976
9193 9977
9194 9978
9195 9979
9196 9980
9197 9981
9198 9982
9199 9983
9200 10120
9201 10121
9202 10122
9203 10123
9204 10124
9205 10125
9206 10126
9207 10127
9208 10264
9209 10265
9210 10266
9211 10267
9212 10268
9213 10269
9214 10270
9215 10271
9216 10408
9217 10409
9218 10410
9219 10411
9220 10412
9221 10413
9222 10414
9223 10415
9224 10552
9225 10553
9226 10554
9227 10555
9228 10556
9229 10557
9230 10558
9231 10559
9232 10696
9233 10697
9234 10698
9235 10699
9236 10700
9237 10701
9238 10702
9239 10703
9240 10840
9241 10841
9242 10842
9243 10843
9244 10844
9245 10845
9246 10846
9247 10847
9248 10984
9249 10985
9250 10986
9251 10987
9252 10988
9253 10989
9254 10990
9255 10991
9256 11128
9257 11129
9258 11130
9259 11131
9260 11132
9261 11133
9262 11134
9263 11135
9264 11272
9265 11273
9266 11274
9267 11275
9268 11276
9269 11277
9270 11278
9271 11279
9272 11416
9273 11417
9274 11418
9275 11419
9276 11420
9277 11421
9278 11422
9279 11423
9280 11560
9281 11561
9282 11562
9283 11563
9284 11564
9285 11565
9286 11566
9287 11567
9288 11704
9289 11705
9290 11706
9291 11707
9292 11708
9293 11709
9294 11710
9295 11711
9296 11848
9297 11849
9298 11850
9299 11851
9300 11852
9301 11853
9302 11854
9303 11855
9304 11992
9305 11993
9306 11994
9307 11995
9308 11996
9309 11997
9310 11998
9311 11999
9312 12136
9313 12137
9314 12138
9315 12139
9316 12140
9317 12141
9318 12142
9319 12143
9320 12280
9321 12281
9322 12282
9323 12283
9324 12284
9325 12285
9326 12286
9327 12287
9328 12424
9329 12425
9330 12426
9331 12427
9332 12428
9333 12429
9334 12430
9335 12431
9336 12568
9337 12569
9338 12570
9339 12571
9340 12572
9341 12573
9342 12574
9343 12575
9344 12712
9345 12713
9346 12714
9347 12715
9348 12716
9349 12717
9350 12718
9351 12719
9352 12856
9353 12857
9354 12858
9355 12859
9356 12860
9357 12861
9358 12862
9359 12863
9360 13000
9361 13001
9362 13002
9363 13003
9364 13004
9365 13005
9366 13006
9367 13007
9368 13144
9369 13145
9370 13146
9371 13147
9372 13148
9373 13149
9374 13150
9375 13151
9376 13288
9377 13289
9378 13290
9379 13291
9380 13292
9381 13293
9382 13294
9383 13295
9384 13432
9385 13433
9386 13434
9387 13435
9388 13436
9389 13437
9390 13438
9391 13439
9392 13576
9393 13577
9394 13578
9395 13579
9396 13580
9397 13581
9398 13582
9399 13583
9400 13720
9401 13721
9402 13722
9403 13723
9404 13724
9405 13725
9406 13726
9407 13727
9408 13864
9409 13865
9410 13866
9411 13867
9412 13868
9413 13869
9414 13870
9415 13871
9416 14008
9417 14009
9418 14010
9419 14011
9420 14012
9421 14013
9422 14014
9423 14015
9424 14152
9425 14153
9426 14154
9427 14155
9428 14156
9429 14157
9430 14158
9431 14159
9432 14296
9433 14297
9434 14298
9435 14299
9436 14300
9437 14301
9438 14302
9439 14303
9440 14440
9441 14441
9442 14442
9443 14443
9444 14444
9445 14445
9446 14446
9447 14447
9448 14584
9449 14585
9450 14586
9451 14587
9452 14588
9453 14589
9454 14590
9455 14591
9456 14728
9457 14729
9458 14730
9459 14731
9460 14732
9461 14733
9462 14734
9463 14735
9464 14872
9465 14873
9466 14874
9467 14875
9468 14876
9469 14877
9470 14878
9471 14879
9472 15016
9473 15017
9474 15018
9475 15019
9476 15020
9477 15021
9478 15022
9479 15023
9480 15160
9481 15161
9482 15162
9483 15163
9484 15164
9485 15165
9486 15166
9487 15167
9488 15304
9489 15305
9490 15306
9491 15307
9492 15308
9493 15309
9494 15310
9495 15311
9496 15448
9497 15449
9498 15450
9499 15451
9500 15452
9501 15453
9502 15454
9503 15455
9504 15592
9505 15593
9506 15594
9507 15595
9508 15596
9509 15597
9510 15598
9511 15599
9512 15736
9513 15737
9514 15738
9515 15739
9516 15740
9517 15741
9518 15742
9519 15743
9520 15880
9521 15881
9522 15882
9523 15883
9524 15884
9525 15885
9526 15886
9527 15887
9528 16024
9529 16025
9530 16026
9531 16027
9532 16028
9533 16029
9534 16030
9535 16031
9536 16168
9537 16169
9538 16170
9539 16171
9540 16172
9541 16173
9542 16174
9543 16175
9544 16312
9545 16313
9546 16314
9547 16315
9548 16316
9549 16317
9550 16318
9551 16319
9552 16456
9553 16457
9554 16458
9555 16459
9556 16460
9557 16461
9558 16462
9559 16463
9560 16600
9561 16601
9562 16602
9563 16603
9564 16604
9565 16605
9566 16606
9567 16607
9568 16744
9569 16745
9570 16746
9571 16747
9572 16748
9573 16749
9574 16750
9575 16751
9576 16888
9577 16889
9578 16890
9579 16891
9580 16892
9581 16893
9582 16894
9583 16895
9584 17032
9585 17033
9586 17034
9587 17035
9588 17036
9589 17037
9590 17038
9591 17039
9592 17176
9593 17177
9594 17178
9595 17179
9596 17180
9597 17181
9598 17182
9599 17183
9600 17320
9601 17321
9602 17322
9603 17323
9604 17324
9605 17325
9606 17326
9607 17327
9608 17464
9609 17465
9610 17466
9611 17467
9612 17468
9613 17469
9614 17470
9615 17471
9616 17608
9617 17609
9618 17610
9619 17611
9620 17612
9621 17613
9622 17614
9623 17615
9624 17752
9625 17753
9626 17754
9627 17755
9628 17756
9629 17757
9630 17758
9631 17759
9632 17896
9633 17897
9634 17898
9635 17899
9636 17900
9637 17901
9638 17902
9639 17903
9640 18040
9641 18041
9642 18042
9643 18043
9644 18044
9645 18045
9646 18046
9647 18047
9648 18184
9649 18185
9650 18186
9651 18187
9652 18188
9653 18189
9654 18190
9655 18191
9656 18328
9657 18329
9658 18330
9659 18331
9660 18332
9661 18333
9662 18334
9663 18335
9664 18472
9665 18473
9666 18474
9667 18475
9668 18476
9669 18477
9670 18478
9671 18479
9672 18616
9673 18617
9674 18618
9675 18619
9676 18620
9677 18621
9678 18622
9679 18623
9680 18760
9681 18761
9682 18762
9683 18763
9684 18764
9685 18765
9686 18766
9687 18767
9688 18904
9689 18905
9690 18906
9691 18907
9692 18908
9693 18909
9694 18910
9695 18911
9696 19048
9697 19049
9698 19050
9699 19051
9700 19052
9701 19053
9702 19054
9703 19055
9704 19192
9705 19193
9706 19194
9707 19195
9708 19196
9709 19197
9710 19198
9711 19199
9712 19336
9713 19337
9714 19338
9715 19339
9716 19340
9717 19341
9718 19342
9719 19343
9720 19480
9721 19481
9722 19482
9723 19483
9724 19484
9725 19485
9726 19486
9727 19487
9728 19624
9729 19625
9730 19626
9731 19627
9732 19628
9733 19629
9734 19630
9735 19631
9736 19768
9737 19769
9738 19770
9739 19771
9740 19772
9741 19773
9742 19774
9743 19775
9744 19912
9745 19913
9746 19914
9747 19915
9748 19916
9749 19917
9750 19918
9751 19919
9752 20056
9753 20057
9754 20058
9755 20059
9756 20060
9757 20061
9758 20062
9759 20063
9760 20200
9761 20201
9762 20202
9763 20203
9764 20204
9765 20205
9766 20206
9767 20207
9768 20344
9769 20345
9770 20346
9771 20347
9772 20348
9773 20349
9774 20350
9775 20351
9776 20488
9777 20489
9778 20490
9779 20491
9780 20492
9781 20493
9782 20494
9783 20495
9784 20632
9785 20633
9786 20634
9787 20635
9788 20636
9789 20637
9790 20638
9791 20639
9792 20776
9793 20777
9794 20778
9795 20779
9796 20780
9797 20781
9798 20782
9799 20783
9800 20920
9801 20921
9802 20922
9803 20923
9804 20924
9805 20925
9806 20926
9807 20927
9808 21064
9809 21065
9810 21066
9811 21067
9812 21068
9813 21069
9814 21070
9815 21071
9816 21208
9817 21209
9818 21210
9819 21211
9820 21212
9821 21213
9822 21214
9823 21215
9824 21352
9825 21353
9826 21354
9827 21355
9828 21356
9829 21357
9830 21358
9831 21359
9832 21496
9833 21497
9834 21498
9835 21499
9836 21500
9837 21501
9838 21502
9839 21503
9840 21640
9841 21641
9842 21642
9843 21643
9844 21644
9845 21645
9846 21646
9847 21647
9848 21784
9849 21785
9850 21786
9851 21787
9852 21788
9853 21789
9854 21790
9855 21791
9856 21928
9857 21929
9858 21930
9859 21931
9860 21932
9861 21933
9862 21934
9863 21935
9864 22072
9865 22073
9866 22074
9867 22075
9868 22076
9869 22077
9870 22078
9871 22079
9872 22216
9873 22217
9874 22218
9875 22219
9876 22220
9877 22221
9878 22222
9879 22223
9880 22360
9881 22361
9882 22362
9883 22363
9884 22364
9885 22365
9886 22366
9887 22367
9888 22504
9889 22505
9890 22506
9891 22507
9892 22508
9893 22509
9894 22510
9895 22511
9896 22648
9897 22649
9898 22650
9899 22651
9900 22652
9901 22653
9902 22654
9903 22655
9904 22792
9905 22793
9906 22794
9907 22795
9908 22796
9909 22797
9910 22798
9911 22799
9912 22936
9913 22937
9914 22938
9915 22939
9916 22940
9917 22941
9918 22942
9919 22943
9920 23080
9921 23081
9922 23082
9923 23083
9924 23084
9925 23085
9926 23086
9927 23087
9928 23224
9929 23225
9930 23226
9931 23227
9932 23228
9933 23229
9934 23230
9935 23231
9936 23368
9937 23369
9938 23370
9939 23371
9940 23372
9941 23373
9942 23374
9943 23375
9944 23512
9945 23513
9946 23514
9947 23515
9948 23516
9949 23517
9950 23518
9951 23519
9952 23656
9953 23657
9954 23658
9955 23659
9956 23660
9957 23661
9958 23662
9959 23663
9960 23800
9961 23801
9962 23802
9963 23803
9964 23804
9965 23805
9966 23806
9967 23807
9968 23944
9969 23945
9970 23946
9971 23947
9972 23948
9973 23949
9974 23950
9975 23951
9976 24088
9977 24089
9978 24090
9979 24091
9980 24092
9981 24093
9982 24094
9983 24095
9984 24232
9985 24233
9986 24234
9987 24235
9988 24236
9989 24237
9990 24238
9991 24239
9992 24376
9993 24377
9994 24378
9995 24379
9996 24380
9997 24381
9998 24382
9999 24383
10000 24520
10001 24521
10002 24522
10003 24523
10004 24524
10005 24525
10006 24526
10007 24527
10008 24664
10009 24665
10010 24666
10011 24667
10012 24668
10013 24669
10014 24670
10015 24671
10016 24808
10017 24809
10018 24810
10019 24811
10020 24812
10021 24813
10022 24814
10023 24815
10024 24952
10025 24953
10026 24954
10027 24955
10028 24956
10029 24957
10030 24958
10031 24959
10032 25096
10033 25097
10034 25098
10035 25099
10036 25100
10037 25101
10038 25102
10039 25103
10040 25240
10041 25241
10042 25242
10043 25243
10044 25244
10045 25245
10046 25246
10047 25247
10048 25384
10049 25385
10050 25386
10051 25387
10052 25388
10053 25389
10054 25390
10055 25391
10056 25528
10057 25529
10058 25530
10059 25531
10060 25532
10061 25533
10062 25534
10063 25535
10064 25672
10065 25673
10066 25674
10067 25675
10068 25676
10069 25677
10070 25678
10071 25679
10072 25816
10073 25817
10074 25818
10075 25819
10076 25820
10077 25821
10078 25822
10079 25823
10080 25960
10081 25961
10082 25962
10083 25963
10084 25964
10085 25965
10086 25966
10087 25967
10088 26104
10089 26105
10090 26106
10091 26107
10092 26108
10093 26109
10094 26110
10095 26111
10096 26248
10097 26249
10098 26250
10099 26251
10100 26252
10101 26253
10102 26254
10103 26255
10104 26392
10105 26393
10106 26394
10107 26395
10108 26396
10109 26397
10110 26398
10111 26399
10112 26536
10113 26537
10114 26538
10115 26539
10116 26540
10117 26541
10118 26542
10119 26543
10120 26680
10121 26681
10122 26682
10123 26683
10124 26684
10125 26685
10126 26686
10127 26687
10128 26824
10129 26825
10130 26826
10131 26827
10132 26828
10133 26829
10134 26830
10135 26831
10136 26968
10137 26969
10138 26970
10139 26971
10140 26972
10141 26973
10142 26974
10143 26975
10144 27112
10145 27113
10146 27114
10147 27115
10148 27116
10149 27117
10150 27118
10151 27119
10152 27256
10153 27257
10154 27258
10155 27259
10156 27260
10157 27261
10158 27262
10159 27263
10160 27400
10161 27401
10162 27402
10163 27403
10164 27404
10165 27405
10166 27406
10167 27407
10168 27544
10169 27545
10170 27546
10171 27547
10172 27548
10173 27549
10174 27550
10175 27551
10176 27688
10177 27689
10178 27690
10179 27691
10180 27692
10181 27693
10182 27694
10183 27695
10184 27832
10185 27833
10186 27834
10187 27835
10188 27836
10189 27837
10190 27838
10191 27839
10192 27976
10193 27977
10194 27978
10195 27979
10196 27980
10197 27981
10198 27982
10199 27983
10200 28120
10201 28121
10202 28122
10203 28123
10204 28124
10205 28125
10206 28126
10207 28127
10208 28264
10209 28265
10210 28266
10211 28267
10212 28268
10213 28269
10214 28270
10215 28271
10216 28408
10217 28409
10218 28410
10219 28411
10220 28412
10221 28413
10222 28414
10223 28415
10224 28552
10225 28553
10226 28554
10227 28555
10228 28556
10229 28557
10230 28558
10231 28559
10232 28696
10233 28697
10234 28698
10235 28699
10236 28700
10237 28701
10238 28702
10239 28703
10240 28840
10241 28841
10242 28842
10243 28843
10244 28844
10245 28845
10246 28846
10247 28847
10248 28984
10249 28985
10250 28986
10251 28987
10252 28988
10253 28989
10254 28990
10255 28991
10256 29128
10257 29129
10258 29130
10259 29131
10260 29132
10261 29133
10262 29134
10263 29135
10264 29272
10265 29273
10266 29274
10267 29275
10268 29276
10269 29277
10270 29278
10271 29279
10272 29416
10273 29417
10274 29418
10275 29419
10276 29420
10277 29421
10278 29422
10279 29423
10280 29560
10281 29561
10282 29562
10283 29563
10284 29564
10285 29565
10286 29566
10287 29567
10288 29704
10289 29705
10290 29706
10291 29707
10292 29708
10293 29709
10294 29710
10295 29711
10296 29848
10297 29849
10298 29850
10299 29851
10300 29852
10301 29853
10302 29854
10303 29855
10304 29992
10305 29993
10306 29994
10307 29995
10308 29996
10309 29997
10310 29998
10311 29999
10312 30136
10313 30137
10314 30138
10315 30139
10316 30140
10317 30141
10318 30142
10319 30143
10320 30280
10321 30281
10322 30282
10323 30283
10324 30284
10325 30285
10326 30286
10327 30287
10328 30424
10329 30425
10330 30426
10331 30427
10332 30428
10333 30429
10334 30430
10335 30431
10336 30568
10337 30569
10338 30570
10339 30571
10340 30572
10341 30573
10342 30574
10343 30575
10344 30712
10345 30713
10346 30714
10347 30715
10348 30716
10349 30717
10350 30718
10351 30719
10352 30856
10353 30857
10354 30858
10355 30859
10356 30860
10357 30861
10358 30862
10359 30863
10360 31000
10361 31001
10362 31002
10363 31003
10364 31004
10365 31005
10366 31006
10367 31007
10368 48
10369 49
10370 50
10371 51
10372 52
10373 53
10374 54
10375 55
10376 192
10377 193
10378 194
10379 195
10380 196
10381 197
10382 198
10383 199
10384 336
10385 337
10386 338
10387 339
10388 340
10389 341
10390 342
10391 343
10392 480
10393 481
10394 482
10395 483
10396 484
10397 485
10398 486
10399 487
10400 624
10401 625
10402 626
10403 627
10404 628
10405 629
10406 630
10407 631
10408 768
10409 769
10410 770
10411 771
10412 772
10413 773
10414 774
10415 775
10416 912
10417 913
10418 914
10419 915
10420 916
10421 917
10422 918
10423 919
10424 1056
10425 1057
10426 1058
10427 1059
10428 1060
10429 1061
10430 1062
10431 1063
10432 1200
10433 1201
10434 1202
10435 1203
10436 1204
10437 1205
10438 1206
10439 1207
10440 1344
10441 1345
10442 1346
10443 1347
10444 1348
10445 1349
10446 1350
10447 1351
10448 1488
10449 1489
10450 1490
10451 1491
10452 1492
10453 1493
10454 1494
10455 1495
10456 1632
10457 1633
10458 1634
10459 1635
10460 1636
10461 1637
10462 1638
10463 1639
10464 1776
10465 1777
10466 1778
10467 1779
10468 1780
10469 1781
10470 1782
10471 1783
10472 1920
10473 1921
10474 1922
10475 1923
10476 1924
10477 1925
10478 1926
10479 1927
10480 2064
10481 2065
10482 2066
10483 2067
10484 2068
10485 2069
10486 2070
10487 2071
10488 2208
10489 2209
10490 2210
10491 2211
10492 2212
10493 2213
10494 2214
10495 2215
10496 2352
10497 2353
10498 2354
10499 2355
10500 2356
10501 2357
10502 2358
10503 2359
10504 2496
10505 2497
10506 2498
10507 2499
10508 2500
10509 2501
10510 2502
10511 2503
10512 2640
10513 2641
10514 2642
10515 2643
10516 2644
10517 2645
10518 2646
10519 2647
10520 2784
10521 2785
10522 2786
10523 2787
10524 2788
10525 2789
10526 2790
10527 2791
10528 2928
10529 2929
10530 2930
10531 2931
10532 2932
10533 2933
10534 2934
10535 2935
10536 3072
10537 3073
10538 3074
10539 3075
10540 3076
10541 3077
10542 3078
10543 3079
10544 3216
10545 3217
10546 3218
10547 3219
10548 3220
10549 3221
10550 3222
10551 3223
10552 3360
10553 3361
10554 3362
10555 3363
10556 3364
10557 3365
10558 3366
10559 3367
10560 3504
10561 3505
10562 3506
10563 3507
10564 3508
10565 3509
10566 3510
10567 3511
10568 3648
10569 3649
10570 3650
10571 3651
10572 3652
10573 3653
10574 3654
10575 3655
10576 3792
10577 3793
10578 3794
10579 3795
10580 3796
10581 3797
10582 3798
10583 3799
10584 3936
10585 3937
10586 3938
10587 3939
10588 3940
10589 3941
10590 3942
10591 3943
10592 4080
10593 4081
10594 4082
10595 4083
10596 4084
10597 4085
10598 4086
10599 4087
10600 4224
10601 4225
10602 4226
10603 4227
10604 4228
10605 4229
10606 4230
10607 4231
10608 4368
10609 4369
10610 4370
10611 4371
10612 4372
10613 4373
10614 4374
10615 4375
10616 4512
10617 4513
10618 4514
10619 4515
10620 4516
10621 4517
10622 4518
10623 4519
10624 4656
10625 4657
10626 4658
10627 4659
10628 4660
10629 4661
10630 4662
10631 4663
10632 4800
10633 4801
10634 4802
10635 4803
10636 4804
10637 4805
10638 4806
10639 4807
10640 4944
10641 4945
10642 4946
10643 4947
10644 4948
10645 4949
10646 4950
10647 4951
10648 5088
10649 5089
10650 5090
10651 5091
10652 5092
10653 5093
10654 5094
10655 5095
10656 5232
10657 5233
10658 5234
10659 5235
10660 5236
10661 5237
10662 5238
10663 5239
10664 5376
10665 5377
10666 5378
10667 5379
10668 5380
10669 5381
10670 5382
10671 5383
10672 5520
10673 5521
10674 5522
10675 5523
10676 5524
10677 5525
10678 5526
10679 5527
10680 5664
10681 5665
10682 5666
10683 5667
10684 5668
10685 5669
10686 5670
10687 5671
10688 5808
10689 5809
10690 5810
10691 5811
10692 5812
10693 5813
10694 5814
10695 5815
10696 5952
10697 5953
10698 5954
10699 5955
10700 5956
10701 5957
10702 5958
10703 5959
10704 6096
10705 6097
10706 6098
10707 6099
10708 6100
10709 6101
10710 6102
10711 6103
10712 6240
10713 6241
10714 6242
10715 6243
10716 6244
10717 6245
10718 6246
10719 6247
10720 6384
10721 6385
10722 6386
10723 6387
10724 6388
10725 6389
10726 6390
10727 6391
10728 6528
10729 6529
10730 6530
10731 6531
10732 6532
10733 6533
10734 6534
10735 6535
10736 6672
10737 6673
10738 6674
10739 6675
10740 6676
10741 6677
10742 6678
10743 6679
10744 6816
10745 6817
10746 6818
10747 6819
10748 6820
10749 6821
10750 6822
10751 6823
10752 6960
10753 6961
10754 6962
10755 6963
10756 6964
10757 6965
10758 6966
10759 6967
10760 7104
10761 7105
10762 7106
10763 7107
10764 7108
10765 7109
10766 7110
10767 7111
10768 7248
10769 7249
10770 7250
10771 7251
10772 7252
10773 7253
10774 7254
10775 7255
10776 7392
10777 7393
10778 7394
10779 7395
10780 7396
10781 7397
10782 7398
10783 7399
10784 7536
10785 7537
10786 7538
10787 7539
10788 7540
10789 7541
10790 7542
10791 7543
10792 7680
10793 7681
10794 7682
10795 7683
10796 7684
10797 7685
10798 7686
10799 7687
10800 7824
10801 7825
10802 7826
10803 7827
10804 7828
10805 7829
10806 7830
10807 7831
10808 7968
10809 7969
10810 7970
10811 7971
10812 7972
10813 7973
10814 7974
10815 7975
10816 8112
10817 8113
10818 8114
10819 8115
10820 8116
10821 8117
10822 8118
10823 8119
10824 8256
10825 8257
10826 8258
10827 8259
10828 8260
10829 8261
10830 8262
10831 8263
10832 8400
10833 8401
10834 8402
10835 8403
10836 8404
10837 8405
10838 8406
10839 8407
10840 8544
10841 8545
10842 8546
10843 8547
10844 8548
10845 8549
10846 8550
10847 8551
10848 8688
10849 8689
10850 8690
10851 8691
10852 8692
10853 8693
10854 8694
10855 8695
10856 8832
10857 8833
10858 8834
10859 8835
10860 8836
10861 8837
10862 8838
10863 8839
10864 8976
10865 8977
10866 8978
10867 8979
10868 8980
10869 8981
10870 8982
10871 8983
10872 9120
10873 9121
10874 9122
10875 9123
10876 9124
10877 9125
10878 9126
10879 9127
10880 9264
10881 9265
10882 9266
10883 9267
10884 9268
10885 9269
10886 9270
10887 9271
10888 9408
10889 9409
10890 9410
10891 9411
10892 9412
10893 9413
10894 9414
10895 9415
10896 9552
10897 9553
10898 9554
10899 9555
10900 9556
10901 9557
10902 9558
10903 9559
10904 9696
10905 9697
10906 9698
10907 9699
10908 9700
10909 9701
10910 9702
10911 9703
10912 9840
10913 9841
10914 9842
10915 9843
10916 9844
10917 9845
10918 9846
10919 9847
10920 9984
10921 9985
10922 9986
10923 9987
10924 9988
10925 9989
10926 9990
10927 9991
10928 10128
10929 10129
10930 10130
10931 10131
10932 10132
10933 10133
10934 10134
10935 10135
10936 10272
10937 10273
10938 10274
10939 10275
10940 10276
10941 10277
10942 10278
10943 10279
10944 10416
10945 10417
10946 10418
10947 10419
10948 10420
10949 10421
10950 10422
10951 10423
10952 10560
10953 10561
10954 10562
10955 10563
10956 10564
10957 10565
10958 10566
10959 10567
10960 10704
10961 10705
10962 10706
10963 10707
10964 10708
10965 10709
10966 10710
10967 10711
10968 10848
10969 10849
10970 10850
10971 10851
10972 10852
10973 10853
10974 10854
10975 10855
10976 10992
10977 10993
10978 10994
10979 10995
10980 10996
10981 10997
10982 10998
10983 10999
10984 11136
10985 11137
10986 11138
10987 11139
10988 11140
10989 11141
10990 11142
10991 11143
10992 11280
10993 11281
10994 11282
10995 11283
10996 11284
10997 11285
10998 11286
10999 11287
11000 11424
11001 11425
11002 11426
11003 11427
11004 11428
11005 11429
11006 11430
11007 11431
11008 11568
11009 11569
11010 11570
11011 11571
11012 11572
11013 11573
11014 11574
11015 11575
11016 11712
11017 11713
11018 11714
11019 11715
11020 11716
11021 11717
11022 11718
11023 11719
11024 11856
11025 11857
11026 11858
11027 11859
11028 11860
11029 11861
11030 11862
11031 11863
11032 12000
11033 12001
11034 12002
11035 12003
11036 12004
11037 12005
11038 12006
11039 12007
11040 12144
11041 12145
11042 12146
11043 12147
11044 12148
11045 12149
11046 12150
11047 12151
11048 12288
11049 12289
11050 12290
11051 12291
11052 12292
11053 12293
11054 12294
11055 12295
11056 12432
11057 12433
11058 12434
11059 12435
11060 12436
11061 12437
11062 12438
11063 12439
11064 12576
11065 12577
11066 12578
11067 12579
11068 12580
11069 12581
11070 12582
11071 12583
11072 12720
11073 12721
11074 12722
11075 12723
11076 12724
11077 12725
11078 12726
11079 12727
11080 12864
11081 12865
11082 12866
11083 12867
11084 12868
11085 12869
11086 12870
11087 12871
11088 13008
11089 13009
11090 13010
11091 13011
11092 13012
11093 13013
11094 13014
11095 13015
11096 13152
11097 13153
11098 13154
11099 13155
11100 13156
11101 13157
11102 13158
11103 13159
11104 13296
11105 13297
11106 13298
11107 13299
11108 13300
11109 13301
11110 13302
11111 13303
11112 13440
11113 13441
11114 13442
11115 13443
11116 13444
11117 13445
11118 13446
11119 13447
11120 13584
11121 13585
11122 13586
11123 13587
11124 13588
11125 13589
11126 13590
11127 13591
11128 13728
11129 13729
11130 13730
11131 13731
11132 13732
11133 13733
11134 13734
11135 13735
11136 13872
11137 13873
11138 13874
11139 13875
11140 13876
11141 13877
11142 13878
11143 13879
11144 14016
11145 14017
11146 14018
11147 14019
11148 14020
11149 14021
11150 14022
11151 14023
11152 14160
11153 14161
11154 14162
11155 14163
11156 14164
11157 14165
11158 14166
11159 14167
11160 14304
11161 14305
11162 14306
11163 14307
11164 14308
11165 14309
11166 14310
11167 14311
11168 14448
11169 14449
11170 14450
11171 14451
11172 14452
11173 14453
11174 14454
11175 14455
11176 14592
11177 14593
11178 14594
11179 14595
11180 14596
11181 14597
11182 14598
11183 14599
11184 14736
11185 14737
11186 14738
11187 14739
11188 14740
11189 14741
11190 14742
11191 14743
11192 14880
11193 14881
11194 14882
11195 14883
11196 14884
11197 14885
11198 14886
11199 14887
11200 15024
11201 15025
11202 15026
11203 15027
11204 15028
11205 15029
11206 15030
11207 15031
11208 15168
11209 15169
11210 15170
11211 15171
11212 15172
11213 15173
11214 15174
11215 15175
11216 15312
11217 15313
11218 15314
11219 15315
11220 15316
11221 15317
11222 15318
11223 15319
11224 15456
11225 15457
11226 15458
11227 15459
11228 15460
11229 15461
11230 15462
11231 15463
11232 15600
11233 15601
11234 15602
11235 15603
11236 15604
11237 15605
11238 15606
11239 15607
11240 15744
11241 15745
11242 15746
11243 15747
11244 15748
11245 15749
11246 15750
11247 15751
11248 15888
11249 15889
11250 15890
11251 15891
11252 15892
11253 15893
11254 15894
11255 15895
11256 16032
11257 16033
11258 16034
11259 16035
11260 16036
11261 16037
11262 16038
11263 16039
11264 16176
11265 16177
11266 16178
11267 16179
11268 16180
11269 16181
11270 16182
11271 16183
11272 16320
11273 16321
11274 16322
11275 16323
11276 16324
11277 16325
11278 16326
11279 16327
11280 16464
11281 16465
11282 16466
11283 16467
11284 16468
11285 16469
11286 16470
11287 16471
11288 16608
11289 16609
11290 16610
11291 16611
11292 16612
11293 16613
11294 16614
11295 16615
11296 16752
11297 16753
11298 16754
11299 16755
11300 16756
11301 16757
11302 16758
11303 16759
11304 16896
11305 16897
11306 16898
11307 16899
11308 16900
11309 16901
11310 16902
11311 16903
11312 17040
11313 17041
11314 17042
11315 17043
11316 17044
11317 17045
11318 17046
11319 17047
11320 17184
11321 17185
11322 17186
11323 17187
11324 17188
11325 17189
11326 17190
11327 17191
11328 17328
11329 17329
11330 17330
11331 17331
11332 17332
11333 17333
11334 17334
11335 17335
11336 17472
11337 17473
11338 17474
11339 17475
11340 17476
11341 17477
11342 17478
11343 17479
11344 17616
11345 17617
11346 17618
11347 17619
11348 17620
11349 17621
11350 17622
11351 17623
11352 17760
11353 17761
11354 17762
11355 17763
11356 17764
11357 17765
11358 17766
11359 17767
11360 17904
11361 17905
11362 17906
11363 17907
11364 17908
11365 17909
11366 17910
11367 17911
11368 18048
11369 18049
11370 18050
11371 18051
11372 18052
11373 18053
11374 18054
11375 18055
11376 18192
11377 18193
11378 18194
11379 18195
11380 18196
11381 18197
11382 18198
11383 18199
11384 18336
11385 18337
11386 18338
11387 18339
11388 18340
11389 18341
11390 18342
11391 18343
11392 18480
11393 18481
11394 18482
11395 18483
11396 18484
11397 18485
11398 18486
11399 18487
11400 18624
11401 18625
11402 18626
11403 18627
11404 18628
11405 18629
11406 18630
11407 18631
11408 18768
11409 18769
11410 18770
11411 18771
11412 18772
11413 18773
11414 18774
11415 18775
11416 18912
11417 18913
11418 18914
11419 18915
11420 18916
11421 18917
11422 18918
11423 18919
11424 19056
11425 19057
11426 19058
11427 19059
11428 19060
11429 19061
11430 19062
11431 19063
11432 19200
11433 19201
11434 19202
11435 19203
11436 19204
11437 19205
11438 19206
11439 19207
11440 19344
11441 19345
11442 19346
11443 19347
11444 19348
11445 19349
11446 19350
11447 19351
11448 19488
11449 19489
11450 19490
11451 19491
11452 19492
11453 19493
11454 19494
11455 19495
11456 19632
11457 19633
11458 19634
11459 19635
11460 19636
11461 19637
11462 19638
11463 19639
11464 19776
11465 19777
11466 19778
11467 19779
11468 19780
11469 19781
11470 19782
11471 19783
11472 19920
11473 19921
11474 19922
11475 19923
11476 19924
11477 19925
11478 19926
11479 19927
11480 20064
11481 20065
11482 20066
11483 20067
11484 20068
11485 20069
11486 20070
11487 20071
11488 20208
11489 20209
11490 20210
11491 20211
11492 20212
11493 20213
11494 20214
11495 20215
11496 20352
11497 20353
11498 20354
11499 20355
11500 20356
11501 20357
11502 20358
11503 20359
11504 20496
11505 20497
11506 20498
11507 20499
11508 20500
11509 20501
11510 20502
11511 20503
11512 20640
11513 20641
11514 20642
11515 20643
11516 20644
11517 20645
11518 20646
11519 20647
11520 20784
11521 20785
11522 20786
11523 20787
11524 20788
11525 20789
11526 20790
11527 20791
11528 20928
11529 20929
11530 20930
11531 20931
11532 20932
11533 20933
11534 20934
11535 20935
11536 21072
11537 21073
11538 21074
11539 21075
11540 21076
11541 21077
11542 21078
11543 21079
11544 21216
11545 21217
11546 21218
11547 21219
11548 21220
11549 21221
11550 21222
11551 21223
11552 21360
11553 21361
11554 21362
11555 21363
11556 21364
11557 21365
11558 21366
11559 21367
11560 21504
11561 21505
11562 21506
11563 21507
11564 21508
11565 21509
11566 21510
11567 21511
11568 21648
11569 21649
11570 21650
11571 21651
11572 21652
11573 21653
11574 21654
11575 21655
11576 21792
11577 21793
11578 21794
11579 21795
11580 21796
11581 21797
11582 21798
11583 21799
11584 21936
11585 21937
11586 21938
11587 21939
11588 21940
11589 21941
11590 21942
11591 21943
11592 22080
11593 22081
11594 22082
11595 22083
11596 22084
11597 22085
11598 22086
11599 22087
11600 22224
11601 22225
11602 22226
11603 22227
11604 22228
11605 22229
11606 22230
11607 22231
11608 22368
11609 22369
11610 22370
11611 22371
11612 22372
11613 22373
11614 22374
11615 22375
11616 22512
11617 22513
11618 22514
11619 22515
11620 22516
11621 22517
11622 22518
11623 22519
11624 22656
11625 22657
11626 22658
11627 22659
11628 22660
11629 22661
11630 22662
11631 22663
11632 22800
11633 22801
11634 22802
11635 22803
11636 22804
11637 22805
11638 22806
11639 22807
11640 22944
11641 22945
11642 22946
11643 22947
11644 22948
11645 22949
11646 22950
11647 22951
11648 23088
11649 23089
11650 23090
11651 23091
11652 23092
11653 23093
11654 23094
11655 23095
11656 23232
11657 23233
11658 23234
11659 23235
11660 23236
11661 23237
11662 23238
11663 23239
11664 23376
11665 23377
11666 23378
11667 23379
11668 23380
11669 23381
11670 23382
11671 23383
11672 23520
11673 23521
11674 23522
11675 23523
11676 23524
11677 23525
11678 23526
11679 23527
11680 23664
11681 23665
11682 23666
11683 23667
11684 23668
11685 23669
11686 23670
11687 23671
11688 23808
11689 23809
11690 23810
11691 23811
11692 23812
11693 23813
11694 23814
11695 23815
11696 23952
11697 23953
11698 23954
11699 23955
11700 23956
11701 23957
11702 23958
11703 23959
11704 24096
11705 24097
11706 24098
11707 24099
11708 24100
11709 24101
11710 24102
11711 24103
11712 24240
11713 24241
11714 24242
11715 24243
11716 24244
11717 24245
11718 24246
11719 24247
11720 24384
11721 24385
11722 24386
11723 24387
11724 24388
11725 24389
11726 24390
11727 24391
11728 24528
11729 24529
11730 24530
11731 24531
11732 24532
11733 24533
11734 24534
11735 24535
11736 24672
11737 24673
11738 24674
11739 24675
11740 24676
11741 24677
11742 24678
11743 24679
11744 24816
11745 24817
11746 24818
11747 24819
11748 24820
11749 24821
11750 24822
11751 24823
11752 24960
11753 24961
11754 24962
11755 24963
11756 24964
11757 24965
11758 24966
11759 24967
11760 25104
11761 25105
11762 25106
11763 25107
11764 25108
11765 25109
11766 25110
11767 25111
11768 25248
11769 25249
11770 25250
11771 25251
11772 25252
11773 25253
11774 25254
11775 25255
11776 25392
11777 25393
11778 25394
11779 25395
11780 25396
11781 25397
11782 25398
11783 25399
11784 25536
11785 25537
11786 25538
11787 25539
11788 25540
11789 25541
11790 25542
11791 25543
11792 25680
11793 25681
11794 25682
11795 25683
11796 25684
11797 25685
11798 25686
11799 25687
11800 25824
11801 25825
11802 25826
11803 25827
11804 25828
11805 25829
11806 25830
11807 25831
11808 25968
11809 25969
11810 25970
11811 25971
11812 25972
11813 25973
11814 25974
11815 25975
11816 26112
11817 26113
11818 26114
11819 26115
11820 26116
11821 26117
11822 26118
11823 26119
11824 26256
11825 26257
11826 26258
11827 26259
11828 26260
11829 26261
11830 26262
11831 26263
11832 26400
11833 26401
11834 26402
11835 26403
11836 26404
11837 26405
11838 26406
11839 26407
11840 26544
11841 26545
11842 26546
11843 26547
11844 26548
11845 26549
11846 26550
11847 26551
11848 26688
11849 26689
11850 26690
11851 26691
11852 26692
11853 26693
11854 26694
11855 26695
11856 26832
11857 26833
11858 26834
11859 26835
11860 26836
11861 26837
11862 26838
11863 26839
11864 26976
11865 26977
11866 26978
11867 26979
11868 26980
11869 26981
11870 26982
11871 26983
11872 27120
11873 27121
11874 27122
11875 27123
11876 27124
11877 27125
11878 27126
11879 27127
11880 27264
11881 27265
11882 27266
11883 27267
11884 27268
11885 27269
11886 27270
11887 27271
11888 27408
11889 27409
11890 27410
11891 27411
11892 27412
11893 27413
11894 27414
11895 27415
11896 27552
11897 27553
11898 27554
11899 27555
11900 27556
11901 27557
11902 27558
11903 27559
11904 27696
11905 27697
11906 27698
11907 27699
11908 27700
11909 27701
11910 27702
11911 27703
11912 27840
11913 27841
11914 27842
11915 27843
11916 27844
11917 27845
11918 27846
11919 27847
11920 27984
11921 27985
11922 27986
11923 27987
11924 27988
11925 27989
11926 27990
11927 27991
11928 28128
11929 28129
11930 28130
11931 28131
11932 28132
11933 28133
11934 28134
11935 28135
11936 28272
11937 28273
11938 28274
11939 28275
11940 28276
11941 28277
11942 28278
11943 28279
11944 28416
11945 28417
11946 28418
11947 28419
11948 28420
11949 28421
11950 28422
11951 28423
11952 28560
11953 28561
11954 28562
11955 28563
11956 28564
11957 28565
11958 28566
11959 28567
11960 28704
11961 28705
11962 28706
11963 28707
11964 28708
11965 28709
11966 28710
11967 28711
11968 28848
11969 28849
11970 28850
11971 28851
11972 28852
11973 28853
11974 28854
11975 28855
11976 28992
11977 28993
11978 28994
11979 28995
11980 28996
11981 28997
11982 28998
11983 28999
11984 29136
11985 29137
11986 29138
11987 29139
11988 29140
11989 29141
11990 29142
11991 29143
11992 29280
11993 29281
11994 29282
11995 29283
11996 29284
11997 29285
11998 29286
11999 29287
12000 29424
12001 29425
12002 29426
12003 29427
12004 29428
12005 29429
12006 29430
12007 29431
12008 29568
12009 29569
12010 29570
12011 29571
12012 29572
12013 29573
12014 29574
12015 29575
12016 29712
12017 29713
12018 29714
12019 29715
12020 29716
12021 29717
12022 29718
12023 29719
12024 29856
12025 29857
12026 29858
12027 29859
12028 29860
12029 29861
12030 29862
12031 29863
12032 30000
12033 30001
12034 30002
12035 30003
12036 30004
12037 30005
12038 30006
12039 30007
12040 30144
12041 30145
12042 30146
12043 30147
12044 30148
12045 30149
12046 30150
12047 30151
12048 30288
12049 30289
12050 30290
12051 30291
12052 30292
12053 30293
12054 30294
12055 30295
12056 30432
12057 30433
12058 30434
12059 30435
12060 30436
12061 30437
12062 30438
12063 30439
12064 30576
12065 30577
12066 30578
12067 30579
12068 30580
12069 30581
12070 30582
12071 30583
12072 30720
12073 30721
12074 30722
12075 30723
12076 30724
12077 30725
12078 30726
12079 30727
12080 30864
12081 30865
12082 30866
12083 30867
12084 30868
12085 30869
12086 30870
12087 30871
12088 31008
12089 31009
12090 31010
12091 31011
12092 31012
12093 31013
12094 31014
12095 31015
12096 56
12097 57
12098 58
12099 59
12100 60
12101 61
12102 62
12103 63
12104 200
12105 201
12106 202
12107 203
12108 204
12109 205
12110 206
12111 207
12112 344
12113 345
12114 346
12115 347
12116 348
12117 349
12118 350
12119 351
12120 488
12121 489
12122 490
12123 491
12124 492
12125 493
12126 494
12127 495
12128 632
12129 633
12130 634
12131 635
12132 636
12133 637
12134 638
12135 639
12136 776
12137 777
12138 778
12139 779
12140 780
12141 781
12142 782
12143 783
12144 920
12145 921
12146 922
12147 923
12148 924
12149 925
12150 926
12151 927
12152 1064
12153 1065
12154 1066
12155 1067
12156 1068
12157 1069
12158 1070
12159 1071
12160 1208
12161 1209
12162 1210
12163 1211
12164 1212
12165 1213
12166 1214
12167 1215
12168 1352
12169 1353
12170 1354
12171 1355
12172 1356
12173 1357
12174 1358
12175 1359
12176 1496
12177 1497
12178 1498
12179 1499
12180 1500
12181 1501
12182 1502
12183 1503
12184 1640
12185 1641
12186 1642
12187 1643
12188 1644
12189 1645
12190 1646
12191 1647
12192 1784
12193 1785
12194 1786
12195 1787
12196 1788
12197 1789
12198 1790
12199 1791
12200 1928
12201 1929
12202 1930
12203 1931
12204 1932
12205 1933
12206 1934
12207 1935
12208 2072
12209 2073
12210 2074
12211 2075
12212 2076
12213 2077
12214 2078
12215 2079
12216 2216
12217 2217
12218 2218
12219 2219
12220 2220
12221 2221
12222 2222
12223 2223
12224 2360
12225 2361
12226 2362
12227 2363
12228 2364
12229 2365
12230 2366
12231 2367
12232 2504
12233 2505
12234 2506
12235 2507
12236 2508
12237 2509
12238 2510
12239 2511
12240 2648
12241 2649
12242 2650
12243 2651
12244 2652
12245 2653
12246 2654
12247 2655
12248 2792
12249 2793
12250 2794
12251 2795
12252 2796
12253 2797
12254 2798
12255 2799
12256 2936
12257 2937
12258 2938
12259 2939
12260 2940
12261 2941
12262 2942
12263 2943
12264 3080
12265 3081
12266 3082
12267 3083
12268 3084
12269 3085
12270 3086
12271 3087
12272 3224
12273 3225
12274 3226
12275 3227
12276 3228
12277 3229
12278 3230
12279 3231
12280 3368
12281 3369
12282 3370
12283 3371
12284 3372
12285 3373
12286 3374
12287 3375
12288 3512
12289 3513
12290 3514
12291 3515
12292 3516
12293 3517
12294 3518
12295 3519
12296 3656
12297 3657
12298 3658
12299 3659
12300 3660
12301 3661
12302 3662
12303 3663
12304 3800
12305 3801
12306 3802
12307 3803
12308 3804
12309 3805
12310 3806
12311 3807
12312 3944
12313 3945
12314 3946
12315 3947
12316 3948
12317 3949
12318 3950
12319 3951
12320 4088
12321 4089
12322 4090
12323 4091
12324 4092
12325 4093
12326 4094
12327 4095
12328 4232
12329 4233
12330 4234
12331 4235
12332 4236
12333 4237
12334 4238
12335 4239
12336 4376
12337 4377
12338 4378
12339 4379
12340 4380
12341 4381
12342 4382
12343 4383
12344 4520
12345 4521
12346 4522
12347 4523
12348 4524
12349 4525
12350 4526
12351 4527
12352 4664
12353 4665
12354 4666
12355 4667
12356 4668
12357 4669
12358 4670
12359 4671
12360 4808
12361 4809
12362 4810
12363 4811
12364 4812
12365 4813
12366 4814
12367 4815
12368 4952
12369 4953
12370 4954
12371 4955
12372 4956
12373 4957
12374 4958
12375 4959
12376 5096
12377 5097
12378 5098
12379 5099
12380 5100
12381 5101
12382 5102
12383 5103
12384 5240
12385 5241
12386 5242
12387 5243
12388 5244
12389 5245
12390 5246
12391 5247
12392 5384
12393 5385
12394 5386
12395 5387
12396 5388
12397 5389
12398 5390
12399 5391
12400 5528
12401 5529
12402 5530
12403 5531
12404 5532
12405 5533
12406 5534
12407 5535
12408 5672
12409 5673
12410 5674
12411 5675
12412 5676
12413 5677
12414 5678
12415 5679
12416 5816
12417 5817
12418 5818
12419 5819
12420 5820
12421 5821
12422 5822
12423 5823
12424 5960
12425 5961
12426 5962
12427 5963
12428 5964
12429 5965
12430 5966
12431 5967
12432 6104
12433 6105
12434 6106
12435 6107
12436 6108
12437 6109
12438 6110
12439 6111
12440 6248
12441 6249
12442 6250
12443 6251
12444 6252
12445 6253
12446 6254
12447 6255
12448 6392
12449 6393
12450 6394
12451 6395
12452 6396
12453 6397
12454 6398
12455 6399
12456 6536
12457 6537
12458 6538
12459 6539
12460 6540
12461 6541
12462 6542
12463 6543
12464 6680
12465 6681
12466 6682
12467 6683
12468 6684
12469 6685
12470 6686
12471 6687
12472 6824
12473 6825
12474 6826
12475 6827
12476 6828
12477 6829
12478 6830
12479 6831
12480 6968
12481 6969
12482 6970
12483 6971
12484 6972
12485 6973
12486 6974
12487 6975
12488 7112
12489 7113
12490 7114
12491 7115
12492 7116
12493 7117
12494 7118
12495 7119
12496 7256
12497 7257
12498 7258
12499 7259
12500 7260
12501 7261
12502 7262
12503 7263
12504 7400
12505 7401
12506 7402
12507 7403
12508 7404
12509 7405
12510 7406
12511 7407
12512 7544
12513 7545
12514 7546
12515 7547
12516 7548
12517 7549
12518 7550
12519 7551
12520 7688
12521 7689
12522 7690
12523 7691
12524 7692
12525 7693
12526 7694
12527 7695
12528 7832
12529 7833
12530 7834
12531 7835
12532 7836
12533 7837
12534 7838
12535 7839
12536 7976
12537 7977
12538 7978
12539 7979
12540 7980
12541 7981
12542 7982
12543 7983
12544 8120
12545 8121
12546 8122
12547 8123
12548 8124
12549 8125
12550 8126
12551 8127
12552 8264
12553 8265
12554 8266
12555 8267
12556 8268
12557 8269
12558 8270
12559 8271
12560 8408
12561 8409
12562 8410
12563 8411
12564 8412
12565 8413
12566 8414
12567 8415
12568 8552
12569 8553
12570 8554
12571 8555
12572 8556
12573 8557
12574 8558
12575 8559
12576 8696
12577 8697
12578 8698
12579 8699
12580 8700
12581 8701
12582 8702
12583 8703
12584 8840
12585 8841
12586 8842
12587 8843
12588 8844
12589 8845
12590 8846
12591 8847
12592 8984
12593 8985
12594 8986
12595 8987
12596 8988
12597 8989
12598 8990
12599 8991
12600 9128
12601 9129
12602 9130
12603 9131
12604 9132
12605 9133
12606 9134
12607 9135
12608 9272
12609 9273
12610 9274
12611 9275
12612 9276
12613 9277
12614 9278
12615 9279
12616 9416
12617 9417
12618 9418
12619 9419
12620 9420
12621 9421
12622 9422
12623 9423
12624 9560
12625 9561
12626 9562
12627 9563
12628 9564
12629 9565
12630 9566
12631 9567
12632 9704
12633 9705
12634 9706
12635 9707
12636 9708
12637 9709
12638 9710
12639 9711
12640 9848
12641 9849
12642 9850
12643 9851
12644 9852
12645 9853
12646 9854
12647 9855
12648 9992
12649 9993
12650 9994
12651 9995
12652 9996
12653 9997
12654 9998
12655 9999
12656 10136
12657 10137
12658 10138
12659 10139
12660 10140
12661 10141
12662 10142
12663 10143
12664 10280
12665 10281
12666 10282
12667 10283
12668 10284
12669 10285
12670 10286
12671 10287
12672 10424
12673 10425
12674 10426
12675 10427
12676 10428
12677 10429
12678 10430
12679 10431
12680 10568
12681 10569
12682 10570
12683 10571
12684 10572
12685 10573
12686 10574
12687 10575
12688 10712
12689 10713
12690 10714
12691 10715
12692 10716
12693 10717
12694 10718
12695 10719
12696 10856
12697 10857
12698 10858
12699 10859
12700 10860
12701 10861
12702 10862
12703 10863
12704 11000
12705 11001
12706 11002
12707 11003
12708 11004
12709 11005
12710 11006
12711 11007
12712 11144
12713 11145
12714 11146
12715 11147
12716 11148
12717 11149
12718 11150
12719 11151
12720 11288
12721 11289
12722 11290
12723 11291
12724 11292
12725 11293
12726 11294
12727 11295
12728 11432
12729 11433
12730 11434
12731 11435
12732 11436
12733 11437
12734 11438
12735 11439
12736 11576
12737 11577
12738 11578
12739 11579
12740 11580
12741 11581
12742 11582
12743 11583
12744 11720
12745 11721
12746 11722
12747 11723
12748 11724
12749 11725
12750 11726
12751 11727
12752 11864
12753 11865
12754 11866
12755 11867
12756 11868
12757 11869
12758 11870
12759 11871
12760 12008
12761 12009
12762 12010
12763 12011
12764 12012
12765 12013
12766 12014
12767 12015
12768 12152
12769 12153
12770 12154
12771 12155
12772 12156
12773 12157
12774 12158
12775 12159
12776 12296
12777 12297
12778 12298
12779 12299
12780 12300
12781 12301
12782 12302
12783 12303
12784 12440
12785 12441
12786 12442
12787 12443
12788 12444
12789 12445
12790 12446
12791 12447
12792 12584
12793 12585
12794 12586
12795 12587
12796 12588
12797 12589
12798 12590
12799 12591
12800 12728
12801 12729
12802 12730
12803 12731
12804 12732
12805 12733
12806 12734
12807 12735
12808 12872
12809 12873
12810 12874
12811 12875
12812 12876
12813 12877
12814 12878
12815 12879
12816 13016
12817 13017
12818 13018
12819 13019
12820 13020
12821 13021
12822 13022
12823 13023
12824 13160
12825 13161
12826 13162
12827 13163
12828 13164
12829 13165
12830 13166
12831 13167
12832 13304
12833 13305
12834 13306
12835 13307
12836 13308
12837 13309
12838 13310
12839 13311
12840 13448
12841 13449
12842 13450
12843 13451
12844 13452
12845 13453
12846 13454
12847 13455
12848 13592
12849 13593
12850 13594
12851 13595
12852 13596
12853 13597
12854 13598
12855 13599
12856 13736
12857 13737
12858 13738
12859 13739
12860 13740
12861 13741
12862 13742
12863 13743
12864 13880
12865 13881
12866 13882
12867 13883
12868 13884
12869 13885
12870 13886
12871 13887
12872 14024
12873 14025
12874 14026
12875 14027
12876 14028
12877 14029
12878 14030
12879 14031
12880 14168
12881 14169
12882 14170
12883 14171
12884 14172
12885 14173
12886 14174
12887 14175
12888 14312
12889 14313
12890 14314
12891 14315
12892 14316
12893 14317
12894 14318
12895 14319
12896 14456
12897 14457
12898 14458
12899 14459
12900 14460
12901 14461
12902 14462
12903 14463
12904 14600
12905 14601
12906 14602
12907 14603
12908 14604
12909 14605
12910 14606
12911 14607
12912 14744
12913 14745
12914 14746
12915 14747
12916 14748
12917 14749
12918 14750
12919 14751
12920 14888
12921 14889
12922 14890
12923 14891
12924 14892
12925 14893
12926 14894
12927 14895
12928 15032
12929 15033
12930 15034
12931 15035
12932 15036
12933 15037
12934 15038
12935 15039
12936 15176
12937 15177
12938 15178
12939 15179
12940 15180
12941 15181
12942 15182
12943 15183
12944 15320
12945 15321
12946 15322
12947 15323
12948 15324
12949 15325
12950 15326
12951 15327
12952 15464
12953 15465
12954 15466
12955 15467
12956 15468
12957 15469
12958 15470
12959 15471
12960 15608
12961 15609
12962 15610
12963 15611
12964 15612
12965 15613
12966 15614
12967 15615
12968 15752
12969 15753
12970 15754
12971 15755
12972 15756
12973 15757
12974 15758
12975 15759
12976 15896
12977 15897
12978 15898
12979 15899
12980 15900
12981 15901
12982 15902
12983 15903
12984 16040
12985 16041
12986 16042
12987 16043
12988 16044
12989 16045
12990 16046
12991 16047
12992 16184
12993 16185
12994 16186
12995 16187
12996 16188
12997 16189
12998 16190
12999 16191
13000 16328
13001 16329
13002 16330
13003 16331
13004 16332
13005 16333
13006 16334
13007 16335
13008 16472
13009 16473
13010 16474
13011 16475
13012 16476
13013 16477
13014 16478
13015 16479
13016 16616
13017 16617
13018 16618
13019 16619
13020 16620
13021 16621
13022 16622
13023 16623
13024 16760
13025 16761
13026 16762
13027 16763
13028 16764
13029 16765
13030 16766
13031 16767
13032 16904
13033 16905
13034 16906
13035 16907
13036 16908
13037 16909
13038 16910
13039 16911
13040 17048
13041 17049
13042 17050
13043 17051
13044 17052
13045 17053
13046 17054
13047 17055
13048 17192
13049 17193
13050 17194
13051 17195
13052 17196
13053 17197
13054 17198
13055 17199
13056 17336
13057 17337
13058 17338
13059 17339
13060 17340
13061 17341
13062 17342
13063 17343
13064 17480
13065 17481
13066 17482
13067 17483
13068 17484
13069 17485
13070 17486
13071 17487
13072 17624
13073 17625
13074 17626
13075 17627
13076 17628
13077 17629
13078 17630
13079 17631
13080 17768
13081 17769
13082 17770
13083 17771
13084 17772
13085 17773
13086 17774
13087 17775
13088 17912
13089 17913
13090 17914
13091 17915
13092 17916
13093 17917
13094 17918
13095 17919
13096 18056
13097 18057
13098 18058
13099 18059
13100 18060
13101 18061
13102 18062
13103 18063
13104 18200
13105 18201
13106 18202
13107 18203
13108 18204
13109 18205
13110 18206
13111 18207
13112 18344
13113 18345
13114 18346
13115 18347
13116 18348
13117 18349
13118 18350
13119 18351
13120 18488
13121 18489
13122 18490
13123 18491
13124 18492
13125 18493
13126 18494
13127 18495
13128 18632
13129 18633
13130 18634
13131 18635
13132 18636
13133 18637
13134 18638
13135 18639
13136 18776
13137 18777
13138 18778
13139 18779
13140 18780
13141 18781
13142 18782
13143 18783
13144 18920
13145 18921
13146 18922
13147 18923
13148 18924
13149 18925
13150 18926
13151 18927
13152 19064
13153 19065
13154 19066
13155 19067
13156 19068
13157 19069
13158 19070
13159 19071
13160 19208
13161 19209
13162 19210
13163 19211
13164 19212
13165 19213
13166 19214
13167 19215
13168 19352
13169 19353
13170 19354
13171 19355
13172 19356
13173 19357
13174 19358
13175 19359
13176 19496
13177 19497
13178 19498
13179 19499
13180 19500
13181 19501
13182 19502
13183 19503
13184 19640
13185 19641
13186 19642
13187 19643
13188 19644
13189 19645
13190 19646
13191 19647
13192 19784
13193 19785
13194 19786
13195 19787
13196 19788
13197 19789
13198 19790
13199 19791
13200 19928
13201 19929
13202 19930
13203 19931
13204 19932
13205 19933
13206 19934
13207 19935
13208 20072
13209 20073
13210 20074
13211 20075
13212 20076
13213 20077
13214 20078
13215 20079
13216 20216
13217 20217
13218 20218
13219 20219
13220 20220
13221 20221
13222 20222
13223 20223
13224 20360
13225 20361
13226 20362
13227 20363
13228 20364
13229 20365
13230 20366
13231 20367
13232 20504
13233 20505
13234 20506
13235 20507
13236 20508
13237 20509
13238 20510
13239 20511
13240 20648
13241 20649
13242 20650
13243 20651
13244 20652
13245 20653
13246 20654
13247 20655
13248 20792
13249 20793
13250 20794
13251 20795
13252 20796
13253 20797
13254 20798
13255 20799
13256 20936
13257 20937
13258 20938
13259 20939
13260 20940
13261 20941
13262 20942
13263 20943
13264 21080
13265 21081
13266 21082
13267 21083
13268 21084
13269 21085
13270 21086
13271 21087
13272 21224
13273 21225
13274 21226
13275 21227
13276 21228
13277 21229
13278 21230
13279 21231
13280 21368
13281 21369
13282 21370
13283 21371
13284 21372
13285 21373
13286 21374
13287 21375
13288 21512
13289 21513
13290 21514
13291 21515
13292 21516
13293 21517
13294 21518
13295 21519
13296 21656
13297 21657
13298 21658
13299 21659
13300 21660
13301 21661
13302 21662
13303 21663
13304 21800
13305 21801
13306 21802
13307 21803
13308 21804
13309 21805
13310 21806
13311 21807
13312 21944
13313 21945
13314 21946
13315 21947
13316 21948
13317 21949
13318 21950
13319 21951
13320 22088
13321 22089
13322 22090
13323 22091
13324 22092
13325 22093
13326 22094
13327 22095
13328 22232
13329 22233
13330 22234
13331 22235
13332 22236
13333 22237
13334 22238
13335 22239
13336 22376
13337 22377
13338 22378
13339 22379
13340 22380
13341 22381
13342 22382
13343 22383
13344 22520
13345 22521
13346 22522
13347 22523
13348 22524
13349 22525
13350 22526
13351 22527
13352 22664
13353 22665
13354 22666
13355 22667
13356 22668
13357 22669
13358 22670
13359 22671
13360 22808
13361 22809
13362 22810
13363 22811
13364 22812
13365 22813
13366 22814
13367 22815
13368 22952
13369 22953
13370 22954
13371 22955
13372 22956
13373 22957
13374 22958
13375 22959
13376 23096
13377 23097
13378 23098
13379 23099
13380 23100
13381 23101
13382 23102
13383 23103
13384 23240
13385 23241
13386 23242
13387 23243
13388 23244
13389 23245
13390 23246
13391 23247
13392 23384
13393 23385
13394 23386
13395 23387
13396 23388
13397 23389
13398 23390
13399 23391
13400 23528
13401 23529
13402 23530
13403 23531
13404 23532
13405 23533
13406 23534
13407 23535
13408 23672
13409 23673
13410 23674
13411 23675
13412 23676
13413 23677
13414 23678
13415 23679
13416 23816
13417 23817
13418 23818
13419 23819
13420 23820
13421 23821
13422 23822
13423 23823
13424 23960
13425 23961
13426 23962
13427 23963
13428 23964
13429 23965
13430 23966
13431 23967
13432 24104
13433 24105
13434 24106
13435 24107
13436 24108
13437 24109
13438 24110
13439 24111
13440 24248
13441 24249
13442 24250
13443 24251
13444 24252
13445 24253
13446 24254
13447 24255
13448 24392
13449 24393
13450 24394
13451 24395
13452 24396
13453 24397
13454 24398
13455 24399
13456 24536
13457 24537
13458 24538
13459 24539
13460 24540
13461 24541
13462 24542
13463 24543
13464 24680
13465 24681
13466 24682
13467 24683
13468 24684
13469 24685
13470 24686
13471 24687
13472 24824
13473 24825
13474 24826
13475 24827
13476 24828
13477 24829
13478 24830
13479 24831
13480 24968
13481 24969
13482 24970
13483 24971
13484 24972
13485 24973
13486 24974
13487 24975
13488 25112
13489 25113
13490 25114
13491 25115
13492 25116
13493 25117
13494 25118
13495 25119
13496 25256
13497 25257
13498 25258
13499 25259
13500 25260
13501 25261
13502 25262
13503 25263
13504 25400
13505 25401
13506 25402
13507 25403
13508 25404
13509 25405
13510 25406
13511 25407
13512 25544
13513 25545
13514 25546
13515 25547
13516 25548
13517 25549
13518 25550
13519 25551
13520 25688
13521 25689
13522 25690
13523 25691
13524 25692
13525 25693
13526 25694
13527 25695
13528 25832
13529 25833
13530 25834
13531 25835
13532 25836
13533 25837
13534 25838
13535 25839
13536 25976
13537 25977
13538 25978
13539 25979
13540 25980
13541 25981
13542 25982
13543 25983
13544 26120
13545 26121
13546 26122
13547 26123
13548 26124
13549 26125
13550 26126
13551 26127
13552 26264
13553 26265
13554 26266
13555 26267
13556 26268
13557 26269
13558 26270
13559 26271
13560 26408
13561 26409
13562 26410
13563 26411
13564 26412
13565 26413
13566 26414
13567 26415
13568 26552
13569 26553
13570 26554
13571 26555
13572 26556
13573 26557
13574 26558
13575 26559
13576 26696
13577 26697
13578 26698
13579 26699
13580 26700
13581 26701
13582 26702
13583 26703
13584 26840
13585 26841
13586 26842
13587 26843
13588 26844
13589 26845
13590 26846
13591 26847
13592 26984
13593 26985
13594 26986
13595 26987
13596 26988
13597 26989
13598 26990
13599 26991
13600 27128
13601 27129
13602 27130
13603 27131
13604 27132
13605 27133
13606 27134
13607 27135
13608 27272
13609 27273
13610 27274
13611 27275
13612 27276
13613 27277
13614 27278
13615 27279
13616 27416
13617 27417
13618 27418
13619 27419
13620 27420
13621 27421
13622 27422
13623 27423
13624 27560
13625 27561
13626 27562
13627 27563
13628 27564
13629 27565
13630 27566
13631 27567
13632 27704
13633 27705
13634 27706
13635 27707
13636 27708
13637 27709
13638 27710
13639 27711
13640 27848
13641 27849
13642 27850
13643 27851
13644 27852
13645 27853
13646 27854
13647 27855
13648 27992
13649 27993
13650 27994
13651 27995
13652 27996
13653 27997
13654 27998
13655 27999
13656 28136
13657 28137
13658 28138
13659 28139
13660 28140
13661 28141
13662 28142
13663 28143
13664 28280
13665 28281
13666 28282
13667 28283
13668 28284
13669 28285
13670 28286
13671 28287
13672 28424
13673 28425
13674 28426
13675 28427
13676 28428
13677 28429
13678 28430
13679 28431
13680 28568
13681 28569
13682 28570
13683 28571
13684 28572
13685 28573
13686 28574
13687 28575
13688 28712
13689 28713
13690 28714
13691 28715
13692 28716
13693 28717
13694 28718
13695 28719
13696 28856
13697 28857
13698 28858
13699 28859
13700 28860
13701 28861
13702 28862
13703 28863
13704 29000
13705 29001
13706 29002
13707 29003
13708 29004
13709 29005
13710 29006
13711 29007
13712 29144
13713 29145
13714 29146
13715 29147
13716 29148
13717 29149
13718 29150
13719 29151
13720 29288
13721 29289
13722 29290
13723 29291
13724 29292
13725 29293
13726 29294
13727 29295
13728 29432
13729 29433
13730 29434
13731 29435
13732 29436
13733 29437
13734 29438
13735 29439
13736 29576
13737 29577
13738 29578
13739 29579
13740 29580
13741 29581
13742 29582
13743 29583
13744 29720
13745 29721
13746 29722
13747 29723
13748 29724
13749 29725
13750 29726
13751 29727
13752 29864
13753 29865
13754 29866
13755 29867
13756 29868
13757 29869
13758 29870
13759 29871
13760 30008
13761 30009
13762 30010
13763 30011
13764 30012
13765 30013
13766 30014
13767 30015
13768 30152
13769 30153
13770 30154
13771 30155
13772 30156
13773 30157
13774 30158
13775 30159
13776 30296
13777 30297
13778 30298
13779 30299
13780 30300
13781 30301
13782 30302
13783 30303
13784 30440
13785 30441
13786 30442
13787 30443
13788 30444
13789 30445
13790 30446
13791 30447
13792 30584
13793 30585
13794 30586
13795 30587
13796 30588
13797 30589
13798 30590
13799 30591
13800 30728
13801 30729
13802 30730
13803 30731
13804 30732
13805 30733
13806 30734
13807 30735
13808 30872
13809 30873
13810 30874
13811 30875
13812 30876
13813 30877
13814 30878
13815 30879
13816 31016
13817 31017
13818 31018
13819 31019
13820 31020
13821 31021
13822 31022
13823 31023
13824 64
13825 65
13826 66
13827 67
13828 68
13829 69
13830 70
13831 71
13832 208
13833 209
13834 210
13835 211
13836 212
13837 213
13838 214
13839 215
13840 352
13841 353
13842 354
13843 355
13844 356
13845 357
13846 358
13847 359
13848 496
13849 497
13850 498
13851 499
13852 500
13853 501
13854 502
13855 503
13856 640
13857 641
13858 642
13859 643
13860 644
13861 645
13862 646
13863 647
13864 784
13865 785
13866 786
13867 787
13868 788
13869 789
13870 790
13871 791
13872 928
13873 929
13874 930
13875 931
13876 932
13877 933
13878 934
13879 935
13880 1072
13881 1073
13882 1074
13883 1075
13884 1076
13885 1077
13886 1078
13887 1079
13888 1216
13889 1217
13890 1218
13891 1219
13892 1220
13893 1221
13894 1222
13895 1223
13896 1360
13897 1361
13898 1362
13899 1363
13900 1364
13901 1365
13902 1366
13903 1367
13904 1504
13905 1505
13906 1506
13907 1507
13908 1508
13909 1509
13910 1510
13911 1511
13912 1648
13913 1649
13914 1650
13915 1651
13916 1652
13917 1653
13918 1654
13919 1655
13920 1792
13921 1793
13922 1794
13923 1795
13924 1796
13925 1797
13926 1798
13927 1799
13928 1936
13929 1937
13930 1938
13931 1939
13932 1940
13933 1941
13934 1942
13935 1943
13936 2080
13937 2081
13938 2082
13939 2083
13940 2084
13941 2085
13942 2086
13943 2087
13944 2224
13945 2225
13946 2226
13947 2227
13948 2228
13949 2229
13950 2230
13951 2231
13952 2368
13953 2369
13954 2370
13955 2371
13956 2372
13957 2373
13958 2374
13959 2375
13960 2512
13961 2513
13962 2514
13963 2515
13964 2516
13965 2517
13966 2518
13967 2519
13968 2656
13969 2657
13970 2658
13971 2659
13972 2660
13973 2661
13974 2662
13975 2663
13976 2800
13977 2801
13978 2802
13979 2803
13980 2804
13981 2805
13982 2806
13983 2807
13984 2944
13985 2945
13986 2946
13987 2947
13988 2948
13989 2949
13990 2950
13991 2951
13992 3088
13993 3089
13994 3090
13995 3091
13996 3092
13997 3093
13998 3094
13999 3095
14000 3232
14001 3233
14002 3234
14003 3235
14004 3236
14005 3237
14006 3238
14007 3239
14008 3376
14009 3377
14010 3378
14011 3379
14012 3380
14013 3381
14014 3382
14015 3383
14016 3520
14017 3521
14018 3522
14019 3523
14020 3524
14021 3525
14022 3526
14023 3527
14024 3664
14025 3665
14026 3666
14027 3667
14028 3668
14029 3669
14030 3670
14031 3671
14032 3808
14033 3809
14034 3810
14035 3811
14036 3812
14037 3813
14038 3814
14039 3815
14040 3952
14041 3953
14042 3954
14043 3955
14044 3956
14045 3957
14046 3958
14047 3959
14048 4096
14049 4097
14050 4098
14051 4099
14052 4100
14053 4101
14054 4102
14055 4103
14056 4240
14057 4241
14058 4242
14059 4243
14060 4244
14061 4245
14062 4246
14063 4247
14064 4384
14065 4385
14066 4386
14067 4387
14068 4388
14069 4389
14070 4390
14071 4391
14072 4528
14073 4529
14074 4530
14075 4531
14076 4532
14077 4533
14078 4534
14079 4535
14080 4672
14081 4673
14082 4674
14083 4675
14084 4676
14085 4677
14086 4678
14087 4679
14088 4816
14089 4817
14090 4818
14091 4819
14092 4820
14093 4821
14094 4822
14095 4823
14096 4960
14097 4961
14098 4962
14099 4963
14100 4964
14101 4965
14102 4966
14103 4967
14104 5104
14105 5105
14106 5106
14107 5107
14108 5108
14109 5109
14110 5110
14111 5111
14112 5248
14113 5249
14114 5250
14115 5251
14116 5252
14117 5253
14118 5254
14119 5255
14120 5392
14121 5393
14122 5394
14123 5395
14124 5396
14125 5397
14126 5398
14127 5399
14128 5536
14129 5537
14130 5538
14131 5539
14132 5540
14133 5541
14134 5542
14135 5543
14136 5680
14137 5681
14138 5682
14139 5683
14140 5684
14141 5685
14142 5686
14143 5687
14144 5824
14145 5825
14146 5826
14147 5827
14148 5828
14149 5829
14150 5830
14151 5831
14152 5968
14153 5969
14154 5970
14155 5971
14156 5972
14157 5973
14158 5974
14159 5975
14160 6112
14161 6113
14162 6114
14163 6115
14164 6116
14165 6117
14166 6118
14167 6119
14168 6256
14169 6257
14170 6258
14171 6259
14172 6260
14173 6261
14174 6262
14175 6263
14176 6400
14177 6401
14178 6402
14179 6403
14180 6404
14181 6405
14182 6406
14183 6407
14184 6544
14185 6545
14186 6546
14187 6547
14188 6548
14189 6549
14190 6550
14191 6551
14192 6688
14193 6689
14194 6690
14195 6691
14196 6692
14197 6693
14198 6694
14199 6695
14200 6832
14201 6833
14202 6834
14203 6835
14204 6836
14205 6837
14206 6838
14207 6839
14208 6976
14209 6977
14210 6978
14211 6979
14212 6980
14213 6981
14214 6982
14215 6983
14216 7120
14217 7121
14218 7122
14219 7123
14220 7124
14221 7125
14222 7126
14223 7127
14224 7264
14225 7265
14226 7266
14227 7267
14228 7268
14229 7269
14230 7270
14231 7271
14232 7408
14233 7409
14234 7410
14235 7411
14236 7412
14237 7413
14238 7414
14239 7415
14240 7552
14241 7553
14242 7554
14243 7555
14244 7556
14245 7557
14246 7558
14247 7559
14248 7696
14249 7697
14250 7698
14251 7699
14252 7700
14253 7701
14254 7702
14255 7703
14256 7840
14257 7841
14258 7842
14259 7843
14260 7844
14261 7845
14262 7846
14263 7847
14264 7984
14265 7985
14266 7986
14267 7987
14268 7988
14269 7989
14270 7990
14271 7991
14272 8128
14273 8129
14274 8130
14275 8131
14276 8132
14277 8133
14278 8134
14279 8135
14280 8272
14281 8273
14282 8274
14283 8275
14284 8276
14285 8277
14286 8278
14287 8279
14288 8416
14289 8417
14290 8418
14291 8419
14292 8420
14293 8421
14294 8422
14295 8423
14296 8560
14297 8561
14298 8562
14299 8563
14300 8564
14301 8565
14302 8566
14303 8567
14304 8704
14305 8705
14306 8706
14307 8707
14308 8708
14309 8709
14310 8710
14311 8711
14312 8848
14313 8849
14314 8850
14315 8851
14316 8852
14317 8853
14318 8854
14319 8855
14320 8992
14321 8993
14322 8994
14323 8995
14324 8996
14325 8997
14326 8998
14327 8999
14328 9136
14329 9137
14330 9138
14331 9139
14332 9140
14333 9141
14334 9142
14335 9143
14336 9280
14337 9281
14338 9282
14339 9283
14340 9284
14341 9285
14342 9286
14343 9287
14344 9424
14345 9425
14346 9426
14347 9427
14348 9428
14349 9429
14350 9430
14351 9431
14352 9568
14353 9569
14354 9570
14355 9571
14356 9572
14357 9573
14358 9574
14359 9575
14360 9712
14361 9713
14362 9714
14363 9715
14364 9716
14365 9717
14366 9718
14367 9719
14368 9856
14369 9857
14370 9858
14371 9859
14372 9860
14373 9861
14374 9862
14375 9863
14376 10000
14377 10001
14378 10002
14379 10003
14380 10004
14381 10005
14382 10006
14383 10007
14384 10144
14385 10145
14386 10146
14387 10147
14388 10148
14389 10149
14390 10150
14391 10151
14392 10288
14393 10289
14394 10290
14395 10291
14396 10292
14397 10293
14398 10294
14399 10295
14400 10432
14401 10433
14402 10434
14403 10435
14404 10436
14405 10437
14406 10438
14407 10439
14408 10576
14409 10577
14410 10578
14411 10579
14412 10580
14413 10581
14414 10582
14415 10583
14416 10720
14417 10721
14418 10722
14419 10723
14420 10724
14421 10725
14422 10726
14423 10727
14424 10864
14425 10865
14426 10866
14427 10867
14428 10868
14429 10869
14430 10870
14431 10871
14432 11008
14433 11009
14434 11010
14435 11011
14436 11012
14437 11013
14438 11014
14439 11015
14440 11152
14441 11153
14442 11154
14443 11155
14444 11156
14445 11157
14446 11158
14447 11159
14448 11296
14449 11297
14450 11298
14451 11299
14452 11300
14453 11301
14454 11302
14455 11303
14456 11440
14457 11441
14458 11442
14459 11443
14460 11444
14461 11445
14462 11446
14463 11447
14464 11584
14465 11585
14466 11586
14467 11587
14468 11588
14469 11589
14470 11590
14471 11591
14472 11728
14473 11729
14474 11730
14475 11731
14476 11732
14477 11733
14478 11734
14479 11735
14480 11872
14481 11873
14482 11874
14483 11875
14484 11876
14485 11877
14486 11878
14487 11879
14488 12016
14489 12017
14490 12018
14491 12019
14492 12020
14493 12021
14494 12022
14495 12023
14496 12160
14497 12161
14498 12162
14499 12163
14500 12164
14501 12165
14502 12166
14503 12167
14504 12304
14505 12305
14506 12306
14507 12307
14508 12308
14509 12309
14510 12310
14511 12311
14512 12448
14513 12449
14514 12450
14515 12451
14516 12452
14517 12453
14518 12454
14519 12455
14520 12592
14521 12593
14522 12594
14523 12595
14524 12596
14525 12597
14526 12598
14527 12599
14528 12736
14529 12737
14530 12738
14531 12739
14532 12740
14533 12741
14534 12742
14535 12743
14536 12880
14537 12881
14538 12882
14539 12883
14540 12884
14541 12885
14542 12886
14543 12887
14544 13024
14545 13025
14546 13026
14547 13027
14548 13028
14549 13029
14550 13030
14551 13031
14552 13168
14553 13169
14554 13170
14555 13171
14556 13172
14557 13173
14558 13174
14559 13175
14560 13312
14561 13313
14562 13314
14563 13315
14564 13316
14565 13317
14566 13318
14567 13319
14568 13456
14569 13457
14570 13458
14571 13459
14572 13460
14573 13461
14574 13462
14575 13463
14576 13600
14577 13601
14578 13602
14579 13603
14580 13604
14581 13605
14582 13606
14583 13607
14584 13744
14585 13745
14586 13746
14587 13747
14588 13748
14589 13749
14590 13750
14591 13751
14592 13888
14593 13889
14594 13890
14595 13891
14596 13892
14597 13893
14598 13894
14599 13895
14600 14032
14601 14033
14602 14034
14603 14035
14604 14036
14605 14037
14606 14038
14607 14039
14608 14176
14609 14177
14610 14178
14611 14179
14612 14180
14613 14181
14614 14182
14615 14183
14616 14320
14617 14321
14618 14322
14619 14323
14620 14324
14621 14325
14622 14326
14623 14327
14624 14464
14625 14465
14626 14466
14627 14467
14628 14468
14629 14469
14630 14470
14631 14471
14632 14608
14633 14609
14634 14610
14635 14611
14636 14612
14637 14613
14638 14614
14639 14615
14640 14752
14641 14753
14642 14754
14643 14755
14644 14756
14645 14757
14646 14758
14647 14759
14648 14896
14649 14897
14650 14898
14651 14899
14652 14900
14653 14901
14654 14902
14655 14903
14656 15040
14657 15041
14658 15042
14659 15043
14660 15044
14661 15045
14662 15046
14663 15047
14664 15184
14665 15185
14666 15186
14667 15187
14668 15188
14669 15189
14670 15190
14671 15191
14672 15328
14673 15329
14674 15330
14675 15331
14676 15332
14677 15333
14678 15334
14679 15335
14680 15472
14681 15473
14682 15474
14683 15475
14684 15476
14685 15477
14686 15478
14687 15479
14688 15616
14689 15617
14690 15618
14691 15619
14692 15620
14693 15621
14694 15622
14695 15623
14696 15760
14697 15761
14698 15762
14699 15763
14700 15764
14701 15765
14702 15766
14703 15767
14704 15904
14705 15905
14706 15906
14707 15907
14708 15908
14709 15909
14710 15910
14711 15911
14712 16048
14713 16049
14714 16050
14715 16051
14716 16052
14717 16053
14718 16054
14719 16055
14720 16192
14721 16193
14722 16194
14723 16195
14724 16196
14725 16197
14726 16198
14727 16199
14728 16336
14729 16337
14730 16338
14731 16339
14732 16340
14733 16341
14734 16342
14735 16343
14736 16480
14737 16481
14738 16482
14739 16483
14740 16484
14741 16485
14742 16486
14743 16487
14744 16624
14745 16625
14746 16626
14747 16627
14748 16628
14749 16629
14750 16630
14751 16631
14752 16768
14753 16769
14754 16770
14755 16771
14756 16772
14757 16773
14758 16774
14759 16775
14760 16912
14761 16913
14762 16914
14763 16915
14764 16916
14765 16917
14766 16918
14767 16919
14768 17056
14769 17057
14770 17058
14771 17059
14772 17060
14773 17061
14774 17062
14775 17063
14776 17200
14777 17201
14778 17202
14779 17203
14780 17204
14781 17205
14782 17206
14783 17207
14784 17344
14785 17345
14786 17346
14787 17347
14788 17348
14789 17349
14790 17350
14791 17351
14792 17488
14793 17489
14794 17490
14795 17491
14796 17492
14797 17493
14798 17494
14799 17495
14800 17632
14801 17633
14802 17634
14803 17635
14804 17636
14805 17637
14806 17638
14807 17639
14808 17776
14809 17777
14810 17778
14811 17779
14812 17780
14813 17781
14814 17782
14815 17783
14816 17920
14817 17921
14818 17922
14819 17923
14820 17924
14821 17925
14822 17926
14823 17927
14824 18064
14825 18065
14826 18066
14827 18067
14828 18068
14829 18069
14830 18070
14831 18071
14832 18208
14833 18209
14834 18210
14835 18211
14836 18212
14837 18213
14838 18214
14839 18215
14840 18352
14841 18353
14842 18354
14843 18355
14844 18356
14845 18357
14846 18358
14847 18359
14848 18496
14849 18497
14850 18498
14851 18499
14852 18500
14853 18501
14854 18502
14855 18503
14856 18640
14857 18641
14858 18642
14859 18643
14860 18644
14861 18645
14862 18646
14863 18647
14864 18784
14865 18785
14866 18786
14867 18787
14868 18788
14869 18789
14870 18790
14871 18791
14872 18928
14873 18929
14874 18930
14875 18931
14876 18932
14877 18933
14878 18934
14879 18935
14880 19072
14881 19073
14882 19074
14883 19075
14884 19076
14885 19077
14886 19078
14887 19079
14888 19216
14889 19217
14890 19218
14891 19219
14892 19220
14893 19221
14894 19222
14895 19223
14896 19360
14897 19361
14898 19362
14899 19363
14900 19364
14901 19365
14902 19366
14903 19367
14904 19504
14905 19505
14906 19506
14907 19507
14908 19508
14909 19509
14910 19510
14911 19511
14912 19648
14913 19649
14914 19650
14915 19651
14916 19652
14917 19653
14918 19654
14919 19655
14920 19792
14921 19793
14922 19794
14923 19795
14924 19796
14925 19797
14926 19798
14927 19799
14928 19936
14929 19937
14930 19938
14931 19939
14932 19940
14933 19941
14934 19942
14935 19943
14936 20080
14937 20081
14938 20082
14939 20083
14940 20084
14941 20085
14942 20086
14943 20087
14944 20224
14945 20225
14946 20226
14947 20227
14948 20228
14949 20229
14950 20230
14951 20231
14952 20368
14953 20369
14954 20370
14955 20371
14956 20372
14957 20373
14958 20374
14959 20375
14960 20512
14961 20513
14962 20514
14963 20515
14964 20516
14965 20517
14966 20518
14967 20519
14968 20656
14969 20657
14970 20658
14971 20659
14972 20660
14973 20661
14974 20662
14975 20663
14976 20800
14977 20801
14978 20802
14979 20803
14980 20804
14981 20805
14982 20806
14983 20807
14984 20944
14985 20945
14986 20946
14987 20947
14988 20948
14989 20949
14990 20950
14991 20951
14992 21088
14993 21089
14994 21090
14995 21091
14996 21092
14997 21093
14998 21094
14999 21095
15000 21232
15001 21233
15002 21234
15003 21235
15004 21236
15005 21237
15006 21238
15007 21239
15008 21376
15009 21377
15010 21378
15011 21379
15012 21380
15013 21381
15014 21382
15015 21383
15016 21520
15017 21521
15018 21522
15019 21523
15020 21524
15021 21525
15022 21526
15023 21527
15024 21664
15025 21665
15026 21666
15027 21667
15028 21668
15029 21669
15030 21670
15031 21671
15032 21808
15033 21809
15034 21810
15035 21811
15036 21812
15037 21813
15038 21814
15039 21815
15040 21952
15041 21953
15042 21954
15043 21955
15044 21956
15045 21957
15046 21958
15047 21959
15048 22096
15049 22097
15050 22098
15051 22099
15052 22100
15053 22101
15054 22102
15055 22103
15056 22240
15057 22241
15058 22242
15059 22243
15060 22244
15061 22245
15062 22246
15063 22247
15064 22384
15065 22385
15066 22386
15067 22387
15068 22388
15069 22389
15070 22390
15071 22391
15072 22528
15073 22529
15074 22530
15075 22531
15076 22532
15077 22533
15078 22534
15079 22535
15080 22672
15081 22673
15082 22674
15083 22675
15084 22676
15085 22677
15086 22678
15087 22679
15088 22816
15089 22817
15090 22818
15091 22819
15092 22820
15093 22821
15094 22822
15095 22823
15096 22960
15097 22961
15098 22962
15099 22963
15100 22964
15101 22965
15102 22966
15103 22967
15104 23104
15105 23105
15106 23106
15107 23107
15108 23108
15109 23109
15110 23110
15111 23111
15112 23248
15113 23249
15114 23250
15115 23251
15116 23252
15117 23253
15118 23254
15119 23255
15120 23392
15121 23393
15122 23394
15123 23395
15124 23396
15125 23397
15126 23398
15127 23399
15128 23536
15129 23537
15130 23538
15131 23539
15132 23540
15133 23541
15134 23542
15135 23543
15136 23680
15137 23681
15138 23682
15139 23683
15140 23684
15141 23685
15142 23686
15143 23687
15144 23824
15145 23825
15146 23826
15147 23827
15148 23828
15149 23829
15150 23830
15151 23831
15152 23968
15153 23969
15154 23970
15155 23971
15156 23972
15157 23973
15158 23974
15159 23975
15160 24112
15161 24113
15162 24114
15163 24115
15164 24116
15165 24117
15166 24118
15167 24119
15168 24256
15169 24257
15170 24258
15171 24259
15172 24260
15173 24261
15174 24262
15175 24263
15176 24400
15177 24401
15178 24402
15179 24403
15180 24404
15181 24405
15182 24406
15183 24407
15184 24544
15185 24545
15186 24546
15187 24547
15188 24548
15189 24549
15190 24550
15191 24551
15192 24688
15193 24689
15194 24690
15195 24691
15196 24692
15197 24693
15198 24694
15199 24695
15200 24832
15201 24833
15202 24834
15203 24835
15204 24836
15205 24837
15206 24838
15207 24839
15208 24976
15209 24977
15210 24978
15211 24979
15212 24980
15213 24981
15214 24982
15215 24983
15216 25120
15217 25121
15218 25122
15219 25123
15220 25124
15221 25125
15222 25126
15223 25127
15224 25264
15225 25265
15226 25266
15227 25267
15228 25268
15229 25269
15230 25270
15231 25271
15232 25408
15233 25409
15234 25410
15235 25411
15236 25412
15237 25413
15238 25414
15239 25415
15240 25552
15241 25553
15242 25554
15243 25555
15244 25556
15245 25557
15246 25558
15247 25559
15248 25696
15249 25697
15250 25698
15251 25699
15252 25700
15253 25701
15254 25702
15255 25703
15256 25840
15257 25841
15258 25842
15259 25843
15260 25844
15261 25845
15262 25846
15263 25847
15264 25984
15265 25985
15266 25986
15267 25987
15268 25988
15269 25989
15270 25990
15271 25991
15272 26128
15273 26129
15274 26130
15275 26131
15276 26132
15277 26133
15278 26134
15279 26135
15280 26272
15281 26273
15282 26274
15283 26275
15284 26276
15285 26277
15286 26278
15287 26279
15288 26416
15289 26417
15290 26418
15291 26419
15292 26420
15293 26421
15294 26422
15295 26423
15296 26560
15297 26561
15298 26562
15299 26563
15300 26564
15301 26565
15302 26566
15303 26567
15304 26704
15305 26705
15306 26706
15307 26707
15308 26708
15309 26709
15310 26710
15311 26711
15312 26848
15313 26849
15314 26850
15315 26851
15316 26852
15317 26853
15318 26854
15319 26855
15320 26992
15321 26993
15322 26994
15323 26995
15324 26996
15325 26997
15326 26998
15327 26999
15328 27136
15329 27137
15330 27138
15331 27139
15332 27140
15333 27141
15334 27142
15335 27143
15336 27280
15337 27281
15338 27282
15339 27283
15340 27284
15341 27285
15342 27286
15343 27287
15344 27424
15345 27425
15346 27426
15347 27427
15348 27428
15349 27429
15350 27430
15351 27431
15352 27568
15353 27569
15354 27570
15355 27571
15356 27572
15357 27573
15358 27574
15359 27575
15360 27712
15361 27713
15362 27714
15363 27715
15364 27716
15365 27717
15366 27718
15367 27719
15368 27856
15369 27857
15370 27858
15371 27859
15372 27860
15373 27861
15374 27862
15375 27863
15376 28000
15377 28001
15378 28002
15379 28003
15380 28004
15381 28005
15382 28006
15383 28007
15384 28144
15385 28145
15386 28146
15387 28147
15388 28148
15389 28149
15390 28150
15391 28151
15392 28288
15393 28289
15394 28290
15395 28291
15396 28292
15397 28293
15398 28294
15399 28295
15400 28432
15401 28433
15402 28434
15403 28435
15404 28436
15405 28437
15406 28438
15407 28439
15408 28576
15409 28577
15410 28578
15411 28579
15412 28580
15413 28581
15414 28582
15415 28583
15416 28720
15417 28721
15418 28722
15419 28723
15420 28724
15421 28725
15422 28726
15423 28727
15424 28864
15425 28865
15426 28866
15427 28867
15428 28868
15429 28869
15430 28870
15431 28871
15432 29008
15433 29009
15434 29010
15435 29011
15436 29012
15437 29013
15438 29014
15439 29015
15440 29152
15441 29153
15442 29154
15443 29155
15444 29156
15445 29157
15446 29158
15447 29159
15448 29296
15449 29297
15450 29298
15451 29299
15452 29300
15453 29301
15454 29302
15455 29303
15456 29440
15457 29441
15458 29442
15459 29443
15460 29444
15461 29445
15462 29446
15463 29447
15464 29584
15465 29585
15466 29586
15467 29587
15468 29588
15469 29589
15470 29590
15471 29591
15472 29728
15473 29729
15474 29730
15475 29731
15476 29732
15477 29733
15478 29734
15479 29735
15480 29872
15481 29873
15482 29874
15483 29875
15484 29876
15485 29877
15486 29878
15487 29879
15488 30016
15489 30017
15490 30018
15491 30019
15492 30020
15493 30021
15494 30022
15495 30023
15496 30160
15497 30161
15498 30162
15499 30163
15500 30164
15501 30165
15502 30166
15503 30167
15504 30304
15505 30305
15506 30306
15507 30307
15508 30308
15509 30309
15510 30310
15511 30311
15512 30448
15513 30449
15514 30450
15515 30451
15516 30452
15517 30453
15518 30454
15519 30455
15520 30592
15521 30593
15522 30594
15523 30595
15524 30596
15525 30597
15526 30598
15527 30599
15528 30736
15529 30737
15530 30738
15531 30739
15532 30740
15533 30741
15534 30742
15535 30743
15536 30880
15537 30881
15538 30882
15539 30883
15540 30884
15541 30885
15542 30886
15543 30887
15544 31024
15545 31025
15546 31026
15547 31027
15548 31028
15549 31029
15550 31030
15551 31031
15552 72
15553 73
15554 74
15555 75
15556 76
15557 77
15558 78
15559 79
15560 216
15561 217
15562 218
15563 219
15564 220
15565 221
15566 222
15567 223
15568 360
15569 361
15570 362
15571 363
15572 364
15573 365
15574 366
15575 367
15576 504
15577 505
15578 506
15579 507
15580 508
15581 509
15582 510
15583 511
15584 648
15585 649
15586 650
15587 651
15588 652
15589 653
15590 654
15591 655
15592 792
15593 793
15594 794
15595 795
15596 796
15597 797
15598 798
15599 799
15600 936
15601 937
15602 938
15603 939
15604 940
15605 941
15606 942
15607 943
15608 1080
15609 1081
15610 1082
15611 1083
15612 1084
15613 1085
15614 1086
15615 1087
15616 1224
15617 1225
15618 1226
15619 1227
15620 1228
15621 1229
15622 1230
15623 1231
15624 1368
15625 1369
15626 1370
15627 1371
15628 1372
15629 1373
15630 1374
15631 1375
15632 1512
15633 1513
15634 1514
15635 1515
15636 1516
15637 1517
15638 1518
15639 1519
15640 1656
15641 1657
15642 1658
15643 1659
15644 1660
15645 1661
15646 1662
15647 1663
15648 1800
15649 1801
15650 1802
15651 1803
15652 1804
15653 1805
15654 1806
15655 1807
15656 1944
15657 1945
15658 1946
15659 1947
15660 1948
15661 1949
15662 1950
15663 1951
15664 2088
15665 2089
15666 2090
15667 2091
15668 2092
15669 2093
15670 2094
15671 2095
15672 2232
15673 2233
15674 2234
15675 2235
15676 2236
15677 2237
15678 2238
15679 2239
15680 2376
15681 2377
15682 2378
15683 2379
15684 2380
15685 2381
15686 2382
15687 2383
15688 2520
15689 2521
15690 2522
15691 2523
15692 2524
15693 2525
15694 2526
15695 2527
15696 2664
15697 2665
15698 2666
15699 2667
15700 2668
15701 2669
15702 2670
15703 2671
15704 2808
15705 2809
15706 2810
15707 2811
15708 2812
15709 2813
15710 2814
15711 2815
15712 2952
15713 2953
15714 2954
15715 2955
15716 2956
15717 2957
15718 2958
15719 2959
15720 3096
15721 3097
15722 3098
15723 3099
15724 3100
15725 3101
15726 3102
15727 3103
15728 3240
15729 3241
15730 3242
15731 3243
15732 3244
15733 3245
15734 3246
15735 3247
15736 3384
15737 3385
15738 3386
15739 3387
15740 3388
15741 3389
15742 3390
15743 3391
15744 3528
15745 3529
15746 3530
15747 3531
15748 3532
15749 3533
15750 3534
15751 3535
15752 3672
15753 3673
15754 3674
15755 3675
15756 3676
15757 3677
15758 3678
15759 3679
15760 3816
15761 3817
15762 3818
15763 3819
15764 3820
15765 3821
15766 3822
15767 3823
15768 3960
15769 3961
15770 3962
15771 3963
15772 3964
15773 3965
15774 3966
15775 3967
15776 4104
15777 4105
15778 4106
15779 4107
15780 4108
15781 4109
15782 4110
15783 4111
15784 4248
15785 4249
15786 4250
15787 4251
15788 4252
15789 4253
15790 4254
15791 4255
15792 4392
15793 4393
15794 4394
15795 4395
15796 4396
15797 4397
15798 4398
15799 4399
15800 4536
15801 4537
15802 4538
15803 4539
15804 4540
15805 4541
15806 4542
15807 4543
15808 4680
15809 4681
15810 4682
15811 4683
15812 4684
15813 4685
15814 4686
15815 4687
15816 4824
15817 4825
15818 4826
15819 4827
15820 4828
15821 4829
15822 4830
15823 4831
15824 4968
15825 4969
15826 4970
15827 4971
15828 4972
15829 4973
15830 4974
15831 4975
15832 5112
15833 5113
15834 5114
15835 5115
15836 5116
15837 5117
15838 5118
15839 5119
15840 5256
15841 5257
15842 5258
15843 5259
15844 5260
15845 5261
15846 5262
15847 5263
15848 5400
15849 5401
15850 5402
15851 5403
15852 5404
15853 5405
15854 5406
15855 5407
15856 5544
15857 5545
15858 5546
15859 5547
15860 5548
15861 5549
15862 5550
15863 5551
15864 5688
15865 5689
15866 5690
15867 5691
15868 5692
15869 5693
15870 5694
15871 5695
15872 5832
15873 5833
15874 5834
15875 5835
15876 5836
15877 5837
15878 5838
15879 5839
15880 5976
15881 5977
15882 5978
15883 5979
15884 5980
15885 5981
15886 5982
15887 5983
15888 6120
15889 6121
15890 6122
15891 6123
15892 6124
15893 6125
15894 6126
15895 6127
15896 6264
15897 6265
15898 6266
15899 6267
15900 6268
15901 6269
15902 6270
15903 6271
15904 6408
15905 6409
15906 6410
15907 6411
15908 6412
15909 6413
15910 6414
15911 6415
15912 6552
15913 6553
15914 6554
15915 6555
15916 6556
15917 6557
15918 6558
15919 6559
15920 6696
15921 6697
15922 6698
15923 6699
15924 6700
15925 6701
15926 6702
15927 6703
15928 6840
15929 6841
15930 6842
15931 6843
15932 6844
15933 6845
15934 6846
15935 6847
15936 6984
15937 6985
15938 6986
15939 6987
15940 6988
15941 6989
15942 6990
15943 6991
15944 7128
15945 7129
15946 7130
15947 7131
15948 7132
15949 7133
15950 7134
15951 7135
15952 7272
15953 7273
15954 7274
15955 7275
15956 7276
15957 7277
15958 7278
15959 7279
15960 7416
15961 7417
15962 7418
15963 7419
15964 7420
15965 7421
15966 7422
15967 7423
15968 7560
15969 7561
15970 7562
15971 7563
15972 7564
15973 7565
15974 7566
15975 7567
15976 7704
15977 7705
15978 7706
15979 7707
15980 7708
15981 7709
15982 7710
15983 7711
15984 7848
15985 7849
15986 7850
15987 7851
15988 7852
15989 7853
15990 7854
15991 7855
15992 7992
15993 7993
15994 7994
15995 7995
15996 7996
15997 7997
15998 7998
15999 7999
16000 8136
16001 8137
16002 8138
16003 8139
16004 8140
16005 8141
16006 8142
16007 8143
16008 8280
16009 8281
16010 8282
16011 8283
16012 8284
16013 8285
16014 8286
16015 8287
16016 8424
16017 8425
16018 8426
16019 8427
16020 8428
16021 8429
16022 8430
16023 8431
16024 8568
16025 8569
16026 8570
16027 8571
16028 8572
16029 8573
16030 8574
16031 8575
16032 8712
16033 8713
16034 8714
16035 8715
16036 8716
16037 8717
16038 8718
16039 8719
16040 8856
16041 8857
16042 8858
16043 8859
16044 8860
16045 8861
16046 8862
16047 8863
16048 9000
16049 9001
16050 9002
16051 9003
16052 9004
16053 9005
16054 9006
16055 9007
16056 9144
16057 9145
16058 9146
16059 9147
16060 9148
16061 9149
16062 9150
16063 9151
16064 9288
16065 9289
16066 9290
16067 9291
16068 9292
16069 9293
16070 9294
16071 9295
16072 9432
16073 9433
16074 9434
16075 9435
16076 9436
16077 9437
16078 9438
16079 9439
16080 9576
16081 9577
16082 9578
16083 9579
16084 9580
16085 9581
16086 9582
16087 9583
16088 9720
16089 9721
16090 9722
16091 9723
16092 9724
16093 9725
16094 9726
16095 9727
16096 9864
16097 9865
16098 9866
16099 9867
16100 9868
16101 9869
16102 9870
16103 9871
16104 10008
16105 10009
16106 10010
16107 10011
16108 10012
16109 10013
16110 10014
16111 10015
16112 10152
16113 10153
16114 10154
16115 10155
16116 10156
16117 10157
16118 10158
16119 10159
16120 10296
16121 10297
16122 10298
16123 10299
16124 10300
16125 10301
16126 10302
16127 10303
16128 10440
16129 10441
16130 10442
16131 10443
16132 10444
16133 10445
16134 10446
16135 10447
16136 10584
16137 10585
16138 10586
16139 10587
16140 10588
16141 10589
16142 10590
16143 10591
16144 10728
16145 10729
16146 10730
16147 10731
16148 10732
16149 10733
16150 10734
16151 10735
16152 10872
16153 10873
16154 10874
16155 10875
16156 10876
16157 10877
16158 10878
16159 10879
16160 11016
16161 11017
16162 11018
16163 11019
16164 11020
16165 11021
16166 11022
16167 11023
16168 11160
16169 11161
16170 11162
16171 11163
16172 11164
16173 11165
16174 11166
16175 11167
16176 11304
16177 11305
16178 11306
16179 11307
16180 11308
16181 11309
16182 11310
16183 11311
16184 11448
16185 11449
16186 11450
16187 11451
16188 11452
16189 11453
16190 11454
16191 11455
16192 11592
16193 11593
16194 11594
16195 11595
16196 11596
16197 11597
16198 11598
16199 11599
16200 11736
16201 11737
16202 11738
16203 11739
16204 11740
16205 11741
16206 11742
16207 11743
16208 11880
16209 11881
16210 11882
16211 11883
16212 11884
16213 11885
16214 11886
16215 11887
16216 12024
16217 12025
16218 12026
16219 12027
16220 12028
16221 12029
16222 12030
16223 12031
16224 12168
16225 12169
16226 12170
16227 12171
16228 12172
16229 12173
16230 12174
16231 12175
16232 12312
16233 12313
16234 12314
16235 12315
16236 12316
16237 12317
16238 12318
16239 12319
16240 12456
16241 12457
16242 12458
16243 12459
16244 12460
16245 12461
16246 12462
16247 12463
16248 12600
16249 12601
16250 12602
16251 12603
16252 12604
16253 12605
16254 12606
16255 12607
16256 12744
16257 12745
16258 12746
16259 12747
16260 12748
16261 12749
16262 12750
16263 12751
16264 12888
16265 12889
16266 12890
16267 12891
16268 12892
16269 12893
16270 12894
16271 12895
16272 13032
16273 13033
16274 13034
16275 13035
16276 13036
16277 13037
16278 13038
16279 13039
16280 13176
16281 13177
16282 13178
16283 13179
16284 13180
16285 13181
16286 13182
16287 13183
16288 13320
16289 13321
16290 13322
16291 13323
16292 13324
16293 13325
16294 13326
16295 13327
16296 13464
16297 13465
16298 13466
16299 13467
16300 13468
16301 13469
16302 13470
16303 13471
16304 13608
16305 13609
16306 13610
16307 13611
16308 13612
16309 13613
16310 13614
16311 13615
16312 13752
16313 13753
16314 13754
16315 13755
16316 13756
16317 13757
16318 13758
16319 13759
16320 13896
16321 13897
16322 13898
16323 13899
16324 13900
16325 13901
16326 13902
16327 13903
16328 14040
16329 14041
16330 14042
16331 14043
16332 14044
16333 14045
16334 14046
16335 14047
16336 14184
16337 14185
16338 14186
16339 14187
16340 14188
16341 14189
16342 14190
16343 14191
16344 14328
16345 14329
16346 14330
16347 14331
16348 14332
16349 14333
16350 14334
16351 14335
16352 14472
16353 14473
16354 14474
16355 14475
16356 14476
16357 14477
16358 14478
16359 14479
16360 14616
16361 14617
16362 14618
16363 14619
16364 14620
16365 14621
16366 14622
16367 14623
16368 14760
16369 14761
16370 14762
16371 14763
16372 14764
16373 14765
16374 14766
16375 14767
16376 14904
16377 14905
16378 14906
16379 14907
16380 14908
16381 14909
16382 14910
16383 14911
16384 15048
16385 15049
16386 15050
16387 15051
16388 15052
16389 15053
16390 15054
16391 15055
16392 15192
16393 15193
16394 15194
16395 15195
16396 15196
16397 15197
16398 15198
16399 15199
16400 15336
16401 15337
16402 15338
16403 15339
16404 15340
16405 15341
16406 15342
16407 15343
16408 15480
16409 15481
16410 15482
16411 15483
16412 15484
16413 15485
16414 15486
16415 15487
16416 15624
16417 15625
16418 15626
16419 15627
16420 15628
16421 15629
16422 15630
16423 15631
16424 15768
16425 15769
16426 15770
16427 15771
16428 15772
16429 15773
16430 15774
16431 15775
16432 15912
16433 15913
16434 15914
16435 15915
16436 15916
16437 15917
16438 15918
16439 15919
16440 16056
16441 16057
16442 16058
16443 16059
16444 16060
16445 16061
16446 16062
16447 16063
16448 16200
16449 16201
16450 16202
16451 16203
16452 16204
16453 16205
16454 16206
16455 16207
16456 16344
16457 16345
16458 16346
16459 16347
16460 16348
16461 16349
16462 16350
16463 16351
16464 16488
16465 16489
16466 16490
16467 16491
16468 16492
16469 16493
16470 16494
16471 16495
16472 16632
16473 16633
16474 16634
16475 16635
16476 16636
16477 16637
16478 16638
16479 16639
16480 16776
16481 16777
16482 16778
16483 16779
16484 16780
16485 16781
16486 16782
16487 16783
16488 16920
16489 16921
16490 16922
16491 16923
16492 16924
16493 16925
16494 16926
16495 16927
16496 17064
16497 17065
16498 17066
16499 17067
16500 17068
16501 17069
16502 17070
16503 17071
16504 17208
16505 17209
16506 17210
16507 17211
16508 17212
16509 17213
16510 17214
16511 17215
16512 17352
16513 17353
16514 17354
16515 17355
16516 17356
16517 17357
16518 17358
16519 17359
16520 17496
16521 17497
16522 17498
16523 17499
16524 17500
16525 17501
16526 17502
16527 17503
16528 17640
16529 17641
16530 17642
16531 17643
16532 17644
16533 17645
16534 17646
16535 17647
16536 17784
16537 17785
16538 17786
16539 17787
16540 17788
16541 17789
16542 17790
16543 17791
16544 17928
16545 17929
16546 17930
16547 17931
16548 17932
16549 17933
16550 17934
16551 17935
16552 18072
16553 18073
16554 18074
16555 18075
16556 18076
16557 18077
16558 18078
16559 18079
16560 18216
16561 18217
16562 18218
16563 18219
16564 18220
16565 18221
16566 18222
16567 18223
16568 18360
16569 18361
16570 18362
16571 18363
16572 18364
16573 18365
16574 18366
16575 18367
16576 18504
16577 18505
16578 18506
16579 18507
16580 18508
16581 18509
16582 18510
16583 18511
16584 18648
16585 18649
16586 18650
16587 18651
16588 18652
16589 18653
16590 18654
16591 18655
16592 18792
16593 18793
16594 18794
16595 18795
16596 18796
16597 18797
16598 18798
16599 18799
16600 18936
16601 18937
16602 18938
16603 18939
16604 18940
16605 18941
16606 18942
16607 18943
16608 19080
16609 19081
16610 19082
16611 19083
16612 19084
16613 19085
16614 19086
16615 19087
16616 19224
16617 19225
16618 19226
16619 19227
16620 19228
16621 19229
16622 19230
16623 19231
16624 19368
16625 19369
16626 19370
16627 19371
16628 19372
16629 19373
16630 19374
16631 19375
16632 19512
16633 19513
16634 19514
16635 19515
16636 19516
16637 19517
16638 19518
16639 19519
16640 19656
16641 19657
16642 19658
16643 19659
16644 19660
16645 19661
16646 19662
16647 19663
16648 19800
16649 19801
16650 19802
16651 19803
16652 19804
16653 19805
16654 19806
16655 19807
16656 19944
16657 19945
16658 19946
16659 19947
16660 19948
16661 19949
16662 19950
16663 19951
16664 20088
16665 20089
16666 20090
16667 20091
16668 20092
16669 20093
16670 20094
16671 20095
16672 20232
16673 20233
16674 20234
16675 20235
16676 20236
16677 20237
16678 20238
16679 20239
16680 20376
16681 20377
16682 20378
16683 20379
16684 20380
16685 20381
16686 20382
16687 20383
16688 20520
16689 20521
16690 20522
16691 20523
16692 20524
16693 20525
16694 20526
16695 20527
16696 20664
16697 20665
16698 20666
16699 20667
16700 20668
16701 20669
16702 20670
16703 20671
16704 20808
16705 20809
16706 20810
16707 20811
16708 20812
16709 20813
16710 20814
16711 20815
16712 20952
16713 20953
16714 20954
16715 20955
16716 20956
16717 20957
16718 20958
16719 20959
16720 21096
16721 21097
16722 21098
16723 21099
16724 21100
16725 21101
16726 21102
16727 21103
16728 21240
16729 21241
16730 21242
16731 21243
16732 21244
16733 21245
16734 21246
16735 21247
16736 21384
16737 21385
16738 21386
16739 21387
16740 21388
16741 21389
16742 21390
16743 21391
16744 21528
16745 21529
16746 21530
16747 21531
16748 21532
16749 21533
16750 21534
16751 21535
16752 21672
16753 21673
16754 21674
16755 21675
16756 21676
16757 21677
16758 21678
16759 21679
16760 21816
16761 21817
16762 21818
16763 21819
16764 21820
16765 21821
16766 21822
16767 21823
16768 21960
16769 21961
16770 21962
16771 21963
16772 21964
16773 21965
16774 21966
16775 21967
16776 22104
16777 22105
16778 22106
16779 22107
16780 22108
16781 22109
16782 22110
16783 22111
16784 22248
16785 22249
16786 22250
16787 22251
16788 22252
16789 22253
16790 22254
16791 22255
16792 22392
16793 22393
16794 22394
16795 22395
16796 22396
16797 22397
16798 22398
16799 22399
16800 22536
16801 22537
16802 22538
16803 22539
16804 22540
16805 22541
16806 22542
16807 22543
16808 22680
16809 22681
16810 22682
16811 22683
16812 22684
16813 22685
16814 22686
16815 22687
16816 22824
16817 22825
16818 22826
16819 22827
16820 22828
16821 22829
16822 22830
16823 22831
16824 22968
16825 22969
16826 22970
16827 22971
16828 22972
16829 22973
16830 22974
16831 22975
16832 23112
16833 23113
16834 23114
16835 23115
16836 23116
16837 23117
16838 23118
16839 23119
16840 23256
16841 23257
16842 23258
16843 23259
16844 23260
16845 23261
16846 23262
16847 23263
16848 23400
16849 23401
16850 23402
16851 23403
16852 23404
16853 23405
16854 23406
16855 23407
16856 23544
16857 23545
16858 23546
16859 23547
16860 23548
16861 23549
16862 23550
16863 23551
16864 23688
16865 23689
16866 23690
16867 23691
16868 23692
16869 23693
16870 23694
16871 23695
16872 23832
16873 23833
16874 23834
16875 23835
16876 23836
16877 23837
16878 23838
16879 23839
16880 23976
16881 23977
16882 23978
16883 23979
16884 23980
16885 23981
16886 23982
16887 23983
16888 24120
16889 24121
16890 24122
16891 24123
16892 24124
16893 24125
16894 24126
16895 24127
16896 24264
16897 24265
16898 24266
16899 24267
16900 24268
16901 24269
16902 24270
16903 24271
16904 24408
16905 24409
16906 24410
16907 24411
16908 24412
16909 24413
16910 24414
16911 24415
16912 24552
16913 24553
16914 24554
16915 24555
16916 24556
16917 24557
16918 24558
16919 24559
16920 24696
16921 24697
16922 24698
16923 24699
16924 24700
16925 24701
16926 24702
16927 24703
16928 24840
16929 24841
16930 24842
16931 24843
16932 24844
16933 24845
16934 24846
16935 24847
16936 24984
16937 24985
16938 24986
16939 24987
16940 24988
16941 24989
16942 24990
16943 24991
16944 25128
16945 25129
16946 25130
16947 25131
16948 25132
16949 25133
16950 25134
16951 25135
16952 25272
16953 25273
16954 25274
16955 25275
16956 25276
16957 25277
16958 25278
16959 25279
16960 25416
16961 25417
16962 25418
16963 25419
16964 25420
16965 25421
16966 25422
16967 25423
16968 25560
16969 25561
16970 25562
16971 25563
16972 25564
16973 25565
16974 25566
16975 25567
16976 25704
16977 25705
16978 25706
16979 25707
16980 25708
16981 25709
16982 25710
16983 25711
16984 25848
16985 25849
16986 25850
16987 25851
16988 25852
16989 25853
16990 25854
16991 25855
16992 25992
16993 25993
16994 25994
16995 25995
16996 25996
16997 25997
16998 25998
16999 25999
17000 26136
17001 26137
17002 26138
17003 26139
17004 26140
17005 26141
17006 26142
17007 26143
17008 26280
17009 26281
17010 26282
17011 26283
17012 26284
17013 26285
17014 26286
17015 26287
17016 26424
17017 26425
17018 26426
17019 26427
17020 26428
17021 26429
17022 26430
17023 26431
17024 26568
17025 26569
17026 26570
17027 26571
17028 26572
17029 26573
17030 26574
17031 26575
17032 26712
17033 26713
17034 26714
17035 26715
17036 26716
17037 26717
17038 26718
17039 26719
17040 26856
17041 26857
17042 26858
17043 26859
17044 26860
17045 26861
17046 26862
17047 26863
17048 27000
17049 27001
17050 27002
17051 27003
17052 27004
17053 27005
17054 27006
17055 27007
17056 27144
17057 27145
17058 27146
17059 27147
17060 27148
17061 27149
17062 27150
17063 27151
17064 27288
17065 27289
17066 27290
17067 27291
17068 27292
17069 27293
17070 27294
17071 27295
17072 27432
17073 27433
17074 27434
17075 27435
17076 27436
17077 27437
17078 27438
17079 27439
17080 27576
17081 27577
17082 27578
17083 27579
17084 27580
17085 27581
17086 27582
17087 27583
17088 27720
17089 27721
17090 27722
17091 27723
17092 27724
17093 27725
17094 27726
17095 27727
17096 27864
17097 27865
17098 27866
17099 27867
17100 27868
17101 27869
17102 27870
17103 27871
17104 28008
17105 28009
17106 28010
17107 28011
17108 28012
17109 28013
17110 28014
17111 28015
17112 28152
17113 28153
17114 28154
17115 28155
17116 28156
17117 28157
17118 28158
17119 28159
17120 28296
17121 28297
17122 28298
17123 28299
17124 28300
17125 28301
17126 28302
17127 28303
17128 28440
17129 28441
17130 28442
17131 28443
17132 28444
17133 28445
17134 28446
17135 28447
17136 28584
17137 28585
17138 28586
17139 28587
17140 28588
17141 28589
17142 28590
17143 28591
17144 28728
17145 28729
17146 28730
17147 28731
17148 28732
17149 28733
17150 28734
17151 28735
17152 28872
17153 28873
17154 28874
17155 28875
17156 28876
17157 28877
17158 28878
17159 28879
17160 29016
17161 29017
17162 29018
17163 29019
17164 29020
17165 29021
17166 29022
17167 29023
17168 29160
17169 29161
17170 29162
17171 29163
17172 29164
17173 29165
17174 29166
17175 29167
17176 29304
17177 29305
17178 29306
17179 29307
17180 29308
17181 29309
17182 29310
17183 29311
17184 29448
17185 29449
17186 29450
17187 29451
17188 29452
17189 29453
17190 29454
17191 29455
17192 29592
17193 29593
17194 29594
17195 29595
17196 29596
17197 29597
17198 29598
17199 29599
17200 29736
17201 29737
17202 29738
17203 29739
17204 29740
17205 29741
17206 29742
17207 29743
17208 29880
17209 29881
17210 29882
17211 29883
17212 29884
17213 29885
17214 29886
17215 29887
17216 30024
17217 30025
17218 30026
17219 30027
17220 30028
17221 30029
17222 30030
17223 30031
17224 30168
17225 30169
17226 30170
17227 30171
17228 30172
17229 30173
17230 30174
17231 30175
17232 30312
17233 30313
17234 30314
17235 30315
17236 30316
17237 30317
17238 30318
17239 30319
17240 30456
17241 30457
17242 30458
17243 30459
17244 30460
17245 30461
17246 30462
17247 30463
17248 30600
17249 30601
17250 30602
17251 30603
17252 30604
17253 30605
17254 30606
17255 30607
17256 30744
17257 30745
17258 30746
17259 30747
17260 30748
17261 30749
17262 30750
17263 30751
17264 30888
17265 30889
17266 30890
17267 30891
17268 30892
17269 30893
17270 30894
17271 30895
17272 31032
17273 31033
17274 31034
17275 31035
17276 31036
17277 31037
17278 31038
17279 31039
17280 80
17281 81
17282 82
17283 83
17284 84
17285 85
17286 86
17287 87
17288 224
17289 225
17290 226
17291 227
17292 228
17293 229
17294 230
17295 231
17296 368
17297 369
17298 370
17299 371
17300 372
17301 373
17302 374
17303 375
17304 512
17305 513
17306 514
17307 515
17308 516
17309 517
17310 518
17311 519
17312 656
17313 657
17314 658
17315 659
17316 660
17317 661
17318 662
17319 663
17320 800
17321 801
17322 802
17323 803
17324 804
17325 805
17326 806
17327 807
17328 944
17329 945
17330 946
17331 947
17332 948
17333 949
17334 950
17335 951
17336 1088
17337 1089
17338 1090
17339 1091
17340 1092
17341 1093
17342 1094
17343 1095
17344 1232
17345 1233
17346 1234
17347 1235
17348 1236
17349 1237
17350 1238
17351 1239
17352 1376
17353 1377
17354 1378
17355 1379
17356 1380
17357 1381
17358 1382
17359 1383
17360 1520
17361 1521
17362 1522
17363 1523
17364 1524
17365 1525
17366 1526
17367 1527
17368 1664
17369 1665
17370 1666
17371 1667
17372 1668
17373 1669
17374 1670
17375 1671
17376 1808
17377 1809
17378 1810
17379 1811
17380 1812
17381 1813
17382 1814
17383 1815
17384 1952
17385 1953
17386 1954
17387 1955
17388 1956
17389 1957
17390 1958
17391 1959
17392 2096
17393 2097
17394 2098
17395 2099
17396 2100
17397 2101
17398 2102
17399 2103
17400 2240
17401 2241
17402 2242
17403 2243
17404 2244
17405 2245
17406 2246
17407 2247
17408 2384
17409 2385
17410 2386
17411 2387
17412 2388
17413 2389
17414 2390
17415 2391
17416 2528
17417 2529
17418 2530
17419 2531
17420 2532
17421 2533
17422 2534
17423 2535
17424 2672
17425 2673
17426 2674
17427 2675
17428 2676
17429 2677
17430 2678
17431 2679
17432 2816
17433 2817
17434 2818
17435 2819
17436 2820
17437 2821
17438 2822
17439 2823
17440 2960
17441 2961
17442 2962
17443 2963
17444 2964
17445 2965
17446 2966
17447 2967
17448 3104
17449 3105
17450 3106
17451 3107
17452 3108
17453 3109
17454 3110
17455 3111
17456 3248
17457 3249
17458 3250
17459 3251
17460 3252
17461 3253
17462 3254
17463 3255
17464 3392
17465 3393
17466 3394
17467 3395
17468 3396
17469 3397
17470 3398
17471 3399
17472 3536
17473 3537
17474 3538
17475 3539
17476 3540
17477 3541
17478 3542
17479 3543
17480 3680
17481 3681
17482 3682
17483 3683
17484 3684
17485 3685
17486 3686
17487 3687
17488 3824
17489 3825
17490 3826
17491 3827
17492 3828
17493 3829
17494 3830
17495 3831
17496 3968
17497 3969
17498 3970
17499 3971
17500 3972
17501 3973
17502 3974
17503 3975
17504 4112
17505 4113
17506 4114
17507 4115
17508 4116
17509 4117
17510 4118
17511 4119
17512 4256
17513 4257
17514 4258
17515 4259
17516 4260
17517 4261
17518 4262
17519 4263
17520 4400
17521 4401
17522 4402
17523 4403
17524 4404
17525 4405
17526 4406
17527 4407
17528 4544
17529 4545
17530 4546
17531 4547
17532 4548
17533 4549
17534 4550
17535 4551
17536 4688
17537 4689
17538 4690
17539 4691
17540 4692
17541 4693
17542 4694
17543 4695
17544 4832
17545 4833
17546 4834
17547 4835
17548 4836
17549 4837
17550 4838
17551 4839
17552 4976
17553 4977
17554 4978
17555 4979
17556 4980
17557 4981
17558 4982
17559 4983
17560 5120
17561 5121
17562 5122
17563 5123
17564 5124
17565 5125
17566 5126
17567 5127
17568 5264
17569 5265
17570 5266
17571 5267
17572 5268
17573 5269
17574 5270
17575 5271
17576 5408
17577 5409
17578 5410
17579 5411
17580 5412
17581 5413
17582 5414
17583 5415
17584 5552
17585 5553
17586 5554
17587 5555
17588 5556
17589 5557
17590 5558
17591 5559
17592 5696
17593 5697
17594 5698
17595 5699
17596 5700
17597 5701
17598 5702
17599 5703
17600 5840
17601 5841
17602 5842
17603 5843
17604 5844
17605 5845
17606 5846
17607 5847
17608 5984
17609 5985
17610 5986
17611 5987
17612 5988
17613 5989
17614 5990
17615 5991
17616 6128
17617 6129
17618 6130
17619 6131
17620 6132
17621 6133
17622 6134
17623 6135
17624 6272
17625 6273
17626 6274
17627 6275
17628 6276
17629 6277
17630 6278
17631 6279
17632 6416
17633 6417
17634 6418
17635 6419
17636 6420
17637 6421
17638 6422
17639 6423
17640 6560
17641 6561
17642 6562
17643 6563
17644 6564
17645 6565
17646 6566
17647 6567
17648 6704
17649 6705
17650 6706
17651 6707
17652 6708
17653 6709
17654 6710
17655 6711
17656 6848
17657 6849
17658 6850
17659 6851
17660 6852
17661 6853
17662 6854
17663 6855
17664 6992
17665 6993
17666 6994
17667 6995
17668 6996
17669 6997
17670 6998
17671 6999
17672 7136
17673 7137
17674 7138
17675 7139
17676 7140
17677 7141
17678 7142
17679 7143
17680 7280
17681 7281
17682 7282
17683 7283
17684 7284
17685 7285
17686 7286
17687 7287
17688 7424
17689 7425
17690 7426
17691 7427
17692 7428
17693 7429
17694 7430
17695 7431
17696 7568
17697 7569
17698 7570
17699 7571
17700 7572
17701 7573
17702 7574
17703 7575
17704 7712
17705 7713
17706 7714
17707 7715
17708 7716
17709 7717
17710 7718
17711 7719
17712 7856
17713 7857
17714 7858
17715 7859
17716 7860
17717 7861
17718 7862
17719 7863
17720 8000
17721 8001
17722 8002
17723 8003
17724 8004
17725 8005
17726 8006
17727 8007
17728 8144
17729 8145
17730 8146
17731 8147
17732 8148
17733 8149
17734 8150
17735 8151
17736 8288
17737 8289
17738 8290
17739 8291
17740 8292
17741 8293
17742 8294
17743 8295
17744 8432
17745 8433
17746 8434
17747 8435
17748 8436
17749 8437
17750 8438
17751 8439
17752 8576
17753 8577
17754 8578
17755 8579
17756 8580
17757 8581
17758 8582
17759 8583
17760 8720
17761 8721
17762 8722
17763 8723
17764 8724
17765 8725
17766 8726
17767 8727
17768 8864
17769 8865
17770 8866
17771 8867
17772 8868
17773 8869
17774 8870
17775 8871
17776 9008
17777 9009
17778 9010
17779 9011
17780 9012
17781 9013
17782 9014
17783 9015
17784 9152
17785 9153
17786 9154
17787 9155
17788 9156
17789 9157
17790 9158
17791 9159
17792 9296
17793 9297
17794 9298
17795 9299
17796 9300
17797 9301
17798 9302
17799 9303
17800 9440
17801 9441
17802 9442
17803 9443
17804 9444
17805 9445
17806 9446
17807 9447
17808 9584
17809 9585
17810 9586
17811 9587
17812 9588
17813 9589
17814 9590
17815 9591
17816 9728
17817 9729
17818 9730
17819 9731
17820 9732
17821 9733
17822 9734
17823 9735
17824 9872
17825 9873
17826 9874
17827 9875
17828 9876
17829 9877
17830 9878
17831 9879
17832 10016
17833 10017
17834 10018
17835 10019
17836 10020
17837 10021
17838 10022
17839 10023
17840 10160
17841 10161
17842 10162
17843 10163
17844 10164
17845 10165
17846 10166
17847 10167
17848 10304
17849 10305
17850 10306
17851 10307
17852 10308
17853 10309
17854 10310
17855 10311
17856 10448
17857 10449
17858 10450
17859 10451
17860 10452
17861 10453
17862 10454
17863 10455
17864 10592
17865 10593
17866 10594
17867 10595
17868 10596
17869 10597
17870 10598
17871 10599
17872 10736
17873 10737
17874 10738
17875 10739
17876 10740
17877 10741
17878 10742
17879 10743
17880 10880
17881 10881
17882 10882
17883 10883
17884 10884
17885 10885
17886 10886
17887 10887
17888 11024
17889 11025
17890 11026
17891 11027
17892 11028
17893 11029
17894 11030
17895 11031
17896 11168
17897 11169
17898 11170
17899 11171
17900 11172
17901 11173
17902 11174
17903 11175
17904 11312
17905 11313
17906 11314
17907 11315
17908 11316
17909 11317
17910 11318
17911 11319
17912 11456
17913 11457
17914 11458
17915 11459
17916 11460
17917 11461
17918 11462
17919 11463
17920 11600
17921 11601
17922 11602
17923 11603
17924 11604
17925 11605
17926 11606
17927 11607
17928 11744
17929 11745
17930 11746
17931 11747
17932 11748
17933 11749
17934 11750
17935 11751
17936 11888
17937 11889
17938 11890
17939 11891
17940 11892
17941 11893
17942 11894
17943 11895
17944 12032
17945 12033
17946 12034
17947 12035
17948 12036
17949 12037
17950 12038
17951 12039
17952 12176
17953 12177
17954 12178
17955 12179
17956 12180
17957 12181
17958 12182
17959 12183
17960 12320
17961 12321
17962 12322
17963 12323
17964 12324
17965 12325
17966 12326
17967 12327
17968 12464
17969 12465
17970 12466
17971 12467
17972 12468
17973 12469
17974 12470
17975 12471
17976 12608
17977 12609
17978 12610
17979 12611
17980 12612
17981 12613
17982 12614
17983 12615
17984 12752
17985 12753
17986 12754
17987 12755
17988 12756
17989 12757
17990 12758
17991 12759
17992 12896
17993 12897
17994 12898
17995 12899
17996 12900
17997 12901
17998 12902
17999 12903
18000 13040
18001 13041
18002 13042
18003 13043
18004 13044
18005 13045
18006 13046
18007 13047
18008 13184
18009 13185
18010 13186
18011 13187
18012 13188
18013 13189
18014 13190
18015 13191
18016 13328
18017 13329
18018 13330
18019 13331
18020 13332
18021 13333
18022 13334
18023 13335
18024 13472
18025 13473
18026 13474
18027 13475
18028 13476
18029 13477
18030 13478
18031 13479
18032 13616
18033 13617
18034 13618
18035 13619
18036 13620
18037 13621
18038 13622
18039 13623
18040 13760
18041 13761
18042 13762
18043 13763
18044 13764
18045 13765
18046 13766
18047 13767
18048 13904
18049 13905
18050 13906
18051 13907
18052 13908
18053 13909
18054 13910
18055 13911
18056 14048
18057 14049
18058 14050
18059 14051
18060 14052
18061 14053
18062 14054
18063 14055
18064 14192
18065 14193
18066 14194
18067 14195
18068 14196
18069 14197
18070 14198
18071 14199
18072 14336
18073 14337
18074 14338
18075 14339
18076 14340
18077 14341
18078 14342
18079 14343
18080 14480
18081 14481
18082 14482
18083 14483
18084 14484
18085 14485
18086 14486
18087 14487
18088 14624
18089 14625
18090 14626
18091 14627
18092 14628
18093 14629
18094 14630
18095 14631
18096 14768
18097 14769
18098 14770
18099 14771
18100 14772
18101 14773
18102 14774
18103 14775
18104 14912
18105 14913
18106 14914
18107 14915
18108 14916
18109 14917
18110 14918
18111 14919
18112 15056
18113 15057
18114 15058
18115 15059
18116 15060
18117 15061
18118 15062
18119 15063
18120 15200
18121 15201
18122 15202
18123 15203
18124 15204
18125 15205
18126 15206
18127 15207
18128 15344
18129 15345
18130 15346
18131 15347
18132 15348
18133 15349
18134 15350
18135 15351
18136 15488
18137 15489
18138 15490
18139 15491
18140 15492
18141 15493
18142 15494
18143 15495
18144 15632
18145 15633
18146 15634
18147 15635
18148 15636
18149 15637
18150 15638
18151 15639
18152 15776
18153 15777
18154 15778
18155 15779
18156 15780
18157 15781
18158 15782
18159 15783
18160 15920
18161 15921
18162 15922
18163 15923
18164 15924
18165 15925
18166 15926
18167 15927
18168 16064
18169 16065
18170 16066
18171 16067
18172 16068
18173 16069
18174 16070
18175 16071
18176 16208
18177 16209
18178 16210
18179 16211
18180 16212
18181 16213
18182 16214
18183 16215
18184 16352
18185 16353
18186 16354
18187 16355
18188 16356
18189 16357
18190 16358
18191 16359
18192 16496
18193 16497
18194 16498
18195 16499
18196 16500
18197 16501
18198 16502
18199 16503
18200 16640
18201 16641
18202 16642
18203 16643
18204 16644
18205 16645
18206 16646
18207 16647
18208 16784
18209 16785
18210 16786
18211 16787
18212 16788
18213 16789
18214 16790
18215 16791
18216 16928
18217 16929
18218 16930
18219 16931
18220 16932
18221 16933
18222 16934
18223 16935
18224 17072
18225 17073
18226 17074
18227 17075
18228 17076
18229 17077
18230 17078
18231 17079
18232 17216
18233 17217
18234 17218
18235 17219
18236 17220
18237 17221
18238 17222
18239 17223
18240 17360
18241 17361
18242 17362
18243 17363
18244 17364
18245 17365
18246 17366
18247 17367
18248 17504
18249 17505
18250 17506
18251 17507
18252 17508
18253 17509
18254 17510
18255 17511
18256 17648
18257 17649
18258 17650
18259 17651
18260 17652
18261 17653
18262 17654
18263 17655
18264 17792
18265 17793
18266 17794
18267 17795
18268 17796
18269 17797
18270 17798
18271 17799
18272 17936
18273 17937
18274 17938
18275 17939
18276 17940
18277 17941
18278 17942
18279 17943
18280 18080
18281 18081
18282 18082
18283 18083
18284 18084
18285 18085
18286 18086
18287 18087
18288 18224
18289 18225
18290 18226
18291 18227
18292 18228
18293 18229
18294 18230
18295 18231
18296 18368
18297 18369
18298 18370
18299 18371
18300 18372
18301 18373
18302 18374
18303 18375
18304 18512
18305 18513
18306 18514
18307 18515
18308 18516
18309 18517
18310 18518
18311 18519
18312 18656
18313 18657
18314 18658
18315 18659
18316 18660
18317 18661
18318 18662
18319 18663
18320 18800
18321 18801
18322 18802
18323 18803
18324 18804
18325 18805
18326 18806
18327 18807
18328 18944
18329 18945
18330 18946
18331 18947
18332 18948
18333 18949
18334 18950
18335 18951
18336 19088
18337 19089
18338 19090
18339 19091
18340 19092
18341 19093
18342 19094
18343 19095
18344 19232
18345 19233
18346 19234
18347 19235
18348 19236
18349 19237
18350 19238
18351 19239
18352 19376
18353 19377
18354 19378
18355 19379
18356 19380
18357 19381
18358 19382
18359 19383
18360 19520
18361 19521
18362 19522
18363 19523
18364 19524
18365 19525
18366 19526
18367 19527
18368 19664
18369 19665
18370 19666
18371 19667
18372 19668
18373 19669
18374 19670
18375 19671
18376 19808
18377 19809
18378 19810
18379 19811
18380 19812
18381 19813
18382 19814
18383 19815
18384 19952
18385 19953
18386 19954
18387 19955
18388 19956
18389 19957
18390 19958
18391 19959
18392 20096
18393 20097
18394 20098
18395 20099
18396 20100
18397 20101
18398 20102
18399 20103
18400 20240
18401 20241
18402 20242
18403 20243
18404 20244
18405 20245
18406 20246
18407 20247
18408 20384
18409 20385
18410 20386
18411 20387
18412 20388
18413 20389
18414 20390
18415 20391
18416 20528
18417 20529
18418 20530
18419 20531
18420 20532
18421 20533
18422 20534
18423 20535
18424 20672
18425 20673
18426 20674
18427 20675
18428 20676
18429 20677
18430 20678
18431 20679
18432 20816
18433 20817
18434 20818
18435 20819
18436 20820
18437 20821
18438 20822
18439 20823
18440 20960
18441 20961
18442 20962
18443 20963
18444 20964
18445 20965
18446 20966
18447 20967
18448 21104
18449 21105
18450 21106
18451 21107
18452 21108
18453 21109
18454 21110
18455 21111
18456 21248
18457 21249
18458 21250
18459 21251
18460 21252
18461 21253
18462 21254
18463 21255
18464 21392
18465 21393
18466 21394
18467 21395
18468 21396
18469 21397
18470 21398
18471 21399
18472 21536
18473 21537
18474 21538
18475 21539
18476 21540
18477 21541
18478 21542
18479 21543
18480 21680
18481 21681
18482 21682
18483 21683
18484 21684
18485 21685
18486 21686
18487 21687
18488 21824
18489 21825
18490 21826
18491 21827
18492 21828
18493 21829
18494 21830
18495 21831
18496 21968
18497 21969
18498 21970
18499 21971
18500 21972
18501 21973
18502 21974
18503 21975
18504 22112
18505 22113
18506 22114
18507 22115
18508 22116
18509 22117
18510 22118
18511 22119
18512 22256
18513 22257
18514 22258
18515 22259
18516 22260
18517 22261
18518 22262
18519 22263
18520 22400
18521 22401
18522 22402
18523 22403
18524 22404
18525 22405
18526 22406
18527 22407
18528 22544
18529 22545
18530 22546
18531 22547
18532 22548
18533 22549
18534 22550
18535 22551
18536 22688
18537 22689
18538 22690
18539 22691
18540 22692
18541 22693
18542 22694
18543 22695
18544 22832
18545 22833
18546 22834
18547 22835
18548 22836
18549 22837
18550 22838
18551 22839
18552 22976
18553 22977
18554 22978
18555 22979
18556 22980
18557 22981
18558 22982
18559 22983
18560 23120
18561 23121
18562 23122
18563 23123
18564 23124
18565 23125
18566 23126
18567 23127
18568 23264
18569 23265
18570 23266
18571 23267
18572 23268
18573 23269
18574 23270
18575 23271
18576 23408
18577 23409
18578 23410
18579 23411
18580 23412
18581 23413
18582 23414
18583 23415
18584 23552
18585 23553
18586 23554
18587 23555
18588 23556
18589 23557
18590 23558
18591 23559
18592 23696
18593 23697
18594 23698
18595 23699
18596 23700
18597 23701
18598 23702
18599 23703
18600 23840
18601 23841
18602 23842
18603 23843
18604 23844
18605 23845
18606 23846
18607 23847
18608 23984
18609 23985
18610 23986
18611 23987
18612 23988
18613 23989
18614 23990
18615 23991
18616 24128
18617 24129
18618 24130
18619 24131
18620 24132
18621 24133
18622 24134
18623 24135
18624 24272
18625 24273
18626 24274
18627 24275
18628 24276
18629 24277
18630 24278
18631 24279
18632 24416
18633 24417
18634 24418
18635 24419
18636 24420
18637 24421
18638 24422
18639 24423
18640 24560
18641 24561
18642 24562
18643 24563
18644 24564
18645 24565
18646 24566
18647 24567
18648 24704
18649 24705
18650 24706
18651 24707
18652 24708
18653 24709
18654 24710
18655 24711
18656 24848
18657 24849
18658 24850
18659 24851
18660 24852
18661 24853
18662 24854
18663 24855
18664 24992
18665 24993
18666 24994
18667 24995
18668 24996
18669 24997
18670 24998
18671 24999
18672 25136
18673 25137
18674 25138
18675 25139
18676 25140
18677 25141
18678 25142
18679 25143
18680 25280
18681 25281
18682 25282
18683 25283
18684 25284
18685 25285
18686 25286
18687 25287
18688 25424
18689 25425
18690 25426
18691 25427
18692 25428
18693 25429
18694 25430
18695 25431
18696 25568
18697 25569
18698 25570
18699 25571
18700 25572
18701 25573
18702 25574
18703 25575
18704 25712
18705 25713
18706 25714
18707 25715
18708 25716
18709 25717
18710 25718
18711 25719
18712 25856
18713 25857
18714 25858
18715 25859
18716 25860
18717 25861
18718 25862
18719 25863
18720 26000
18721 26001
18722 26002
18723 26003
18724 26004
18725 26005
18726 26006
18727 26007
18728 26144
18729 26145
18730 26146
18731 26147
18732 26148
18733 26149
18734 26150
18735 26151
18736 26288
18737 26289
18738 26290
18739 26291
18740 26292
18741 26293
18742 26294
18743 26295
18744 26432
18745 26433
18746 26434
18747 26435
18748 26436
18749 26437
18750 26438
18751 26439
18752 26576
18753 26577
18754 26578
18755 26579
18756 26580
18757 26581
18758 26582
18759 26583
18760 26720
18761 26721
18762 26722
18763 26723
18764 26724
18765 26725
18766 26726
18767 26727
18768 26864
18769 26865
18770 26866
18771 26867
18772 26868
18773 26869
18774 26870
18775 26871
18776 27008
18777 27009
18778 27010
18779 27011
18780 27012
18781 27013
18782 27014
18783 27015
18784 27152
18785 27153
18786 27154
18787 27155
18788 27156
18789 27157
18790 27158
18791 27159
18792 27296
18793 27297
18794 27298
18795 27299
18796 27300
18797 27301
18798 27302
18799 27303
18800 27440
18801 27441
18802 27442
18803 27443
18804 27444
18805 27445
18806 27446
18807 27447
18808 27584
18809 27585
18810 27586
18811 27587
18812 27588
18813 27589
18814 27590
18815 27591
18816 27728
18817 27729
18818 27730
18819 27731
18820 27732
18821 27733
18822 27734
18823 27735
18824 27872
18825 27873
18826 27874
18827 27875
18828 27876
18829 27877
18830 27878
18831 27879
18832 28016
18833 28017
18834 28018
18835 28019
18836 28020
18837 28021
18838 28022
18839 28023
18840 28160
18841 28161
18842 28162
18843 28163
18844 28164
18845 28165
18846 28166
18847 28167
18848 28304
18849 28305
18850 28306
18851 28307
18852 28308
18853 28309
18854 28310
18855 28311
18856 28448
18857 28449
18858 28450
18859 28451
18860 28452
18861 28453
18862 28454
18863 28455
18864 28592
18865 28593
18866 28594
18867 28595
18868 28596
18869 28597
18870 28598
18871 28599
18872 28736
18873 28737
18874 28738
18875 28739
18876 28740
18877 28741
18878 28742
18879 28743
18880 28880
18881 28881
18882 28882
18883 28883
18884 28884
18885 28885
18886 28886
18887 28887
18888 29024
18889 29025
18890 29026
18891 29027
18892 29028
18893 29029
18894 29030
18895 29031
18896 29168
18897 29169
18898 29170
18899 29171
18900 29172
18901 29173
18902 29174
18903 29175
18904 29312
18905 29313
18906 29314
18907 29315
18908 29316
18909 29317
18910 29318
18911 29319
18912 29456
18913 29457
18914 29458
18915 29459
18916 29460
18917 29461
18918 29462
18919 29463
18920 29600
18921 29601
18922 29602
18923 29603
18924 29604
18925 29605
18926 29606
18927 29607
18928 29744
18929 29745
18930 29746
18931 29747
18932 29748
18933 29749
18934 29750
18935 29751
18936 29888
18937 29889
18938 29890
18939 29891
18940 29892
18941 29893
18942 29894
18943 29895
18944 30032
18945 30033
18946 30034
18947 30035
18948 30036
18949 30037
18950 30038
18951 30039
18952 30176
18953 30177
18954 30178
18955 30179
18956 30180
18957 30181
18958 30182
18959 30183
18960 30320
18961 30321
18962 30322
18963 30323
18964 30324
18965 30325
18966 30326
18967 30327
18968 30464
18969 30465
18970 30466
18971 30467
18972 30468
18973 30469
18974 30470
18975 30471
18976 30608
18977 30609
18978 30610
18979 30611
18980 30612
18981 30613
18982 30614
18983 30615
18984 30752
18985 30753
18986 30754
18987 30755
18988 30756
18989 30757
18990 30758
18991 30759
18992 30896
18993 30897
18994 30898
18995 30899
18996 30900
18997 30901
18998 30902
18999 30903
19000 31040
19001 31041
19002 31042
19003 31043
19004 31044
19005 31045
19006 31046
19007 31047
19008 88
19009 89
19010 90
19011 91
19012 92
19013 93
19014 94
19015 95
19016 232
19017 233
19018 234
19019 235
19020 236
19021 237
19022 238
19023 239
19024 376
19025 377
19026 378
19027 379
19028 380
19029 381
19030 382
19031 383
19032 520
19033 521
19034 522
19035 523
19036 524
19037 525
19038 526
19039 527
19040 664
19041 665
19042 666
19043 667
19044 668
19045 669
19046 670
19047 671
19048 808
19049 809
19050 810
19051 811
19052 812
19053 813
19054 814
19055 815
19056 952
19057 953
19058 954
19059 955
19060 956
19061 957
19062 958
19063 959
19064 1096
19065 1097
19066 1098
19067 1099
19068 1100
19069 1101
19070 1102
19071 1103
19072 1240
19073 1241
19074 1242
19075 1243
19076 1244
19077 1245
19078 1246
19079 1247
19080 1384
19081 1385
19082 1386
19083 1387
19084 1388
19085 1389
19086 1390
19087 1391
19088 1528
19089 1529
19090 1530
19091 1531
19092 1532
19093 1533
19094 1534
19095 1535
19096 1672
19097 1673
19098 1674
19099 1675
19100 1676
19101 1677
19102 1678
19103 1679
19104 1816
19105 1817
19106 1818
19107 1819
19108 1820
19109 1821
19110 1822
19111 1823
19112 1960
19113 1961
19114 1962
19115 1963
19116 1964
19117 1965
19118 1966
19119 1967
19120 2104
19121 2105
19122 2106
19123 2107
19124 2108
19125 2109
19126 2110
19127 2111
19128 2248
19129 2249
19130 2250
19131 2251
19132 2252
19133 2253
19134 2254
19135 2255
19136 2392
19137 2393
19138 2394
19139 2395
19140 2396
19141 2397
19142 2398
19143 2399
19144 2536
19145 2537
19146 2538
19147 2539
19148 2540
19149 2541
19150 2542
19151 2543
19152 2680
19153 2681
19154 2682
19155 2683
19156 2684
19157 2685
19158 2686
19159 2687
19160 2824
19161 2825
19162 2826
19163 2827
19164 2828
19165 2829
19166 2830
19167 2831
19168 2968
19169 2969
19170 2970
19171 2971
19172 2972
19173 2973
19174 2974
19175 2975
19176 3112
19177 3113
19178 3114
19179 3115
19180 3116
19181 3117
19182 3118
19183 3119
19184 3256
19185 3257
19186 3258
19187 3259
19188 3260
19189 3261
19190 3262
19191 3263
19192 3400
19193 3401
19194 3402
19195 3403
19196 3404
19197 3405
19198 3406
19199 3407
19200 3544
19201 3545
19202 3546
19203 3547
19204 3548
19205 3549
19206 3550
19207 3551
19208 3688
19209 3689
19210 3690
19211 3691
19212 3692
19213 3693
19214 3694
19215 3695
19216 3832
19217 3833
19218 3834
19219 3835
19220 3836
19221 3837
19222 3838
19223 3839
19224 3976
19225 3977
19226 3978
19227 3979
19228 3980
19229 3981
19230 3982
19231 3983
19232 4120
19233 4121
19234 4122
19235 4123
19236 4124
19237 4125
19238 4126
19239 4127
19240 4264
19241 4265
19242 4266
19243 4267
19244 4268
19245 4269
19246 4270
19247 4271
19248 4408
19249 4409
19250 4410
19251 4411
19252 4412
19253 4413
19254 4414
19255 4415
19256 4552
19257 4553
19258 4554
19259 4555
19260 4556
19261 4557
19262 4558
19263 4559
19264 4696
19265 4697
19266 4698
19267 4699
19268 4700
19269 4701
19270 4702
19271 4703
19272 4840
19273 4841
19274 4842
19275 4843
19276 4844
19277 4845
19278 4846
19279 4847
19280 4984
19281 4985
19282 4986
19283 4987
19284 4988
19285 4989
19286 4990
19287 4991
19288 5128
19289 5129
19290 5130
19291 5131
19292 5132
19293 5133
19294 5134
19295 5135
19296 5272
19297 5273
19298 5274
19299 5275
19300 5276
19301 5277
19302 5278
19303 5279
19304 5416
19305 5417
19306 5418
19307 5419
19308 5420
19309 5421
19310 5422
19311 5423
19312 5560
19313 5561
19314 5562
19315 5563
19316 5564
19317 5565
19318 5566
19319 5567
19320 5704
19321 5705
19322 5706
19323 5707
19324 5708
19325 5709
19326 5710
19327 5711
19328 5848
19329 5849
19330 5850
19331 5851
19332 5852
19333 5853
19334 5854
19335 5855
19336 5992
19337 5993
19338 5994
19339 5995
19340 5996
19341 5997
19342 5998
19343 5999
19344 6136
19345 6137
19346 6138
19347 6139
19348 6140
19349 6141
19350 6142
19351 6143
19352 6280
19353 6281
19354 6282
19355 6283
19356 6284
19357 6285
19358 6286
19359 6287
19360 6424
19361 6425
19362 6426
19363 6427
19364 6428
19365 6429
19366 6430
19367 6431
19368 6568
19369 6569
19370 6570
19371 6571
19372 6572
19373 6573
19374 6574
19375 6575
19376 6712
19377 6713
19378 6714
19379 6715
19380 6716
19381 6717
19382 6718
19383 6719
19384 6856
19385 6857
19386 6858
19387 6859
19388 6860
19389 6861
19390 6862
19391 6863
19392 7000
19393 7001
19394 7002
19395 7003
19396 7004
19397 7005
19398 7006
19399 7007
19400 7144
19401 7145
19402 7146
19403 7147
19404 7148
19405 7149
19406 7150
19407 7151
19408 7288
19409 7289
19410 7290
19411 7291
19412 7292
19413 7293
19414 7294
19415 7295
19416 7432
19417 7433
19418 7434
19419 7435
19420 7436
19421 7437
19422 7438
19423 7439
19424 7576
19425 7577
19426 7578
19427 7579
19428 7580
19429 7581
19430 7582
19431 7583
19432 7720
19433 7721
19434 7722
19435 7723
19436 7724
19437 7725
19438 7726
19439 7727
19440 7864
19441 7865
19442 7866
19443 7867
19444 7868
19445 7869
19446 7870
19447 7871
19448 8008
19449 8009
19450 8010
19451 8011
19452 8012
19453 8013
19454 8014
19455 8015
19456 8152
19457 8153
19458 8154
19459 8155
19460 8156
19461 8157
19462 8158
19463 8159
19464 8296
19465 8297
19466 8298
19467 8299
19468 8300
19469 8301
19470 8302
19471 8303
19472 8440
19473 8441
19474 8442
19475 8443
19476 8444
19477 8445
19478 8446
19479 8447
19480 8584
19481 8585
19482 8586
19483 8587
19484 8588
19485 8589
19486 8590
19487 8591
19488 8728
19489 8729
19490 8730
19491 8731
19492 8732
19493 8733
19494 8734
19495 8735
19496 8872
19497 8873
19498 8874
19499 8875
19500 8876
19501 8877
19502 8878
19503 8879
19504 9016
19505 9017
19506 9018
19507 9019
19508 9020
19509 9021
19510 9022
19511 9023
19512 9160
19513 9161
19514 9162
19515 9163
19516 9164
19517 9165
19518 9166
19519 9167
19520 9304
19521 9305
19522 9306
19523 9307
19524 9308
19525 9309
19526 9310
19527 9311
19528 9448
19529 9449
19530 9450
19531 9451
19532 9452
19533 9453
19534 9454
19535 9455
19536 9592
19537 9593
19538 9594
19539 9595
19540 9596
19541 9597
19542 9598
19543 9599
19544 9736
19545 9737
19546 9738
19547 9739
19548 9740
19549 9741
19550 9742
19551 9743
19552 9880
19553 9881
19554 9882
19555 9883
19556 9884
19557 9885
19558 9886
19559 9887
19560 10024
19561 10025
19562 10026
19563 10027
19564 10028
19565 10029
19566 10030
19567 10031
19568 10168
19569 10169
19570 10170
19571 10171
19572 10172
19573 10173
19574 10174
19575 10175
19576 10312
19577 10313
19578 10314
19579 10315
19580 10316
19581 10317
19582 10318
19583 10319
19584 10456
19585 10457
19586 10458
19587 10459
19588 10460
19589 10461
19590 10462
19591 10463
19592 10600
19593 10601
19594 10602
19595 10603
19596 10604
19597 10605
19598 10606
19599 10607
19600 10744
19601 10745
19602 10746
19603 10747
19604 10748
19605 10749
19606 10750
19607 10751
19608 10888
19609 10889
19610 10890
19611 10891
19612 10892
19613 10893
19614 10894
19615 10895
19616 11032
19617 11033
19618 11034
19619 11035
19620 11036
19621 11037
19622 11038
19623 11039
19624 11176
19625 11177
19626 11178
19627 11179
19628 11180
19629 11181
19630 11182
19631 11183
19632 11320
19633 11321
19634 11322
19635 11323
19636 11324
19637 11325
19638 11326
19639 11327
19640 11464
19641 11465
19642 11466
19643 11467
19644 11468
19645 11469
19646 11470
19647 11471
19648 11608
19649 11609
19650 11610
19651 11611
19652 11612
19653 11613
19654 11614
19655 11615
19656 11752
19657 11753
19658 11754
19659 11755
19660 11756
19661 11757
19662 11758
19663 11759
19664 11896
19665 11897
19666 11898
19667 11899
19668 11900
19669 11901
19670 11902
19671 11903
19672 12040
19673 12041
19674 12042
19675 12043
19676 12044
19677 12045
19678 12046
19679 12047
19680 12184
19681 12185
19682 12186
19683 12187
19684 12188
19685 12189
19686 12190
19687 12191
19688 12328
19689 12329
19690 12330
19691 12331
19692 12332
19693 12333
19694 12334
19695 12335
19696 12472
19697 12473
19698 12474
19699 12475
19700 12476
19701 12477
19702 12478
19703 12479
19704 12616
19705 12617
19706 12618
19707 12619
19708 12620
19709 12621
19710 12622
19711 12623
19712 12760
19713 12761
19714 12762
19715 12763
19716 12764
19717 12765
19718 12766
19719 12767
19720 12904
19721 12905
19722 12906
19723 12907
19724 12908
19725 12909
19726 12910
19727 12911
19728 13048
19729 13049
19730 13050
19731 13051
19732 13052
19733 13053
19734 13054
19735 13055
19736 13192
19737 13193
19738 13194
19739 13195
19740 13196
19741 13197
19742 13198
19743 13199
19744 13336
19745 13337
19746 13338
19747 13339
19748 13340
19749 13341
19750 13342
19751 13343
19752 13480
19753 13481
19754 13482
19755 13483
19756 13484
19757 13485
19758 13486
19759 13487
19760 13624
19761 13625
19762 13626
19763 13627
19764 13628
19765 13629
19766 13630
19767 13631
19768 13768
19769 13769
19770 13770
19771 13771
19772 13772
19773 13773
19774 13774
19775 13775
19776 13912
19777 13913
19778 13914
19779 13915
19780 13916
19781 13917
19782 13918
19783 13919
19784 14056
19785 14057
19786 14058
19787 14059
19788 14060
19789 14061
19790 14062
19791 14063
19792 14200
19793 14201
19794 14202
19795 14203
19796 14204
19797 14205
19798 14206
19799 14207
19800 14344
19801 14345
19802 14346
19803 14347
19804 14348
19805 14349
19806 14350
19807 14351
19808 14488
19809 14489
19810 14490
19811 14491
19812 14492
19813 14493
19814 14494
19815 14495
19816 14632
19817 14633
19818 14634
19819 14635
19820 14636
19821 14637
19822 14638
19823 14639
19824 14776
19825 14777
19826 14778
19827 14779
19828 14780
19829 14781
19830 14782
19831 14783
19832 14920
19833 14921
19834 14922
19835 14923
19836 14924
19837 14925
19838 14926
19839 14927
19840 15064
19841 15065
19842 15066
19843 15067
19844 15068
19845 15069
19846 15070
19847 15071
19848 15208
19849 15209
19850 15210
19851 15211
19852 15212
19853 15213
19854 15214
19855 15215
19856 15352
19857 15353
19858 15354
19859 15355
19860 15356
19861 15357
19862 15358
19863 15359
19864 15496
19865 15497
19866 15498
19867 15499
19868 15500
19869 15501
19870 15502
19871 15503
19872 15640
19873 15641
19874 15642
19875 15643
19876 15644
19877 15645
19878 15646
19879 15647
19880 15784
19881 15785
19882 15786
19883 15787
19884 15788
19885 15789
19886 15790
19887 15791
19888 15928
19889 15929
19890 15930
19891 15931
19892 15932
19893 15933
19894 15934
19895 15935
19896 16072
19897 16073
19898 16074
19899 16075
19900 16076
19901 16077
19902 16078
19903 16079
19904 16216
19905 16217
19906 16218
19907 16219
19908 16220
19909 16221
19910 16222
19911 16223
19912 16360
19913 16361
19914 16362
19915 16363
19916 16364
19917 16365
19918 16366
19919 16367
19920 16504
19921 16505
19922 16506
19923 16507
19924 16508
19925 16509
19926 16510
19927 16511
19928 16648
19929 16649
19930 16650
19931 16651
19932 16652
19933 16653
19934 16654
19935 16655
19936 16792
19937 16793
19938 16794
19939 16795
19940 16796
19941 16797
19942 16798
19943 16799
19944 16936
19945 16937
19946 16938
19947 16939
19948 16940
19949 16941
19950 16942
19951 16943
19952 17080
19953 17081
19954 17082
19955 17083
19956 17084
19957 17085
19958 17086
19959 17087
19960 17224
19961 17225
19962 17226
19963 17227
19964 17228
19965 17229
19966 17230
19967 17231
19968 17368
19969 17369
19970 17370
19971 17371
19972 17372
19973 17373
19974 17374
19975 17375
19976 17512
19977 17513
19978 17514
19979 17515
19980 17516
19981 17517
19982 17518
19983 17519
19984 17656
19985 17657
19986 17658
19987 17659
19988 17660
19989 17661
19990 17662
19991 17663
19992 17800
19993 17801
19994 17802
19995 17803
19996 17804
19997 17805
19998 17806
19999 17807
20000 17944
20001 17945
20002 17946
20003 17947
20004 17948
20005 17949
20006 17950
20007 17951
20008 18088
20009 18089
20010 18090
20011 18091
20012 18092
20013 18093
20014 18094
20015 18095
20016 18232
20017 18233
20018 18234
20019 18235
20020 18236
20021 18237
20022 18238
20023 18239
20024 18376
20025 18377
20026 18378
20027 18379
20028 18380
20029 18381
20030 18382
20031 18383
20032 18520
20033 18521
20034 18522
20035 18523
20036 18524
20037 18525
20038 18526
20039 18527
20040 18664
20041 18665
20042 18666
20043 18667
20044 18668
20045 18669
20046 18670
20047 18671
20048 18808
20049 18809
20050 18810
20051 18811
20052 18812
20053 18813
20054 18814
20055 18815
20056 18952
20057 18953
20058 18954
20059 18955
20060 18956
20061 18957
20062 18958
20063 18959
20064 19096
20065 19097
20066 19098
20067 19099
20068 19100
20069 19101
20070 19102
20071 19103
20072 19240
20073 19241
20074 19242
20075 19243
20076 19244
20077 19245
20078 19246
20079 19247
20080 19384
20081 19385
20082 19386
20083 19387
20084 19388
20085 19389
20086 19390
20087 19391
20088 19528
20089 19529
20090 19530
20091 19531
20092 19532
20093 19533
20094 19534
20095 19535
20096 19672
20097 19673
20098 19674
20099 19675
20100 19676
20101 19677
20102 19678
20103 19679
20104 19816
20105 19817
20106 19818
20107 19819
20108 19820
20109 19821
20110 19822
20111 19823
20112 19960
20113 19961
20114 19962
20115 19963
20116 19964
20117 19965
20118 19966
20119 19967
20120 20104
20121 20105
20122 20106
20123 20107
20124 20108
20125 20109
20126 20110
20127 20111
20128 20248
20129 20249
20130 20250
20131 20251
20132 20252
20133 20253
20134 20254
20135 20255
20136 20392
20137 20393
20138 20394
20139 20395
20140 20396
20141 20397
20142 20398
20143 20399
20144 20536
20145 20537
20146 20538
20147 20539
20148 20540
20149 20541
20150 20542
20151 20543
20152 20680
20153 20681
20154 20682
20155 20683
20156 20684
20157 20685
20158 20686
20159 20687
20160 20824
20161 20825
20162 20826
20163 20827
20164 20828
20165 20829
20166 20830
20167 20831
20168 20968
20169 20969
20170 20970
20171 20971
20172 20972
20173 20973
20174 20974
20175 20975
20176 21112
20177 21113
20178 21114
20179 21115
20180 21116
20181 21117
20182 21118
20183 21119
20184 21256
20185 21257
20186 21258
20187 21259
20188 21260
20189 21261
20190 21262
20191 21263
20192 21400
20193 21401
20194 21402
20195 21403
20196 21404
20197 21405
20198 21406
20199 21407
20200 21544
20201 21545
20202 21546
20203 21547
20204 21548
20205 21549
20206 21550
20207 21551
20208 21688
20209 21689
20210 21690
20211 21691
20212 21692
20213 21693
20214 21694
20215 21695
20216 21832
20217 21833
20218 21834
20219 21835
20220 21836
20221 21837
20222 21838
20223 21839
20224 21976
20225 21977
20226 21978
20227 21979
20228 21980
20229 21981
20230 21982
20231 21983
20232 22120
20233 22121
20234 22122
20235 22123
20236 22124
20237 22125
20238 22126
20239 22127
20240 22264
20241 22265
20242 22266
20243 22267
20244 22268
20245 22269
20246 22270
20247 22271
20248 22408
20249 22409
20250 22410
20251 22411
20252 22412
20253 22413
20254 22414
20255 22415
20256 22552
20257 22553
20258 22554
20259 22555
20260 22556
20261 22557
20262 22558
20263 22559
20264 22696
20265 22697
20266 22698
20267 22699
20268 22700
20269 22701
20270 22702
20271 22703
20272 22840
20273 22841
20274 22842
20275 22843
20276 22844
20277 22845
20278 22846
20279 22847
20280 22984
20281 22985
20282 22986
20283 22987
20284 22988
20285 22989
20286 22990
20287 22991
20288 23128
20289 23129
20290 23130
20291 23131
20292 23132
20293 23133
20294 23134
20295 23135
20296 23272
20297 23273
20298 23274
20299 23275
20300 23276
20301 23277
20302 23278
20303 23279
20304 23416
20305 23417
20306 23418
20307 23419
20308 23420
20309 23421
20310 23422
20311 23423
20312 23560
20313 23561
20314 23562
20315 23563
20316 23564
20317 23565
20318 23566
20319 23567
20320 23704
20321 23705
20322 23706
20323 23707
20324 23708
20325 23709
20326 23710
20327 23711
20328 23848
20329 23849
20330 23850
20331 23851
20332 23852
20333 23853
20334 23854
20335 23855
20336 23992
20337 23993
20338 23994
20339 23995
20340 23996
20341 23997
20342 23998
20343 23999
20344 24136
20345 24137
20346 24138
20347 24139
20348 24140
20349 24141
20350 24142
20351 24143
20352 24280
20353 24281
20354 24282
20355 24283
20356 24284
20357 24285
20358 24286
20359 24287
20360 24424
20361 24425
20362 24426
20363 24427
20364 24428
20365 24429
20366 24430
20367 24431
20368 24568
20369 24569
20370 24570
20371 24571
20372 24572
20373 24573
20374 24574
20375 24575
20376 24712
20377 24713
20378 24714
20379 24715
20380 24716
20381 24717
20382 24718
20383 24719
20384 24856
20385 24857
20386 24858
20387 24859
20388 24860
20389 24861
20390 24862
20391 24863
20392 25000
20393 25001
20394 25002
20395 25003
20396 25004
20397 25005
20398 25006
20399 25007
20400 25144
20401 25145
20402 25146
20403 25147
20404 25148
20405 25149
20406 25150
20407 25151
20408 25288
20409 25289
20410 25290
20411 25291
20412 25292
20413 25293
20414 25294
20415 25295
20416 25432
20417 25433
20418 25434
20419 25435
20420 25436
20421 25437
20422 25438
20423 25439
20424 25576
20425 25577
20426 25578
20427 25579
20428 25580
20429 25581
20430 25582
20431 25583
20432 25720
20433 25721
20434 25722
20435 25723
20436 25724
20437 25725
20438 25726
20439 25727
20440 25864
20441 25865
20442 25866
20443 25867
20444 25868
20445 25869
20446 25870
20447 25871
20448 26008
20449 26009
20450 26010
20451 26011
20452 26012
20453 26013
20454 26014
20455 26015
20456 26152
20457 26153
20458 26154
20459 26155
20460 26156
20461 26157
20462 26158
20463 26159
20464 26296
20465 26297
20466 26298
20467 26299
20468 26300
20469 26301
20470 26302
20471 26303
20472 26440
20473 26441
20474 26442
20475 26443
20476 26444
20477 26445
20478 26446
20479 26447
20480 26584
20481 26585
20482 26586
20483 26587
20484 26588
20485 26589
20486 26590
20487 26591
20488 26728
20489 26729
20490 26730
20491 26731
20492 26732
20493 26733
20494 26734
20495 26735
20496 26872
20497 26873
20498 26874
20499 26875
20500 26876
20501 26877
20502 26878
20503 26879
20504 27016
20505 27017
20506 27018
20507 27019
20508 27020
20509 27021
20510 27022
20511 27023
20512 27160
20513 27161
20514 27162
20515 27163
20516 27164
20517 27165
20518 27166
20519 27167
20520 27304
20521 27305
20522 27306
20523 27307
20524 27308
20525 27309
20526 27310
20527 27311
20528 27448
20529 27449
20530 27450
20531 27451
20532 27452
20533 27453
20534 27454
20535 27455
20536 27592
20537 27593
20538 27594
20539 27595
20540 27596
20541 27597
20542 27598
20543 27599
20544 27736
20545 27737
20546 27738
20547 27739
20548 27740
20549 27741
20550 27742
20551 27743
20552 27880
20553 27881
20554 27882
20555 27883
20556 27884
20557 27885
20558 27886
20559 27887
20560 28024
20561 28025
20562 28026
20563 28027
20564 28028
20565 28029
20566 28030
20567 28031
20568 28168
20569 28169
20570 28170
20571 28171
20572 28172
20573 28173
20574 28174
20575 28175
20576 28312
20577 28313
20578 28314
20579 28315
20580 28316
20581 28317
20582 28318
20583 28319
20584 28456
20585 28457
20586 28458
20587 28459
20588 28460
20589 28461
20590 28462
20591 28463
20592 28600
20593 28601
20594 28602
20595 28603
20596 28604
20597 28605
20598 28606
20599 28607
20600 28744
20601 28745
20602 28746
20603 28747
20604 28748
20605 28749
20606 28750
20607 28751
20608 28888
20609 28889
20610 28890
20611 28891
20612 28892
20613 28893
20614 28894
20615 28895
20616 29032
20617 29033
20618 29034
20619 29035
20620 29036
20621 29037
20622 29038
20623 29039
20624 29176
20625 29177
20626 29178
20627 29179
20628 29180
20629 29181
20630 29182
20631 29183
20632 29320
20633 29321
20634 29322
20635 29323
20636 29324
20637 29325
20638 29326
20639 29327
20640 29464
20641 29465
20642 29466
20643 29467
20644 29468
20645 29469
20646 29470
20647 29471
20648 29608
20649 29609
20650 29610
20651 29611
20652 29612
20653 29613
20654 29614
20655 29615
20656 29752
20657 29753
20658 29754
20659 29755
20660 29756
20661 29757
20662 29758
20663 29759
20664 29896
20665 29897
20666 29898
20667 29899
20668 29900
20669 29901
20670 29902
20671 29903
20672 30040
20673 30041
20674 30042
20675 30043
20676 30044
20677 30045
20678 30046
20679 30047
20680 30184
20681 30185
20682 30186
20683 30187
20684 30188
20685 30189
20686 30190
20687 30191
20688 30328
20689 30329
20690 30330
20691 30331
20692 30332
20693 30333
20694 30334
20695 30335
20696 30472
20697 30473
20698 30474
20699 30475
20700 30476
20701 30477
20702 30478
20703 30479
20704 30616
20705 30617
20706 30618
20707 30619
20708 30620
20709 30621
20710 30622
20711 30623
20712 30760
20713 30761
20714 30762
20715 30763
20716 30764
20717 30765
20718 30766
20719 30767
20720 30904
20721 30905
20722 30906
20723 30907
20724 30908
20725 30909
20726 30910
20727 30911
20728 31048
20729 31049
20730 31050
20731 31051
20732 31052
20733 31053
20734 31054
20735 31055
20736 96
20737 97
20738 98
20739 99
20740 100
20741 101
20742 102
20743 103
20744 240
20745 241
20746 242
20747 243
20748 244
20749 245
20750 246
20751 247
20752 384
20753 385
20754 386
20755 387
20756 388
20757 389
20758 390
20759 391
20760 528
20761 529
20762 530
20763 531
20764 532
20765 533
20766 534
20767 535
20768 672
20769 673
20770 674
20771 675
20772 676
20773 677
20774 678
20775 679
20776 816
20777 817
20778 818
20779 819
20780 820
20781 821
20782 822
20783 823
20784 960
20785 961
20786 962
20787 963
20788 964
20789 965
20790 966
20791 967
20792 1104
20793 1105
20794 1106
20795 1107
20796 1108
20797 1109
20798 1110
20799 1111
20800 1248
20801 1249
20802 1250
20803 1251
20804 1252
20805 1253
20806 1254
20807 1255
20808 1392
20809 1393
20810 1394
20811 1395
20812 1396
20813 1397
20814 1398
20815 1399
20816 1536
20817 1537
20818 1538
20819 1539
20820 1540
20821 1541
20822 1542
20823 1543
20824 1680
20825 1681
20826 1682
20827 1683
20828 1684
20829 1685
20830 1686
20831 1687
20832 1824
20833 1825
20834 1826
20835 1827
20836 1828
20837 1829
20838 1830
20839 1831
20840 1968
20841 1969
20842 1970
20843 1971
20844 1972
20845 1973
20846 1974
20847 1975
20848 2112
20849 2113
20850 2114
20851 2115
20852 2116
20853 2117
20854 2118
20855 2119
20856 2256
20857 2257
20858 2258
20859 2259
20860 2260
20861 2261
20862 2262
20863 2263
20864 2400
20865 2401
20866 2402
20867 2403
20868 2404
20869 2405
20870 2406
20871 2407
20872 2544
20873 2545
20874 2546
20875 2547
20876 2548
20877 2549
20878 2550
20879 2551
20880 2688
20881 2689
20882 2690
20883 2691
20884 2692
20885 2693
20886 2694
20887 2695
20888 2832
20889 2833
20890 2834
20891 2835
20892 2836
20893 2837
20894 2838
20895 2839
20896 2976
20897 2977
20898 2978
20899 2979
20900 2980
20901 2981
20902 2982
20903 2983
20904 3120
20905 3121
20906 3122
20907 3123
20908 3124
20909 3125
20910 3126
20911 3127
20912 3264
20913 3265
20914 3266
20915 3267
20916 3268
20917 3269
20918 3270
20919 3271
20920 3408
20921 3409
20922 3410
20923 3411
20924 3412
20925 3413
20926 3414
20927 3415
20928 3552
20929 3553
20930 3554
20931 3555
20932 3556
20933 3557
20934 3558
20935 3559
20936 3696
20937 3697
20938 3698
20939 3699
20940 3700
20941 3701
20942 3702
20943 3703
20944 3840
20945 3841
20946 3842
20947 3843
20948 3844
20949 3845
20950 3846
20951 3847
20952 3984
20953 3985
20954 3986
20955 3987
20956 3988
20957 3989
20958 3990
20959 3991
20960 4128
20961 4129
20962 4130
20963 4131
20964 4132
20965 4133
20966 4134
20967 4135
20968 4272
20969 4273
20970 4274
20971 4275
20972 4276
20973 4277
20974 4278
20975 4279
20976 4416
20977 4417
20978 4418
20979 4419
20980 4420
20981 4421
20982 4422
20983 4423
20984 4560
20985 4561
20986 4562
20987 4563
20988 4564
20989 4565
20990 4566
20991 4567
20992 4704
20993 4705
20994 4706
20995 4707
20996 4708
20997 4709
20998 4710
20999 4711
21000 4848
21001 4849
21002 4850
21003 4851
21004 4852
21005 4853
21006 4854
21007 4855
21008 4992
21009 4993
21010 4994
21011 4995
21012 4996
21013 4997
21014 4998
21015 4999
21016 5136
21017 5137
21018 5138
21019 5139
21020 5140
21021 5141
21022 5142
21023 5143
21024 5280
21025 5281
21026 5282
21027 5283
21028 5284
21029 5285
21030 5286
21031 5287
21032 5424
21033 5425
21034 5426
21035 5427
21036 5428
21037 5429
21038 5430
21039 5431
21040 5568
21041 5569
21042 5570
21043 5571
21044 5572
21045 5573
21046 5574
21047 5575
21048 5712
21049 5713
21050 5714
21051 5715
21052 5716
21053 5717
21054 5718
21055 5719
21056 5856
21057 5857
21058 5858
21059 5859
21060 5860
21061 5861
21062 5862
21063 5863
21064 6000
21065 6001
21066 6002
21067 6003
21068 6004
21069 6005
21070 6006
21071 6007
21072 6144
21073 6145
21074 6146
21075 6147
21076 6148
21077 6149
21078 6150
21079 6151
21080 6288
21081 6289
21082 6290
21083 6291
21084 6292
21085 6293
21086 6294
21087 6295
21088 6432
21089 6433
21090 6434
21091 6435
21092 6436
21093 6437
21094 6438
21095 6439
21096 6576
21097 6577
21098 6578
21099 6579
21100 6580
21101 6581
21102 6582
21103 6583
21104 6720
21105 6721
21106 6722
21107 6723
21108 6724
21109 6725
21110 6726
21111 6727
21112 6864
21113 6865
21114 6866
21115 6867
21116 6868
21117 6869
21118 6870
21119 6871
21120 7008
21121 7009
21122 7010
21123 7011
21124 7012
21125 7013
21126 7014
21127 7015
21128 7152
21129 7153
21130 7154
21131 7155
21132 7156
21133 7157
21134 7158
21135 7159
21136 7296
21137 7297
21138 7298
21139 7299
21140 7300
21141 7301
21142 7302
21143 7303
21144 7440
21145 7441
21146 7442
21147 7443
21148 7444
21149 7445
21150 7446
21151 7447
21152 7584
21153 7585
21154 7586
21155 7587
21156 7588
21157 7589
21158 7590
21159 7591
21160 7728
21161 7729
21162 7730
21163 7731
21164 7732
21165 7733
21166 7734
21167 7735
21168 7872
21169 7873
21170 7874
21171 7875
21172 7876
21173 7877
21174 7878
21175 7879
21176 8016
21177 8017
21178 8018
21179 8019
21180 8020
21181 8021
21182 8022
21183 8023
21184 8160
21185 8161
21186 8162
21187 8163
21188 8164
21189 8165
21190 8166
21191 8167
21192 8304
21193 8305
21194 8306
21195 8307
21196 8308
21197 8309
21198 8310
21199 8311
21200 8448
21201 8449
21202 8450
21203 8451
21204 8452
21205 8453
21206 8454
21207 8455
21208 8592
21209 8593
21210 8594
21211 8595
21212 8596
21213 8597
21214 8598
21215 8599
21216 8736
21217 8737
21218 8738
21219 8739
21220 8740
21221 8741
21222 8742
21223 8743
21224 8880
21225 8881
21226 8882
21227 8883
21228 8884
21229 8885
21230 8886
21231 8887
21232 9024
21233 9025
21234 9026
21235 9027
21236 9028
21237 9029
21238 9030
21239 9031
21240 9168
21241 9169
21242 9170
21243 9171
21244 9172
21245 9173
21246 9174
21247 9175
21248 9312
21249 9313
21250 9314
21251 9315
21252 9316
21253 9317
21254 9318
21255 9319
21256 9456
21257 9457
21258 9458
21259 9459
21260 9460
21261 9461
21262 9462
21263 9463
21264 9600
21265 9601
21266 9602
21267 9603
21268 9604
21269 9605
21270 9606
21271 9607
21272 9744
21273 9745
21274 9746
21275 9747
21276 9748
21277 9749
21278 9750
21279 9751
21280 9888
21281 9889
21282 9890
21283 9891
21284 9892
21285 9893
21286 9894
21287 9895
21288 10032
21289 10033
21290 10034
21291 10035
21292 10036
21293 10037
21294 10038
21295 10039
21296 10176
21297 10177
21298 10178
21299 10179
21300 10180
21301 10181
21302 10182
21303 10183
21304 10320
21305 10321
21306 10322
21307 10323
21308 10324
21309 10325
21310 10326
21311 10327
21312 10464
21313 10465
21314 10466
21315 10467
21316 10468
21317 10469
21318 10470
21319 10471
21320 10608
21321 10609
21322 10610
21323 10611
21324 10612
21325 10613
21326 10614
21327 10615
21328 10752
21329 10753
21330 10754
21331 10755
21332 10756
21333 10757
21334 10758
21335 10759
21336 10896
21337 10897
21338 10898
21339 10899
21340 10900
21341 10901
21342 10902
21343 10903
21344 11040
21345 11041
21346 11042
21347 11043
21348 11044
21349 11045
21350 11046
21351 11047
21352 11184
21353 11185
21354 11186
21355 11187
21356 11188
21357 11189
21358 11190
21359 11191
21360 11328
21361 11329
21362 11330
21363 11331
21364 11332
21365 11333
21366 11334
21367 11335
21368 11472
21369 11473
21370 11474
21371 11475
21372 11476
21373 11477
21374 11478
21375 11479
21376 11616
21377 11617
21378 11618
21379 11619
21380 11620
21381 11621
21382 11622
21383 11623
21384 11760
21385 11761
21386 11762
21387 11763
21388 11764
21389 11765
21390 11766
21391 11767
21392 11904
21393 11905
21394 11906
21395 11907
21396 11908
21397 11909
21398 11910
21399 11911
21400 12048
21401 12049
21402 12050
21403 12051
21404 12052
21405 12053
21406 12054
21407 12055
21408 12192
21409 12193
21410 12194
21411 12195
21412 12196
21413 12197
21414 12198
21415 12199
21416 12336
21417 12337
21418 12338
21419 12339
21420 12340
21421 12341
21422 12342
21423 12343
21424 12480
21425 12481
21426 12482
21427 12483
21428 12484
21429 12485
21430 12486
21431 12487
21432 12624
21433 12625
21434 12626
21435 12627
21436 12628
21437 12629
21438 12630
21439 12631
21440 12768
21441 12769
21442 12770
21443 12771
21444 12772
21445 12773
21446 12774
21447 12775
21448 12912
21449 12913
21450 12914
21451 12915
21452 12916
21453 12917
21454 12918
21455 12919
21456 13056
21457 13057
21458 13058
21459 13059
21460 13060
21461 13061
21462 13062
21463 13063
21464 13200
21465 13201
21466 13202
21467 13203
21468 13204
21469 13205
21470 13206
21471 13207
21472 13344
21473 13345
21474 13346
21475 13347
21476 13348
21477 13349
21478 13350
21479 13351
21480 13488
21481 13489
21482 13490
21483 13491
21484 13492
21485 13493
21486 13494
21487 13495
21488 13632
21489 13633
21490 13634
21491 13635
21492 13636
21493 13637
21494 13638
21495 13639
21496 13776
21497 13777
21498 13778
21499 13779
21500 13780
21501 13781
21502 13782
21503 13783
21504 13920
21505 13921
21506 13922
21507 13923
21508 13924
21509 13925
21510 13926
21511 13927
21512 14064
21513 14065
21514 14066
21515 14067
21516 14068
21517 14069
21518 14070
21519 14071
21520 14208
21521 14209
21522 14210
21523 14211
21524 14212
21525 14213
21526 14214
21527 14215
21528 14352
21529 14353
21530 14354
21531 14355
21532 14356
21533 14357
21534 14358
21535 14359
21536 14496
21537 14497
21538 14498
21539 14499
21540 14500
21541 14501
21542 14502
21543 14503
21544 14640
21545 14641
21546 14642
21547 14643
21548 14644
21549 14645
21550 14646
21551 14647
21552 14784
21553 14785
21554 14786
21555 14787
21556 14788
21557 14789
21558 14790
21559 14791
21560 14928
21561 14929
21562 14930
21563 14931
21564 14932
21565 14933
21566 14934
21567 14935
21568 15072
21569 15073
21570 15074
21571 15075
21572 15076
21573 15077
21574 15078
21575 15079
21576 15216
21577 15217
21578 15218
21579 15219
21580 15220
21581 15221
21582 15222
21583 15223
21584 15360
21585 15361
21586 15362
21587 15363
21588 15364
21589 15365
21590 15366
21591 15367
21592 15504
21593 15505
21594 15506
21595 15507
21596 15508
21597 15509
21598 15510
21599 15511
21600 15648
21601 15649
21602 15650
21603 15651
21604 15652
21605 15653
21606 15654
21607 15655
21608 15792
21609 15793
21610 15794
21611 15795
21612 15796
21613 15797
21614 15798
21615 15799
21616 15936
21617 15937
21618 15938
21619 15939
21620 15940
21621 15941
21622 15942
21623 15943
21624 16080
21625 16081
21626 16082
21627 16083
21628 16084
21629 16085
21630 16086
21631 16087
21632 16224
21633 16225
21634 16226
21635 16227
21636 16228
21637 16229
21638 16230
21639 16231
21640 16368
21641 16369
21642 16370
21643 16371
21644 16372
21645 16373
21646 16374
21647 16375
21648 16512
21649 16513
21650 16514
21651 16515
21652 16516
21653 16517
21654 16518
21655 16519
21656 16656
21657 16657
21658 16658
21659 16659
21660 16660
21661 16661
21662 16662
21663 16663
21664 16800
21665 16801
21666 16802
21667 16803
21668 16804
21669 16805
21670 16806
21671 16807
21672 16944
21673 16945
21674 16946
21675 16947
21676 16948
21677 16949
21678 16950
21679 16951
21680 17088
21681 17089
21682 17090
21683 17091
21684 17092
21685 17093
21686 17094
21687 17095
21688 17232
21689 17233
21690 17234
21691 17235
21692 17236
21693 17237
21694 17238
21695 17239
21696 17376
21697 17377
21698 17378
21699 17379
21700 17380
21701 17381
21702 17382
21703 17383
21704 17520
21705 17521
21706 17522
21707 17523
21708 17524
21709 17525
21710 17526
21711 17527
21712 17664
21713 17665
21714 17666
21715 17667
21716 17668
21717 17669
21718 17670
21719 17671
21720 17808
21721 17809
21722 17810
21723 17811
21724 17812
21725 17813
21726 17814
21727 17815
21728 17952
21729 17953
21730 17954
21731 17955
21732 17956
21733 17957
21734 17958
21735 17959
21736 18096
21737 18097
21738 18098
21739 18099
21740 18100
21741 18101
21742 18102
21743 18103
21744 18240
21745 18241
21746 18242
21747 18243
21748 18244
21749 18245
21750 18246
21751 18247
21752 18384
21753 18385
21754 18386
21755 18387
21756 18388
21757 18389
21758 18390
21759 18391
21760 18528
21761 18529
21762 18530
21763 18531
21764 18532
21765 18533
21766 18534
21767 18535
21768 18672
21769 18673
21770 18674
21771 18675
21772 18676
21773 18677
21774 18678
21775 18679
21776 18816
21777 18817
21778 18818
21779 18819
21780 18820
21781 18821
21782 18822
21783 18823
21784 18960
21785 18961
21786 18962
21787 18963
21788 18964
21789 18965
21790 18966
21791 18967
21792 19104
21793 19105
21794 19106
21795 19107
21796 19108
21797 19109
21798 19110
21799 19111
21800 19248
21801 19249
21802 19250
21803 19251
21804 19252
21805 19253
21806 19254
21807 19255
21808 19392
21809 19393
21810 19394
21811 19395
21812 19396
21813 19397
21814 19398
21815 19399
21816 19536
21817 19537
21818 19538
21819 19539
21820 19540
21821 19541
21822 19542
21823 19543
21824 19680
21825 19681
21826 19682
21827 19683
21828 19684
21829 19685
21830 19686
21831 19687
21832 19824
21833 19825
21834 19826
21835 19827
21836 19828
21837 19829
21838 19830
21839 19831
21840 19968
21841 19969
21842 19970
21843 19971
21844 19972
21845 19973
21846 19974
21847 19975
21848 20112
21849 20113
21850 20114
21851 20115
21852 20116
21853 20117
21854 20118
21855 20119
21856 20256
21857 20257
21858 20258
21859 20259
21860 20260
21861 20261
21862 20262
21863 20263
21864 20400
21865 20401
21866 20402
21867 20403
21868 20404
21869 20405
21870 20406
21871 20407
21872 20544
21873 20545
21874 20546
21875 20547
21876 20548
21877 20549
21878 20550
21879 20551
21880 20688
21881 20689
21882 20690
21883 20691
21884 20692
21885 20693
21886 20694
21887 20695
21888 20832
21889 20833
21890 20834
21891 20835
21892 20836
21893 20837
21894 20838
21895 20839
21896 20976
21897 20977
21898 20978
21899 20979
21900 20980
21901 20981
21902 20982
21903 20983
21904 21120
21905 21121
21906 21122
21907 21123
21908 21124
21909 21125
21910 21126
21911 21127
21912 21264
21913 21265
21914 21266
21915 21267
21916 21268
21917 21269
21918 21270
21919 21271
21920 21408
21921 21409
21922 21410
21923 21411
21924 21412
21925 21413
21926 21414
21927 21415
21928 21552
21929 21553
21930 21554
21931 21555
21932 21556
21933 21557
21934 21558
21935 21559
21936 21696
21937 21697
21938 21698
21939 21699
21940 21700
21941 21701
21942 21702
21943 21703
21944 21840
21945 21841
21946 21842
21947 21843
21948 21844
21949 21845
21950 21846
21951 21847
21952 21984
21953 21985
21954 21986
21955 21987
21956 21988
21957 21989
21958 21990
21959 21991
21960 22128
21961 22129
21962 22130
21963 22131
21964 22132
21965 22133
21966 22134
21967 22135
21968 22272
21969 22273
21970 22274
21971 22275
21972 22276
21973 22277
21974 22278
21975 22279
21976 22416
21977 22417
21978 22418
21979 22419
21980 22420
21981 22421
21982 22422
21983 22423
21984 22560
21985 22561
21986 22562
21987 22563
21988 22564
21989 22565
21990 22566
21991 22567
21992 22704
21993 22705
21994 22706
21995 22707
21996 22708
21997 22709
21998 22710
21999 22711
22000 22848
22001 22849
22002 22850
22003 22851
22004 22852
22005 22853
22006 22854
22007 22855
22008 22992
22009 22993
22010 22994
22011 22995
22012 22996
22013 22997
22014 22998
22015 22999
22016 23136
22017 23137
22018 23138
22019 23139
22020 23140
22021 23141
22022 23142
22023 23143
22024 23280
22025 23281
22026 23282
22027 23283
22028 23284
22029 23285
22030 23286
22031 23287
22032 23424
22033 23425
22034 23426
22035 23427
22036 23428
22037 23429
22038 23430
22039 23431
22040 23568
22041 23569
22042 23570
22043 23571
22044 23572
22045 23573
22046 23574
22047 23575
22048 23712
22049 23713
22050 23714
22051 23715
22052 23716
22053 23717
22054 23718
22055 23719
22056 23856
22057 23857
22058 23858
22059 23859
22060 23860
22061 23861
22062 23862
22063 23863
22064 24000
22065 24001
22066 24002
22067 24003
22068 24004
22069 24005
22070 24006
22071 24007
22072 24144
22073 24145
22074 24146
22075 24147
22076 24148
22077 24149
22078 24150
22079 24151
22080 24288
22081 24289
22082 24290
22083 24291
22084 24292
22085 24293
22086 24294
22087 24295
22088 24432
22089 24433
22090 24434
22091 24435
22092 24436
22093 24437
22094 24438
22095 24439
22096 24576
22097 24577
22098 24578
22099 24579
22100 24580
22101 24581
22102 24582
22103 24583
22104 24720
22105 24721
22106 24722
22107 24723
22108 24724
22109 24725
22110 24726
22111 24727
22112 24864
22113 24865
22114 24866
22115 24867
22116 24868
22117 24869
22118 24870
22119 24871
22120 25008
22121 25009
22122 25010
22123 25011
22124 25012
22125 25013
22126 25014
22127 25015
22128 25152
22129 25153
22130 25154
22131 25155
22132 25156
22133 25157
22134 25158
22135 25159
22136 25296
22137 25297
22138 25298
22139 25299
22140 25300
22141 25301
22142 25302
22143 25303
22144 25440
22145 25441
22146 25442
22147 25443
22148 25444
22149 25445
22150 25446
22151 25447
22152 25584
22153 25585
22154 25586
22155 25587
22156 25588
22157 25589
22158 25590
22159 25591
22160 25728
22161 25729
22162 25730
22163 25731
22164 25732
22165 25733
22166 25734
22167 25735
22168 25872
22169 25873
22170 25874
22171 25875
22172 25876
22173 25877
22174 25878
22175 25879
22176 26016
22177 26017
22178 26018
22179 26019
22180 26020
22181 26021
22182 26022
22183 26023
22184 26160
22185 26161
22186 26162
22187 26163
22188 26164
22189 26165
22190 26166
22191 26167
22192 26304
22193 26305
22194 26306
22195 26307
22196 26308
22197 26309
22198 26310
22199 26311
22200 26448
22201 26449
22202 26450
22203 26451
22204 26452
22205 26453
22206 26454
22207 26455
22208 26592
22209 26593
22210 26594
22211 26595
22212 26596
22213 26597
22214 26598
22215 26599
22216 26736
22217 26737
22218 26738
22219 26739
22220 26740
22221 26741
22222 26742
22223 26743
22224 26880
22225 26881
22226 26882
22227 26883
22228 26884
22229 26885
22230 26886
22231 26887
22232 27024
22233 27025
22234 27026
22235 27027
22236 27028
22237 27029
22238 27030
22239 27031
22240 27168
22241 27169
22242 27170
22243 27171
22244 27172
22245 27173
22246 27174
22247 27175
22248 27312
22249 27313
22250 27314
22251 27315
22252 27316
22253 27317
22254 27318
22255 27319
22256 27456
22257 27457
22258 27458
22259 27459
22260 27460
22261 27461
22262 27462
22263 27463
22264 27600
22265 27601
22266 27602
22267 27603
22268 27604
22269 27605
22270 27606
22271 27607
22272 27744
22273 27745
22274 27746
22275 27747
22276 27748
22277 27749
22278 27750
22279 27751
22280 27888
22281 27889
22282 27890
22283 27891
22284 27892
22285 27893
22286 27894
22287 27895
22288 28032
22289 28033
22290 28034
22291 28035
22292 28036
22293 28037
22294 28038
22295 28039
22296 28176
22297 28177
22298 28178
22299 28179
22300 28180
22301 28181
22302 28182
22303 28183
22304 28320
22305 28321
22306 28322
22307 28323
22308 28324
22309 28325
22310 28326
22311 28327
22312 28464
22313 28465
22314 28466
22315 28467
22316 28468
22317 28469
22318 28470
22319 28471
22320 28608
22321 28609
22322 28610
22323 28611
22324 28612
22325 28613
22326 28614
22327 28615
22328 28752
22329 28753
22330 28754
22331 28755
22332 28756
22333 28757
22334 28758
22335 28759
22336 28896
22337 28897
22338 28898
22339 28899
22340 28900
22341 28901
22342 28902
22343 28903
22344 29040
22345 29041
22346 29042
22347 29043
22348 29044
22349 29045
22350 29046
22351 29047
22352 29184
22353 29185
22354 29186
22355 29187
22356 29188
22357 29189
22358 29190
22359 29191
22360 29328
22361 29329
22362 29330
22363 29331
22364 29332
22365 29333
22366 29334
22367 29335
22368 29472
22369 29473
22370 29474
22371 29475
22372 29476
22373 29477
22374 29478
22375 29479
22376 29616
22377 29617
22378 29618
22379 29619
22380 29620
22381 29621
22382 29622
22383 29623
22384 29760
22385 29761
22386 29762
22387 29763
22388 29764
22389 29765
22390 29766
22391 29767
22392 29904
22393 29905
22394 29906
22395 29907
22396 29908
22397 29909
22398 29910
22399 29911
22400 30048
22401 30049
22402 30050
22403 30051
22404 30052
22405 30053
22406 30054
22407 30055
22408 30192
22409 30193
22410 30194
22411 30195
22412 30196
22413 30197
22414 30198
22415 30199
22416 30336
22417 30337
22418 30338
22419 30339
22420 30340
22421 30341
22422 30342
22423 30343
22424 30480
22425 30481
22426 30482
22427 30483
22428 30484
22429 30485
22430 30486
22431 30487
22432 30624
22433 30625
22434 30626
22435 30627
22436 30628
22437 30629
22438 30630
22439 30631
22440 30768
22441 30769
22442 30770
22443 30771
22444 30772
22445 30773
22446 30774
22447 30775
22448 30912
22449 30913
22450 30914
22451 30915
22452 30916
22453 30917
22454 30918
22455 30919
22456 31056
22457 31057
22458 31058
22459 31059
22460 31060
22461 31061
22462 31062
22463 31063
22464 104
22465 105
22466 106
22467 107
22468 108
22469 109
22470 110
22471 111
22472 248
22473 249
22474 250
22475 251
22476 252
22477 253
22478 254
22479 255
22480 392
22481 393
22482 394
22483 395
22484 396
22485 397
22486 398
22487 399
22488 536
22489 537
22490 538
22491 539
22492 540
22493 541
22494 542
22495 543
22496 680
22497 681
22498 682
22499 683
22500 684
22501 685
22502 686
22503 687
22504 824
22505 825
22506 826
22507 827
22508 828
22509 829
22510 830
22511 831
22512 968
22513 969
22514 970
22515 971
22516 972
22517 973
22518 974
22519 975
22520 1112
22521 1113
22522 1114
22523 1115
22524 1116
22525 1117
22526 1118
22527 1119
22528 1256
22529 1257
22530 1258
22531 1259
22532 1260
22533 1261
22534 1262
22535 1263
22536 1400
22537 1401
22538 1402
22539 1403
22540 1404
22541 1405
22542 1406
22543 1407
22544 1544
22545 1545
22546 1546
22547 1547
22548 1548
22549 1549
22550 1550
22551 1551
22552 1688
22553 1689
22554 1690
22555 1691
22556 1692
22557 1693
22558 1694
22559 1695
22560 1832
22561 1833
22562 1834
22563 1835
22564 1836
22565 1837
22566 1838
22567 1839
22568 1976
22569 1977
22570 1978
22571 1979
22572 1980
22573 1981
22574 1982
22575 1983
22576 2120
22577 2121
22578 2122
22579 2123
22580 2124
22581 2125
22582 2126
22583 2127
22584 2264
22585 2265
22586 2266
22587 2267
22588 2268
22589 2269
22590 2270
22591 2271
22592 2408
22593 2409
22594 2410
22595 2411
22596 2412
22597 2413
22598 2414
22599 2415
22600 2552
22601 2553
22602 2554
22603 2555
22604 2556
22605 2557
22606 2558
22607 2559
22608 2696
22609 2697
22610 2698
22611 2699
22612 2700
22613 2701
22614 2702
22615 2703
22616 2840
22617 2841
22618 2842
22619 2843
22620 2844
22621 2845
22622 2846
22623 2847
22624 2984
22625 2985
22626 2986
22627 2987
22628 2988
22629 2989
22630 2990
22631 2991
22632 3128
22633 3129
22634 3130
22635 3131
22636 3132
22637 3133
22638 3134
22639 3135
22640 3272
22641 3273
22642 3274
22643 3275
22644 3276
22645 3277
22646 3278
22647 3279
22648 3416
22649 3417
22650 3418
22651 3419
22652 3420
22653 3421
22654 3422
22655 3423
22656 3560
22657 3561
22658 3562
22659 3563
22660 3564
22661 3565
22662 3566
22663 3567
22664 3704
22665 3705
22666 3706
22667 3707
22668 3708
22669 3709
22670 3710
22671 3711
22672 3848
22673 3849
22674 3850
22675 3851
22676 3852
22677 3853
22678 3854
22679 3855
22680 3992
22681 3993
22682 3994
22683 3995
22684 3996
22685 3997
22686 3998
22687 3999
22688 4136
22689 4137
22690 4138
22691 4139
22692 4140
22693 4141
22694 4142
22695 4143
22696 4280
22697 4281
22698 4282
22699 4283
22700 4284
22701 4285
22702 4286
22703 4287
22704 4424
22705 4425
22706 4426
22707 4427
22708 4428
22709 4429
22710 4430
22711 4431
22712 4568
22713 4569
22714 4570
22715 4571
22716 4572
22717 4573
22718 4574
22719 4575
22720 4712
22721 4713
22722 4714
22723 4715
22724 4716
22725 4717
22726 4718
22727 4719
22728 4856
22729 4857
22730 4858
22731 4859
22732 4860
22733 4861
22734 4862
22735 4863
22736 5000
22737 5001
22738 5002
22739 5003
22740 5004
22741 5005
22742 5006
22743 5007
22744 5144
22745 5145
22746 5146
22747 5147
22748 5148
22749 5149
22750 5150
22751 5151
22752 5288
22753 5289
22754 5290
22755 5291
22756 5292
22757 5293
22758 5294
22759 5295
22760 5432
22761 5433
22762 5434
22763 5435
22764 5436
22765 5437
22766 5438
22767 5439
22768 5576
22769 5577
22770 5578
22771 5579
22772 5580
22773 5581
22774 5582
22775 5583
22776 5720
22777 5721
22778 5722
22779 5723
22780 5724
22781 5725
22782 5726
22783 5727
22784 5864
22785 5865
22786 5866
22787 5867
22788 5868
22789 5869
22790 5870
22791 5871
22792 6008
22793 6009
22794 6010
22795 6011
22796 6012
22797 6013
22798 6014
22799 6015
22800 6152
22801 6153
22802 6154
22803 6155
22804 6156
22805 6157
22806 6158
22807 6159
22808 6296
22809 6297
22810 6298
22811 6299
22812 6300
22813 6301
22814 6302
22815 6303
22816 6440
22817 6441
22818 6442
22819 6443
22820 6444
22821 6445
22822 6446
22823 6447
22824 6584
22825 6585
22826 6586
22827 6587
22828 6588
22829 6589
22830 6590
22831 6591
22832 6728
22833 6729
22834 6730
22835 6731
22836 6732
22837 6733
22838 6734
22839 6735
22840 6872
22841 6873
22842 6874
22843 6875
22844 6876
22845 6877
22846 6878
22847 6879
22848 7016
22849 7017
22850 7018
22851 7019
22852 7020
22853 7021
22854 7022
22855 7023
22856 7160
22857 7161
22858 7162
22859 7163
22860 7164
22861 7165
22862 7166
22863 7167
22864 7304
22865 7305
22866 7306
22867 7307
22868 7308
22869 7309
22870 7310
22871 7311
22872 7448
22873 7449
22874 7450
22875 7451
22876 7452
22877 7453
22878 7454
22879 7455
22880 7592
22881 7593
22882 7594
22883 7595
22884 7596
22885 7597
22886 7598
22887 7599
22888 7736
22889 7737
22890 7738
22891 7739
22892 7740
22893 7741
22894 7742
22895 7743
22896 7880
22897 7881
22898 7882
22899 7883
22900 7884
22901 7885
22902 7886
22903 7887
22904 8024
22905 8025
22906 8026
22907 8027
22908 8028
22909 8029
22910 8030
22911 8031
22912 8168
22913 8169
22914 8170
22915 8171
22916 8172
22917 8173
22918 8174
22919 8175
22920 8312
22921 8313
22922 8314
22923 8315
22924 8316
22925 8317
22926 8318
22927 8319
22928 8456
22929 8457
22930 8458
22931 8459
22932 8460
22933 8461
22934 8462
22935 8463
22936 8600
22937 8601
22938 8602
22939 8603
22940 8604
22941 8605
22942 8606
22943 8607
22944 8744
22945 8745
22946 8746
22947 8747
22948 8748
22949 8749
22950 8750
22951 8751
22952 8888
22953 8889
22954 8890
22955 8891
22956 8892
22957 8893
22958 8894
22959 8895
22960 9032
22961 9033
22962 9034
22963 9035
22964 9036
22965 9037
22966 9038
22967 9039
22968 9176
22969 9177
22970 9178
22971 9179
22972 9180
22973 9181
22974 9182
22975 9183
22976 9320
22977 9321
22978 9322
22979 9323
22980 9324
22981 9325
22982 9326
22983 9327
22984 9464
22985 9465
22986 9466
22987 9467
22988 9468
22989 9469
22990 9470
22991 9471
22992 9608
22993 9609
22994 9610
22995 9611
22996 9612
22997 9613
22998 9614
22999 9615
23000 9752
23001 9753
23002 9754
23003 9755
23004 9756
23005 9757
23006 9758
23007 9759
23008 9896
23009 9897
23010 9898
23011 9899
23012 9900
23013 9901
23014 9902
23015 9903
23016 10040
23017 10041
23018 10042
23019 10043
23020 10044
23021 10045
23022 10046
23023 10047
23024 10184
23025 10185
23026 10186
23027 10187
23028 10188
23029 10189
23030 10190
23031 10191
23032 10328
23033 10329
23034 10330
23035 10331
23036 10332
23037 10333
23038 10334
23039 10335
23040 10472
23041 10473
23042 10474
23043 10475
23044 10476
23045 10477
23046 10478
23047 10479
23048 10616
23049 10617
23050 10618
23051 10619
23052 10620
23053 10621
23054 10622
23055 10623
23056 10760
23057 10761
23058 10762
23059 10763
23060 10764
23061 10765
23062 10766
23063 10767
23064 10904
23065 10905
23066 10906
23067 10907
23068 10908
23069 10909
23070 10910
23071 10911
23072 11048
23073 11049
23074 11050
23075 11051
23076 11052
23077 11053
23078 11054
23079 11055
23080 11192
23081 11193
23082 11194
23083 11195
23084 11196
23085 11197
23086 11198
23087 11199
23088 11336
23089 11337
23090 11338
23091 11339
23092 11340
23093 11341
23094 11342
23095 11343
23096 11480
23097 11481
23098 11482
23099 11483
23100 11484
23101 11485
23102 11486
23103 11487
23104 11624
23105 11625
23106 11626
23107 11627
23108 11628
23109 11629
23110 11630
23111 11631
23112 11768
23113 11769
23114 11770
23115 11771
23116 11772
23117 11773
23118 11774
23119 11775
23120 11912
23121 11913
23122 11914
23123 11915
23124 11916
23125 11917
23126 11918
23127 11919
23128 12056
23129 12057
23130 12058
23131 12059
23132 12060
23133 12061
23134 12062
23135 12063
23136 12200
23137 12201
23138 12202
23139 12203
23140 12204
23141 12205
23142 12206
23143 12207
23144 12344
23145 12345
23146 12346
23147 12347
23148 12348
23149 12349
23150 12350
23151 12351
23152 12488
23153 12489
23154 12490
23155 12491
23156 12492
23157 12493
23158 12494
23159 12495
23160 12632
23161 12633
23162 12634
23163 12635
23164 12636
23165 12637
23166 12638
23167 12639
23168 12776
23169 12777
23170 12778
23171 12779
23172 12780
23173 12781
23174 12782
23175 12783
23176 12920
23177 12921
23178 12922
23179 12923
23180 12924
23181 12925
23182 12926
23183 12927
23184 13064
23185 13065
23186 13066
23187 13067
23188 13068
23189 13069
23190 13070
23191 13071
23192 13208
23193 13209
23194 13210
23195 13211
23196 13212
23197 13213
23198 13214
23199 13215
23200 13352
23201 13353
23202 13354
23203 13355
23204 13356
23205 13357
23206 13358
23207 13359
23208 13496
23209 13497
23210 13498
23211 13499
23212 13500
23213 13501
23214 13502
23215 13503
23216 13640
23217 13641
23218 13642
23219 13643
23220 13644
23221 13645
23222 13646
23223 13647
23224 13784
23225 13785
23226 13786
23227 13787
23228 13788
23229 13789
23230 13790
23231 13791
23232 13928
23233 13929
23234 13930
23235 13931
23236 13932
23237 13933
23238 13934
23239 13935
23240 14072
23241 14073
23242 14074
23243 14075
23244 14076
23245 14077
23246 14078
23247 14079
23248 14216
23249 14217
23250 14218
23251 14219
23252 14220
23253 14221
23254 14222
23255 14223
23256 14360
23257 14361
23258 14362
23259 14363
23260 14364
23261 14365
23262 14366
23263 14367
23264 14504
23265 14505
23266 14506
23267 14507
23268 14508
23269 14509
23270 14510
23271 14511
23272 14648
23273 14649
23274 14650
23275 14651
23276 14652
23277 14653
23278 14654
23279 14655
23280 14792
23281 14793
23282 14794
23283 14795
23284 14796
23285 14797
23286 14798
23287 14799
23288 14936
23289 14937
23290 14938
23291 14939
23292 14940
23293 14941
23294 14942
23295 14943
23296 15080
23297 15081
23298 15082
23299 15083
23300 15084
23301 15085
23302 15086
23303 15087
23304 15224
23305 15225
23306 15226
23307 15227
23308 15228
23309 15229
23310 15230
23311 15231
23312 15368
23313 15369
23314 15370
23315 15371
23316 15372
23317 15373
23318 15374
23319 15375
23320 15512
23321 15513
23322 15514
23323 15515
23324 15516
23325 15517
23326 15518
23327 15519
23328 15656
23329 15657
23330 15658
23331 15659
23332 15660
23333 15661
23334 15662
23335 15663
23336 15800
23337 15801
23338 15802
23339 15803
23340 15804
23341 15805
23342 15806
23343 15807
23344 15944
23345 15945
23346 15946
23347 15947
23348 15948
23349 15949
23350 15950
23351 15951
23352 16088
23353 16089
23354 16090
23355 16091
23356 16092
23357 16093
23358 16094
23359 16095
23360 16232
23361 16233
23362 16234
23363 16235
23364 16236
23365 16237
23366 16238
23367 16239
23368 16376
23369 16377
23370 16378
23371 16379
23372 16380
23373 16381
23374 16382
23375 16383
23376 16520
23377 16521
23378 16522
23379 16523
23380 16524
23381 16525
23382 16526
23383 16527
23384 16664
23385 16665
23386 16666
23387 16667
23388 16668
23389 16669
23390 16670
23391 16671
23392 16808
23393 16809
23394 16810
23395 16811
23396 16812
23397 16813
23398 16814
23399 16815
23400 16952
23401 16953
23402 16954
23403 16955
23404 16956
23405 16957
23406 16958
23407 16959
23408 17096
23409 17097
23410 17098
23411 17099
23412 17100
23413 17101
23414 17102
23415 17103
23416 17240
23417 17241
23418 17242
23419 17243
23420 17244
23421 17245
23422 17246
23423 17247
23424 17384
23425 17385
23426 17386
23427 17387
23428 17388
23429 17389
23430 17390
23431 17391
23432 17528
23433 17529
23434 17530
23435 17531
23436 17532
23437 17533
23438 17534
23439 17535
23440 17672
23441 17673
23442 17674
23443 17675
23444 17676
23445 17677
23446 17678
23447 17679
23448 17816
23449 17817
23450 17818
23451 17819
23452 17820
23453 17821
23454 17822
23455 17823
23456 17960
23457 17961
23458 17962
23459 17963
23460 17964
23461 17965
23462 17966
23463 17967
23464 18104
23465 18105
23466 18106
23467 18107
23468 18108
23469 18109
23470 18110
23471 18111
23472 18248
23473 18249
23474 18250
23475 18251
23476 18252
23477 18253
23478 18254
23479 18255
23480 18392
23481 18393
23482 18394
23483 18395
23484 18396
23485 18397
23486 18398
23487 18399
23488 18536
23489 18537
23490 18538
23491 18539
23492 18540
23493 18541
23494 18542
23495 18543
23496 18680
23497 18681
23498 18682
23499 18683
23500 18684
23501 18685
23502 18686
23503 18687
23504 18824
23505 18825
23506 18826
23507 18827
23508 18828
23509 18829
23510 18830
23511 18831
23512 18968
23513 18969
23514 18970
23515 18971
23516 18972
23517 18973
23518 18974
23519 18975
23520 19112
23521 19113
23522 19114
23523 19115
23524 19116
23525 19117
23526 19118
23527 19119
23528 19256
23529 19257
23530 19258
23531 19259
23532 19260
23533 19261
23534 19262
23535 19263
23536 19400
23537 19401
23538 19402
23539 19403
23540 19404
23541 19405
23542 19406
23543 19407
23544 19544
23545 19545
23546 19546
23547 19547
23548 19548
23549 19549
23550 19550
23551 19551
23552 19688
23553 19689
23554 19690
23555 19691
23556 19692
23557 19693
23558 19694
23559 19695
23560 19832
23561 19833
23562 19834
23563 19835
23564 19836
23565 19837
23566 19838
23567 19839
23568 19976
23569 19977
23570 19978
23571 19979
23572 19980
23573 19981
23574 19982
23575 19983
23576 20120
23577 20121
23578 20122
23579 20123
23580 20124
23581 20125
23582 20126
23583 20127
23584 20264
23585 20265
23586 20266
23587 20267
23588 20268
23589 20269
23590 20270
23591 20271
23592 20408
23593 20409
23594 20410
23595 20411
23596 20412
23597 20413
23598 20414
23599 20415
23600 20552
23601 20553
23602 20554
23603 20555
23604 20556
23605 20557
23606 20558
23607 20559
23608 20696
23609 20697
23610 20698
23611 20699
23612 20700
23613 20701
23614 20702
23615 20703
23616 20840
23617 20841
23618 20842
23619 20843
23620 20844
23621 20845
23622 20846
23623 20847
23624 20984
23625 20985
23626 20986
23627 20987
23628 20988
23629 20989
23630 20990
23631 20991
23632 21128
23633 21129
23634 21130
23635 21131
23636 21132
23637 21133
23638 21134
23639 21135
23640 21272
23641 21273
23642 21274
23643 21275
23644 21276
23645 21277
23646 21278
23647 21279
23648 21416
23649 21417
23650 21418
23651 21419
23652 21420
23653 21421
23654 21422
23655 21423
23656 21560
23657 21561
23658 21562
23659 21563
23660 21564
23661 21565
23662 21566
23663 21567
23664 21704
23665 21705
23666 21706
23667 21707
23668 21708
23669 21709
23670 21710
23671 21711
23672 21848
23673 21849
23674 21850
23675 21851
23676 21852
23677 21853
23678 21854
23679 21855
23680 21992
23681 21993
23682 21994
23683 21995
23684 21996
23685 21997
23686 21998
23687 21999
23688 22136
23689 22137
23690 22138
23691 22139
23692 22140
23693 22141
23694 22142
23695 22143
23696 22280
23697 22281
23698 22282
23699 22283
23700 22284
23701 22285
23702 22286
23703 22287
23704 22424
23705 22425
23706 22426
23707 22427
23708 22428
23709 22429
23710 22430
23711 22431
23712 22568
23713 22569
23714 22570
23715 22571
23716 22572
23717 22573
23718 22574
23719 22575
23720 22712
23721 22713
23722 22714
23723 22715
23724 22716
23725 22717
23726 22718
23727 22719
23728 22856
23729 22857
23730 22858
23731 22859
23732 22860
23733 22861
23734 22862
23735 22863
23736 23000
23737 23001
23738 23002
23739 23003
23740 23004
23741 23005
23742 23006
23743 23007
23744 23144
23745 23145
23746 23146
23747 23147
23748 23148
23749 23149
23750 23150
23751 23151
23752 23288
23753 23289
23754 23290
23755 23291
23756 23292
23757 23293
23758 23294
23759 23295
23760 23432
23761 23433
23762 23434
23763 23435
23764 23436
23765 23437
23766 23438
23767 23439
23768 23576
23769 23577
23770 23578
23771 23579
23772 23580
23773 23581
23774 23582
23775 23583
23776 23720
23777 23721
23778 23722
23779 23723
23780 23724
23781 23725
23782 23726
23783 23727
23784 23864
23785 23865
23786 23866
23787 23867
23788 23868
23789 23869
23790 23870
23791 23871
23792 24008
23793 24009
23794 24010
23795 24011
23796 24012
23797 24013
23798 24014
23799 24015
23800 24152
23801 24153
23802 24154
23803 24155
23804 24156
23805 24157
23806 24158
23807 24159
23808 24296
23809 24297
23810 24298
23811 24299
23812 24300
23813 24301
23814 24302
23815 24303
23816 24440
23817 24441
23818 24442
23819 24443
23820 24444
23821 24445
23822 24446
23823 24447
23824 24584
23825 24585
23826 24586
23827 24587
23828 24588
23829 24589
23830 24590
23831 24591
23832 24728
23833 24729
23834 24730
23835 24731
23836 24732
23837 24733
23838 24734
23839 24735
23840 24872
23841 24873
23842 24874
23843 24875
23844 24876
23845 24877
23846 24878
23847 24879
23848 25016
23849 25017
23850 25018
23851 25019
23852 25020
23853 25021
23854 25022
23855 25023
23856 25160
23857 25161
23858 25162
23859 25163
23860 25164
23861 25165
23862 25166
23863 25167
23864 25304
23865 25305
23866 25306
23867 25307
23868 25308
23869 25309
23870 25310
23871 25311
23872 25448
23873 25449
23874 25450
23875 25451
23876 25452
23877 25453
23878 25454
23879 25455
23880 25592
23881 25593
23882 25594
23883 25595
23884 25596
23885 25597
23886 25598
23887 25599
23888 25736
23889 25737
23890 25738
23891 25739
23892 25740
23893 25741
23894 25742
23895 25743
23896 25880
23897 25881
23898 25882
23899 25883
23900 25884
23901 25885
23902 25886
23903 25887
23904 26024
23905 26025
23906 26026
23907 26027
23908 26028
23909 26029
23910 26030
23911 26031
23912 26168
23913 26169
23914 26170
23915 26171
23916 26172
23917 26173
23918 26174
23919 26175
23920 26312
23921 26313
23922 26314
23923 26315
23924 26316
23925 26317
23926 26318
23927 26319
23928 26456
23929 26457
23930 26458
23931 26459
23932 26460
23933 26461
23934 26462
23935 26463
23936 26600
23937 26601
23938 26602
23939 26603
23940 26604
23941 26605
23942 26606
23943 26607
23944 26744
23945 26745
23946 26746
23947 26747
23948 26748
23949 26749
23950 26750
23951 26751
23952 26888
23953 26889
23954 26890
23955 26891
23956 26892
23957 26893
23958 26894
23959 26895
23960 27032
23961 27033
23962 27034
23963 27035
23964 27036
23965 27037
23966 27038
23967 27039
23968 27176
23969 27177
23970 27178
23971 27179
23972 27180
23973 27181
23974 27182
23975 27183
23976 27320
23977 27321
23978 27322
23979 27323
23980 27324
23981 27325
23982 27326
23983 27327
23984 27464
23985 27465
23986 27466
23987 27467
23988 27468
23989 27469
23990 27470
23991 27471
23992 27608
23993 27609
23994 27610
23995 27611
23996 27612
23997 27613
23998 27614
23999 27615
24000 27752
24001 27753
24002 27754
24003 27755
24004 27756
24005 27757
24006 27758
24007 27759
24008 27896
24009 27897
24010 27898
24011 27899
24012 27900
24013 27901
24014 27902
24015 27903
24016 28040
24017 28041
24018 28042
24019 28043
24020 28044
24021 28045
24022 28046
24023 28047
24024 28184
24025 28185
24026 28186
24027 28187
24028 28188
24029 28189
24030 28190
24031 28191
24032 28328
24033 28329
24034 28330
24035 28331
24036 28332
24037 28333
24038 28334
24039 28335
24040 28472
24041 28473
24042 28474
24043 28475
24044 28476
24045 28477
24046 28478
24047 28479
24048 28616
24049 28617
24050 28618
24051 28619
24052 28620
24053 28621
24054 28622
24055 28623
24056 28760
24057 28761
24058 28762
24059 28763
24060 28764
24061 28765
24062 28766
24063 28767
24064 28904
24065 28905
24066 28906
24067 28907
24068 28908
24069 28909
24070 28910
24071 28911
24072 29048
24073 29049
24074 29050
24075 29051
24076 29052
24077 29053
24078 29054
24079 29055
24080 29192
24081 29193
24082 29194
24083 29195
24084 29196
24085 29197
24086 29198
24087 29199
24088 29336
24089 29337
24090 29338
24091 29339
24092 29340
24093 29341
24094 29342
24095 29343
24096 29480
24097 29481
24098 29482
24099 29483
24100 29484
24101 29485
24102 29486
24103 29487
24104 29624
24105 29625
24106 29626
24107 29627
24108 29628
24109 29629
24110 29630
24111 29631
24112 29768
24113 29769
24114 29770
24115 29771
24116 29772
24117 29773
24118 29774
24119 29775
24120 29912
24121 29913
24122 29914
24123 29915
24124 29916
24125 29917
24126 29918
24127 29919
24128 30056
24129 30057
24130 30058
24131 30059
24132 30060
24133 30061
24134 30062
24135 30063
24136 30200
24137 30201
24138 30202
24139 30203
24140 30204
24141 30205
24142 30206
24143 30207
24144 30344
24145 30345
24146 30346
24147 30347
24148 30348
24149 30349
24150 30350
24151 30351
24152 30488
24153 30489
24154 30490
24155 30491
24156 30492
24157 30493
24158 30494
24159 30495
24160 30632
24161 30633
24162 30634
24163 30635
24164 30636
24165 30637
24166 30638
24167 30639
24168 30776
24169 30777
24170 30778
24171 30779
24172 30780
24173 30781
24174 30782
24175 30783
24176 30920
24177 30921
24178 30922
24179 30923
24180 30924
24181 30925
24182 30926
24183 30927
24184 31064
24185 31065
24186 31066
24187 31067
24188 31068
24189 31069
24190 31070
24191 31071
24192 112
24193 113
24194 114
24195 115
24196 116
24197 117
24198 118
24199 119
24200 256
24201 257
24202 258
24203 259
24204 260
24205 261
24206 262
24207 263
24208 400
24209 401
24210 402
24211 403
24212 404
24213 405
24214 406
24215 407
24216 544
24217 545
24218 546
24219 547
24220 548
24221 549
24222 550
24223 551
24224 688
24225 689
24226 690
24227 691
24228 692
24229 693
24230 694
24231 695
24232 832
24233 833
24234 834
24235 835
24236 836
24237 837
24238 838
24239 839
24240 976
24241 977
24242 978
24243 979
24244 980
24245 981
24246 982
24247 983
24248 1120
24249 1121
24250 1122
24251 1123
24252 1124
24253 1125
24254 1126
24255 1127
24256 1264
24257 1265
24258 1266
24259 1267
24260 1268
24261 1269
24262 1270
24263 1271
24264 1408
24265 1409
24266 1410
24267 1411
24268 1412
24269 1413
24270 1414
24271 1415
24272 1552
24273 1553
24274 1554
24275 1555
24276 1556
24277 1557
24278 1558
24279 1559
24280 1696
24281 1697
24282 1698
24283 1699
24284 1700
24285 1701
24286 1702
24287 1703
24288 1840
24289 1841
24290 1842
24291 1843
24292 1844
24293 1845
24294 1846
24295 1847
24296 1984
24297 1985
24298 1986
24299 1987
24300 1988
24301 1989
24302 1990
24303 1991
24304 2128
24305 2129
24306 2130
24307 2131
24308 2132
24309 2133
24310 2134
24311 2135
24312 2272
24313 2273
24314 2274
24315 2275
24316 2276
24317 2277
24318 2278
24319 2279
24320 2416
24321 2417
24322 2418
24323 2419
24324 2420
24325 2421
24326 2422
24327 2423
24328 2560
24329 2561
24330 2562
24331 2563
24332 2564
24333 2565
24334 2566
24335 2567
24336 2704
24337 2705
24338 2706
24339 2707
24340 2708
24341 2709
24342 2710
24343 2711
24344 2848
24345 2849
24346 2850
24347 2851
24348 2852
24349 2853
24350 2854
24351 2855
24352 2992
24353 2993
24354 2994
24355 2995
24356 2996
24357 2997
24358 2998
24359 2999
24360 3136
24361 3137
24362 3138
24363 3139
24364 3140
24365 3141
24366 3142
24367 3143
24368 3280
24369 3281
24370 3282
24371 3283
24372 3284
24373 3285
24374 3286
24375 3287
24376 3424
24377 3425
24378 3426
24379 3427
24380 3428
24381 3429
24382 3430
24383 3431
24384 3568
24385 3569
24386 3570
24387 3571
24388 3572
24389 3573
24390 3574
24391 3575
24392 3712
24393 3713
24394 3714
24395 3715
24396 3716
24397 3717
24398 3718
24399 3719
24400 3856
24401 3857
24402 3858
24403 3859
24404 3860
24405 3861
24406 3862
24407 3863
24408 4000
24409 4001
24410 4002
24411 4003
24412 4004
24413 4005
24414 4006
24415 4007
24416 4144
24417 4145
24418 4146
24419 4147
24420 4148
24421 4149
24422 4150
24423 4151
24424 4288
24425 4289
24426 4290
24427 4291
24428 4292
24429 4293
24430 4294
24431 4295
24432 4432
24433 4433
24434 4434
24435 4435
24436 4436
24437 4437
24438 4438
24439 4439
24440 4576
24441 4577
24442 4578
24443 4579
24444 4580
24445 4581
24446 4582
24447 4583
24448 4720
24449 4721
24450 4722
24451 4723
24452 4724
24453 4725
24454 4726
24455 4727
24456 4864
24457 4865
24458 4866
24459 4867
24460 4868
24461 4869
24462 4870
24463 4871
24464 5008
24465 5009
24466 5010
24467 5011
24468 5012
24469 5013
24470 5014
24471 5015
24472 5152
24473 5153
24474 5154
24475 5155
24476 5156
24477 5157
24478 5158
24479 5159
24480 5296
24481 5297
24482 5298
24483 5299
24484 5300
24485 5301
24486 5302
24487 5303
24488 5440
24489 5441
24490 5442
24491 5443
24492 5444
24493 5445
24494 5446
24495 5447
24496 5584
24497 5585
24498 5586
24499 5587
24500 5588
24501 5589
24502 5590
24503 5591
24504 5728
24505 5729
24506 5730
24507 5731
24508 5732
24509 5733
24510 5734
24511 5735
24512 5872
24513 5873
24514 5874
24515 5875
24516 5876
24517 5877
24518 5878
24519 5879
24520 6016
24521 6017
24522 6018
24523 6019
24524 6020
24525 6021
24526 6022
24527 6023
24528 6160
24529 6161
24530 6162
24531 6163
24532 6164
24533 6165
24534 6166
24535 6167
24536 6304
24537 6305
24538 6306
24539 6307
24540 6308
24541 6309
24542 6310
24543 6311
24544 6448
24545 6449
24546 6450
24547 6451
24548 6452
24549 6453
24550 6454
24551 6455
24552 6592
24553 6593
24554 6594
24555 6595
24556 6596
24557 6597
24558 6598
24559 6599
24560 6736
24561 6737
24562 6738
24563 6739
24564 6740
24565 6741
24566 6742
24567 6743
24568 6880
24569 6881
24570 6882
24571 6883
24572 6884
24573 6885
24574 6886
24575 6887
24576 7024
24577 7025
24578 7026
24579 7027
24580 7028
24581 7029
24582 7030
24583 7031
24584 7168
24585 7169
24586 7170
24587 7171
24588 7172
24589 7173
24590 7174
24591 7175
24592 7312
24593 7313
24594 7314
24595 7315
24596 7316
24597 7317
24598 7318
24599 7319
24600 7456
24601 7457
24602 7458
24603 7459
24604 7460
24605 7461
24606 7462
24607 7463
24608 7600
24609 7601
24610 7602
24611 7603
24612 7604
24613 7605
24614 7606
24615 7607
24616 7744
24617 7745
24618 7746
24619 7747
24620 7748
24621 7749
24622 7750
24623 7751
24624 7888
24625 7889
24626 7890
24627 7891
24628 7892
24629 7893
24630 7894
24631 7895
24632 8032
24633 8033
24634 8034
24635 8035
24636 8036
24637 8037
24638 8038
24639 8039
24640 8176
24641 8177
24642 8178
24643 8179
24644 8180
24645 8181
24646 8182
24647 8183
24648 8320
24649 8321
24650 8322
24651 8323
24652 8324
24653 8325
24654 8326
24655 8327
24656 8464
24657 8465
24658 8466
24659 8467
24660 8468
24661 8469
24662 8470
24663 8471
24664 8608
24665 8609
24666 8610
24667 8611
24668 8612
24669 8613
24670 8614
24671 8615
24672 8752
24673 8753
24674 8754
24675 8755
24676 8756
24677 8757
24678 8758
24679 8759
24680 8896
24681 8897
24682 8898
24683 8899
24684 8900
24685 8901
24686 8902
24687 8903
24688 9040
24689 9041
24690 9042
24691 9043
24692 9044
24693 9045
24694 9046
24695 9047
24696 9184
24697 9185
24698 9186
24699 9187
24700 9188
24701 9189
24702 9190
24703 9191
24704 9328
24705 9329
24706 9330
24707 9331
24708 9332
24709 9333
24710 9334
24711 9335
24712 9472
24713 9473
24714 9474
24715 9475
24716 9476
24717 9477
24718 9478
24719 9479
24720 9616
24721 9617
24722 9618
24723 9619
24724 9620
24725 9621
24726 9622
24727 9623
24728 9760
24729 9761
24730 9762
24731 9763
24732 9764
24733 9765
24734 9766
24735 9767
24736 9904
24737 9905
24738 9906
24739 9907
24740 9908
24741 9909
24742 9910
24743 9911
24744 10048
24745 10049
24746 10050
24747 10051
24748 10052
24749 10053
24750 10054
24751 10055
24752 10192
24753 10193
24754 10194
24755 10195
24756 10196
24757 10197
24758 10198
24759 10199
24760 10336
24761 10337
24762 10338
24763 10339
24764 10340
24765 10341
24766 10342
24767 10343
24768 10480
24769 10481
24770 10482
24771 10483
24772 10484
24773 10485
24774 10486
24775 10487
24776 10624
24777 10625
24778 10626
24779 10627
24780 10628
24781 10629
24782 10630
24783 10631
24784 10768
24785 10769
24786 10770
24787 10771
24788 10772
24789 10773
24790 10774
24791 10775
24792 10912
24793 10913
24794 10914
24795 10915
24796 10916
24797 10917
24798 10918
24799 10919
24800 11056
24801 11057
24802 11058
24803 11059
24804 11060
24805 11061
24806 11062
24807 11063
24808 11200
24809 11201
24810 11202
24811 11203
24812 11204
24813 11205
24814 11206
24815 11207
24816 11344
24817 11345
24818 11346
24819 11347
24820 11348
24821 11349
24822 11350
24823 11351
24824 11488
24825 11489
24826 11490
24827 11491
24828 11492
24829 11493
24830 11494
24831 11495
24832 11632
24833 11633
24834 11634
24835 11635
24836 11636
24837 11637
24838 11638
24839 11639
24840 11776
24841 11777
24842 11778
24843 11779
24844 11780
24845 11781
24846 11782
24847 11783
24848 11920
24849 11921
24850 11922
24851 11923
24852 11924
24853 11925
24854 11926
24855 11927
24856 12064
24857 12065
24858 12066
24859 12067
24860 12068
24861 12069
24862 12070
24863 12071
24864 12208
24865 12209
24866 12210
24867 12211
24868 12212
24869 12213
24870 12214
24871 12215
24872 12352
24873 12353
24874 12354
24875 12355
24876 12356
24877 12357
24878 12358
24879 12359
24880 12496
24881 12497
24882 12498
24883 12499
24884 12500
24885 12501
24886 12502
24887 12503
24888 12640
24889 12641
24890 12642
24891 12643
24892 12644
24893 12645
24894 12646
24895 12647
24896 12784
24897 12785
24898 12786
24899 12787
24900 12788
24901 12789
24902 12790
24903 12791
24904 12928
24905 12929
24906 12930
24907 12931
24908 12932
24909 12933
24910 12934
24911 12935
24912 13072
24913 13073
24914 13074
24915 13075
24916 13076
24917 13077
24918 13078
24919 13079
24920 13216
24921 13217
24922 13218
24923 13219
24924 13220
24925 13221
24926 13222
24927 13223
24928 13360
24929 13361
24930 13362
24931 13363
24932 13364
24933 13365
24934 13366
24935 13367
24936 13504
24937 13505
24938 13506
24939 13507
24940 13508
24941 13509
24942 13510
24943 13511
24944 13648
24945 13649
24946 13650
24947 13651
24948 13652
24949 13653
24950 13654
24951 13655
24952 13792
24953 13793
24954 13794
24955 13795
24956 13796
24957 13797
24958 13798
24959 13799
24960 13936
24961 13937
24962 13938
24963 13939
24964 13940
24965 13941
24966 13942
24967 13943
24968 14080
24969 14081
24970 14082
24971 14083
24972 14084
24973 14085
24974 14086
24975 14087
24976 14224
24977 14225
24978 14226
24979 14227
24980 14228
24981 14229
24982 14230
24983 14231
24984 14368
24985 14369
24986 14370
24987 14371
24988 14372
24989 14373
24990 14374
24991 14375
24992 14512
24993 14513
24994 14514
24995 14515
24996 14516
24997 14517
24998 14518
24999 14519
25000 14656
25001 14657
25002 14658
25003 14659
25004 14660
25005 14661
25006 14662
25007 14663
25008 14800
25009 14801
25010 14802
25011 14803
25012 14804
25013 14805
25014 14806
25015 14807
25016 14944
25017 14945
25018 14946
25019 14947
25020 14948
25021 14949
25022 14950
25023 14951
25024 15088
25025 15089
25026 15090
25027 15091
25028 15092
25029 15093
25030 15094
25031 15095
25032 15232
25033 15233
25034 15234
25035 15235
25036 15236
25037 15237
25038 15238
25039 15239
25040 15376
25041 15377
25042 15378
25043 15379
25044 15380
25045 15381
25046 15382
25047 15383
25048 15520
25049 15521
25050 15522
25051 15523
25052 15524
25053 15525
25054 15526
25055 15527
25056 15664
25057 15665
25058 15666
25059 15667
25060 15668
25061 15669
25062 15670
25063 15671
25064 15808
25065 15809
25066 15810
25067 15811
25068 15812
25069 15813
25070 15814
25071 15815
25072 15952
25073 15953
25074 15954
25075 15955
25076 15956
25077 15957
25078 15958
25079 15959
25080 16096
25081 16097
25082 16098
25083 16099
25084 16100
25085 16101
25086 16102
25087 16103
25088 16240
25089 16241
25090 16242
25091 16243
25092 16244
25093 16245
25094 16246
25095 16247
25096 16384
25097 16385
25098 16386
25099 16387
25100 16388
25101 16389
25102 16390
25103 16391
25104 16528
25105 16529
25106 16530
25107 16531
25108 16532
25109 16533
25110 16534
25111 16535
25112 16672
25113 16673
25114 16674
25115 16675
25116 16676
25117 16677
25118 16678
25119 16679
25120 16816
25121 16817
25122 16818
25123 16819
25124 16820
25125 16821
25126 16822
25127 16823
25128 16960
25129 16961
25130 16962
25131 16963
25132 16964
25133 16965
25134 16966
25135 16967
25136 17104
25137 17105
25138 17106
25139 17107
25140 17108
25141 17109
25142 17110
25143 17111
25144 17248
25145 17249
25146 17250
25147 17251
25148 17252
25149 17253
25150 17254
25151 17255
25152 17392
25153 17393
25154 17394
25155 17395
25156 17396
25157 17397
25158 17398
25159 17399
25160 17536
25161 17537
25162 17538
25163 17539
25164 17540
25165 17541
25166 17542
25167 17543
25168 17680
25169 17681
25170 17682
25171 17683
25172 17684
25173 17685
25174 17686
25175 17687
25176 17824
25177 17825
25178 17826
25179 17827
25180 17828
25181 17829
25182 17830
25183 17831
25184 17968
25185 17969
25186 17970
25187 17971
25188 17972
25189 17973
25190 17974
25191 17975
25192 18112
25193 18113
25194 18114
25195 18115
25196 18116
25197 18117
25198 18118
25199 18119
25200 18256
25201 18257
25202 18258
25203 18259
25204 18260
25205 18261
25206 18262
25207 18263
25208 18400
25209 18401
25210 18402
25211 18403
25212 18404
25213 18405
25214 18406
25215 18407
25216 18544
25217 18545
25218 18546
25219 18547
25220 18548
25221 18549
25222 18550
25223 18551
25224 18688
25225 18689
25226 18690
25227 18691
25228 18692
25229 18693
25230 18694
25231 18695
25232 18832
25233 18833
25234 18834
25235 18835
25236 18836
25237 18837
25238 18838
25239 18839
25240 18976
25241 18977
25242 18978
25243 18979
25244 18980
25245 18981
25246 18982
25247 18983
25248 19120
25249 19121
25250 19122
25251 19123
25252 19124
25253 19125
25254 19126
25255 19127
25256 19264
25257 19265
25258 19266
25259 19267
25260 19268
25261 19269
25262 19270
25263 19271
25264 19408
25265 19409
25266 19410
25267 19411
25268 19412
25269 19413
25270 19414
25271 19415
25272 19552
25273 19553
25274 19554
25275 19555
25276 19556
25277 19557
25278 19558
25279 19559
25280 19696
25281 19697
25282 19698
25283 19699
25284 19700
25285 19701
25286 19702
25287 19703
25288 19840
25289 19841
25290 19842
25291 19843
25292 19844
25293 19845
25294 19846
25295 19847
25296 19984
25297 19985
25298 19986
25299 19987
25300 19988
25301 19989
25302 19990
25303 19991
25304 20128
25305 20129
25306 20130
25307 20131
25308 20132
25309 20133
25310 20134
25311 20135
25312 20272
25313 20273
25314 20274
25315 20275
25316 20276
25317 20277
25318 20278
25319 20279
25320 20416
25321 20417
25322 20418
25323 20419
25324 20420
25325 20421
25326 20422
25327 20423
25328 20560
25329 20561
25330 20562
25331 20563
25332 20564
25333 20565
25334 20566
25335 20567
25336 20704
25337 20705
25338 20706
25339 20707
25340 20708
25341 20709
25342 20710
25343 20711
25344 20848
25345 20849
25346 20850
25347 20851
25348 20852
25349 20853
25350 20854
25351 20855
25352 20992
25353 20993
25354 20994
25355 20995
25356 20996
25357 20997
25358 20998
25359 20999
25360 21136
25361 21137
25362 21138
25363 21139
25364 21140
25365 21141
25366 21142
25367 21143
25368 21280
25369 21281
25370 21282
25371 21283
25372 21284
25373 21285
25374 21286
25375 21287
25376 21424
25377 21425
25378 21426
25379 21427
25380 21428
25381 21429
25382 21430
25383 21431
25384 21568
25385 21569
25386 21570
25387 21571
25388 21572
25389 21573
25390 21574
25391 21575
25392 21712
25393 21713
25394 21714
25395 21715
25396 21716
25397 21717
25398 21718
25399 21719
25400 21856
25401 21857
25402 21858
25403 21859
25404 21860
25405 21861
25406 21862
25407 21863
25408 22000
25409 22001
25410 22002
25411 22003
25412 22004
25413 22005
25414 22006
25415 22007
25416 22144
25417 22145
25418 22146
25419 22147
25420 22148
25421 22149
25422 22150
25423 22151
25424 22288
25425 22289
25426 22290
25427 22291
25428 22292
25429 22293
25430 22294
25431 22295
25432 22432
25433 22433
25434 22434
25435 22435
25436 22436
25437 22437
25438 22438
25439 22439
25440 22576
25441 22577
25442 22578
25443 22579
25444 22580
25445 22581
25446 22582
25447 22583
25448 22720
25449 22721
25450 22722
25451 22723
25452 22724
25453 22725
25454 22726
25455 22727
25456 22864
25457 22865
25458 22866
25459 22867
25460 22868
25461 22869
25462 22870
25463 22871
25464 23008
25465 23009
25466 23010
25467 23011
25468 23012
25469 23013
25470 23014
25471 23015
25472 23152
25473 23153
25474 23154
25475 23155
25476 23156
25477 23157
25478 23158
25479 23159
25480 23296
25481 23297
25482 23298
25483 23299
25484 23300
25485 23301
25486 23302
25487 23303
25488 23440
25489 23441
25490 23442
25491 23443
25492 23444
25493 23445
25494 23446
25495 23447
25496 23584
25497 23585
25498 23586
25499 23587
25500 23588
25501 23589
25502 23590
25503 23591
25504 23728
25505 23729
25506 23730
25507 23731
25508 23732
25509 23733
25510 23734
25511 23735
25512 23872
25513 23873
25514 23874
25515 23875
25516 23876
25517 23877
25518 23878
25519 23879
25520 24016
25521 24017
25522 24018
25523 24019
25524 24020
25525 24021
25526 24022
25527 24023
25528 24160
25529 24161
25530 24162
25531 24163
25532 24164
25533 24165
25534 24166
25535 24167
25536 24304
25537 24305
25538 24306
25539 24307
25540 24308
25541 24309
25542 24310
25543 24311
25544 24448
25545 24449
25546 24450
25547 24451
25548 24452
25549 24453
25550 24454
25551 24455
25552 24592
25553 24593
25554 24594
25555 24595
25556 24596
25557 24597
25558 24598
25559 24599
25560 24736
25561 24737
25562 24738
25563 24739
25564 24740
25565 24741
25566 24742
25567 24743
25568 24880
25569 24881
25570 24882
25571 24883
25572 24884
25573 24885
25574 24886
25575 24887
25576 25024
25577 25025
25578 25026
25579 25027
25580 25028
25581 25029
25582 25030
25583 25031
25584 25168
25585 25169
25586 25170
25587 25171
25588 25172
25589 25173
25590 25174
25591 25175
25592 25312
25593 25313
25594 25314
25595 25315
25596 25316
25597 25317
25598 25318
25599 25319
25600 25456
25601 25457
25602 25458
25603 25459
25604 25460
25605 25461
25606 25462
25607 25463
25608 25600
25609 25601
25610 25602
25611 25603
25612 25604
25613 25605
25614 25606
25615 25607
25616 25744
25617 25745
25618 25746
25619 25747
25620 25748
25621 25749
25622 25750
25623 25751
25624 25888
25625 25889
25626 25890
25627 25891
25628 25892
25629 25893
25630 25894
25631 25895
25632 26032
25633 26033
25634 26034
25635 26035
25636 26036
25637 26037
25638 26038
25639 26039
25640 26176
25641 26177
25642 26178
25643 26179
25644 26180
25645 26181
25646 26182
25647 26183
25648 26320
25649 26321
25650 26322
25651 26323
25652 26324
25653 26325
25654 26326
25655 26327
25656 26464
25657 26465
25658 26466
25659 26467
25660 26468
25661 26469
25662 26470
25663 26471
25664 26608
25665 26609
25666 26610
25667 26611
25668 26612
25669 26613
25670 26614
25671 26615
25672 26752
25673 26753
25674 26754
25675 26755
25676 26756
25677 26757
25678 26758
25679 26759
25680 26896
25681 26897
25682 26898
25683 26899
25684 26900
25685 26901
25686 26902
25687 26903
25688 27040
25689 27041
25690 27042
25691 27043
25692 27044
25693 27045
25694 27046
25695 27047
25696 27184
25697 27185
25698 27186
25699 27187
25700 27188
25701 27189
25702 27190
25703 27191
25704 27328
25705 27329
25706 27330
25707 27331
25708 27332
25709 27333
25710 27334
25711 27335
25712 27472
25713 27473
25714 27474
25715 27475
25716 27476
25717 27477
25718 27478
25719 27479
25720 27616
25721 27617
25722 27618
25723 27619
25724 27620
25725 27621
25726 27622
25727 27623
25728 27760
25729 27761
25730 27762
25731 27763
25732 27764
25733 27765
25734 27766
25735 27767
25736 27904
25737 27905
25738 27906
25739 27907
25740 27908
25741 27909
25742 27910
25743 27911
25744 28048
25745 28049
25746 28050
25747 28051
25748 28052
25749 28053
25750 28054
25751 28055
25752 28192
25753 28193
25754 28194
25755 28195
25756 28196
25757 28197
25758 28198
25759 28199
25760 28336
25761 28337
25762 28338
25763 28339
25764 28340
25765 28341
25766 28342
25767 28343
25768 28480
25769 28481
25770 28482
25771 28483
25772 28484
25773 28485
25774 28486
25775 28487
25776 28624
25777 28625
25778 28626
25779 28627
25780 28628
25781 28629
25782 28630
25783 28631
25784 28768
25785 28769
25786 28770
25787 28771
25788 28772
25789 28773
25790 28774
25791 28775
25792 28912
25793 28913
25794 28914
25795 28915
25796 28916
25797 28917
25798 28918
25799 28919
25800 29056
25801 29057
25802 29058
25803 29059
25804 29060
25805 29061
25806 29062
25807 29063
25808 29200
25809 29201
25810 29202
25811 29203
25812 29204
25813 29205
25814 29206
25815 29207
25816 29344
25817 29345
25818 29346
25819 29347
25820 29348
25821 29349
25822 29350
25823 29351
25824 29488
25825 29489
25826 29490
25827 29491
25828 29492
25829 29493
25830 29494
25831 29495
25832 29632
25833 29633
25834 29634
25835 29635
25836 29636
25837 29637
25838 29638
25839 29639
25840 29776
25841 29777
25842 29778
25843 29779
25844 29780
25845 29781
25846 29782
25847 29783
25848 29920
25849 29921
25850 29922
25851 29923
25852 29924
25853 29925
25854 29926
25855 29927
25856 30064
25857 30065
25858 30066
25859 30067
25860 30068
25861 30069
25862 30070
25863 30071
25864 30208
25865 30209
25866 30210
25867 30211
25868 30212
25869 30213
25870 30214
25871 30215
25872 30352
25873 30353
25874 30354
25875 30355
25876 30356
25877 30357
25878 30358
25879 30359
25880 30496
25881 30497
25882 30498
25883 30499
25884 30500
25885 30501
25886 30502
25887 30503
25888 30640
25889 30641
25890 30642
25891 30643
25892 30644
25893 30645
25894 30646
25895 30647
25896 30784
25897 30785
25898 30786
25899 30787
25900 30788
25901 30789
25902 30790
25903 30791
25904 30928
25905 30929
25906 30930
25907 30931
25908 30932
25909 30933
25910 30934
25911 30935
25912 31072
25913 31073
25914 31074
25915 31075
25916 31076
25917 31077
25918 31078
25919 31079
25920 120
25921 121
25922 122
25923 123
25924 124
25925 125
25926 126
25927 127
25928 264
25929 265
25930 266
25931 267
25932 268
25933 269
25934 270
25935 271
25936 408
25937 409
25938 410
25939 411
25940 412
25941 413
25942 414
25943 415
25944 552
25945 553
25946 554
25947 555
25948 556
25949 557
25950 558
25951 559
25952 696
25953 697
25954 698
25955 699
25956 700
25957 701
25958 702
25959 703
25960 840
25961 841
25962 842
25963 843
25964 844
25965 845
25966 846
25967 847
25968 984
25969 985
25970 986
25971 987
25972 988
25973 989
25974 990
25975 991
25976 1128
25977 1129
25978 1130
25979 1131
25980 1132
25981 1133
25982 1134
25983 1135
25984 1272
25985 1273
25986 1274
25987 1275
25988 1276
25989 1277
25990 1278
25991 1279
25992 1416
25993 1417
25994 1418
25995 1419
25996 1420
25997 1421
25998 1422
25999 1423
26000 1560
26001 1561
26002 1562
26003 1563
26004 1564
26005 1565
26006 1566
26007 1567
26008 1704
26009 1705
26010 1706
26011 1707
26012 1708
26013 1709
26014 1710
26015 1711
26016 1848
26017 1849
26018 1850
26019 1851
26020 1852
26021 1853
26022 1854
26023 1855
26024 1992
26025 1993
26026 1994
26027 1995
26028 1996
26029 1997
26030 1998
26031 1999
26032 2136
26033 2137
26034 2138
26035 2139
26036 2140
26037 2141
26038 2142
26039 2143
26040 2280
26041 2281
26042 2282
26043 2283
26044 2284
26045 2285
26046 2286
26047 2287
26048 2424
26049 2425
26050 2426
26051 2427
26052 2428
26053 2429
26054 2430
26055 2431
26056 2568
26057 2569
26058 2570
26059 2571
26060 2572
26061 2573
26062 2574
26063 2575
26064 2712
26065 2713
26066 2714
26067 2715
26068 2716
26069 2717
26070 2718
26071 2719
26072 2856
26073 2857
26074 2858
26075 2859
26076 2860
26077 2861
26078 2862
26079 2863
26080 3000
26081 3001
26082 3002
26083 3003
26084 3004
26085 3005
26086 3006
26087 3007
26088 3144
26089 3145
26090 3146
26091 3147
26092 3148
26093 3149
26094 3150
26095 3151
26096 3288
26097 3289
26098 3290
26099 3291
26100 3292
26101 3293
26102 3294
26103 3295
26104 3432
26105 3433
26106 3434
26107 3435
26108 3436
26109 3437
26110 3438
26111 3439
26112 3576
26113 3577
26114 3578
26115 3579
26116 3580
26117 3581
26118 3582
26119 3583
26120 3720
26121 3721
26122 3722
26123 3723
26124 3724
26125 3725
26126 3726
26127 3727
26128 3864
26129 3865
26130 3866
26131 3867
26132 3868
26133 3869
26134 3870
26135 3871
26136 4008
26137 4009
26138 4010
26139 4011
26140 4012
26141 4013
26142 4014
26143 4015
26144 4152
26145 4153
26146 4154
26147 4155
26148 4156
26149 4157
26150 4158
26151 4159
26152 4296
26153 4297
26154 4298
26155 4299
26156 4300
26157 4301
26158 4302
26159 4303
26160 4440
26161 4441
26162 4442
26163 4443
26164 4444
26165 4445
26166 4446
26167 4447
26168 4584
26169 4585
26170 4586
26171 4587
26172 4588
26173 4589
26174 4590
26175 4591
26176 4728
26177 4729
26178 4730
26179 4731
26180 4732
26181 4733
26182 4734
26183 4735
26184 4872
26185 4873
26186 4874
26187 4875
26188 4876
26189 4877
26190 4878
26191 4879
26192 5016
26193 5017
26194 5018
26195 5019
26196 5020
26197 5021
26198 5022
26199 5023
26200 5160
26201 5161
26202 5162
26203 5163
26204 5164
26205 5165
26206 5166
26207 5167
26208 5304
26209 5305
26210 5306
26211 5307
26212 5308
26213 5309
26214 5310
26215 5311
26216 5448
26217 5449
26218 5450
26219 5451
26220 5452
26221 5453
26222 5454
26223 5455
26224 5592
26225 5593
26226 5594
26227 5595
26228 5596
26229 5597
26230 5598
26231 5599
26232 5736
26233 5737
26234 5738
26235 5739
26236 5740
26237 5741
26238 5742
26239 5743
26240 5880
26241 5881
26242 5882
26243 5883
26244 5884
26245 5885
26246 5886
26247 5887
26248 6024
26249 6025
26250 6026
26251 6027
26252 6028
26253 6029
26254 6030
26255 6031
26256 6168
26257 6169
26258 6170
26259 6171
26260 6172
26261 6173
26262 6174
26263 6175
26264 6312
26265 6313
26266 6314
26267 6315
26268 6316
26269 6317
26270 6318
26271 6319
26272 6456
26273 6457
26274 6458
26275 6459
26276 6460
26277 6461
26278 6462
26279 6463
26280 6600
26281 6601
26282 6602
26283 6603
26284 6604
26285 6605
26286 6606
26287 6607
26288 6744
26289 6745
26290 6746
26291 6747
26292 6748
26293 6749
26294 6750
26295 6751
26296 6888
26297 6889
26298 6890
26299 6891
26300 6892
26301 6893
26302 6894
26303 6895
26304 7032
26305 7033
26306 7034
26307 7035
26308 7036
26309 7037
26310 7038
26311 7039
26312 7176
26313 7177
26314 7178
26315 7179
26316 7180
26317 7181
26318 7182
26319 7183
26320 7320
26321 7321
26322 7322
26323 7323
26324 7324
26325 7325
26326 7326
26327 7327
26328 7464
26329 7465
26330 7466
26331 7467
26332 7468
26333 7469
26334 7470
26335 7471
26336 7608
26337 7609
26338 7610
26339 7611
26340 7612
26341 7613
26342 7614
26343 7615
26344 7752
26345 7753
26346 7754
26347 7755
26348 7756
26349 7757
26350 7758
26351 7759
26352 7896
26353 7897
26354 7898
26355 7899
26356 7900
26357 7901
26358 7902
26359 7903
26360 8040
26361 8041
26362 8042
26363 8043
26364 8044
26365 8045
26366 8046
26367 8047
26368 8184
26369 8185
26370 8186
26371 8187
26372 8188
26373 8189
26374 8190
26375 8191
26376 8328
26377 8329
26378 8330
26379 8331
26380 8332
26381 8333
26382 8334
26383 8335
26384 8472
26385 8473
26386 8474
26387 8475
26388 8476
26389 8477
26390 8478
26391 8479
26392 8616
26393 8617
26394 8618
26395 8619
26396 8620
26397 8621
26398 8622
26399 8623
26400 8760
26401 8761
26402 8762
26403 8763
26404 8764
26405 8765
26406 8766
26407 8767
26408 8904
26409 8905
26410 8906
26411 8907
26412 8908
26413 8909
26414 8910
26415 8911
26416 9048
26417 9049
26418 9050
26419 9051
26420 9052
26421 9053
26422 9054
26423 9055
26424 9192
26425 9193
26426 9194
26427 9195
26428 9196
26429 9197
26430 9198
26431 9199
26432 9336
26433 9337
26434 9338
26435 9339
26436 9340
26437 9341
26438 9342
26439 9343
26440 9480
26441 9481
26442 9482
26443 9483
26444 9484
26445 9485
26446 9486
26447 9487
26448 9624
26449 9625
26450 9626
26451 9627
26452 9628
26453 9629
26454 9630
26455 9631
26456 9768
26457 9769
26458 9770
26459 9771
26460 9772
26461 9773
26462 9774
26463 9775
26464 9912
26465 9913
26466 9914
26467 9915
26468 9916
26469 9917
26470 9918
26471 9919
26472 10056
26473 10057
26474 10058
26475 10059
26476 10060
26477 10061
26478 10062
26479 10063
26480 10200
26481 10201
26482 10202
26483 10203
26484 10204
26485 10205
26486 10206
26487 10207
26488 10344
26489 10345
26490 10346
26491 10347
26492 10348
26493 10349
26494 10350
26495 10351
26496 10488
26497 10489
26498 10490
26499 10491
26500 10492
26501 10493
26502 10494
26503 10495
26504 10632
26505 10633
26506 10634
26507 10635
26508 10636
26509 10637
26510 10638
26511 10639
26512 10776
26513 10777
26514 10778
26515 10779
26516 10780
26517 10781
26518 10782
26519 10783
26520 10920
26521 10921
26522 10922
26523 10923
26524 10924
26525 10925
26526 10926
26527 10927
26528 11064
26529 11065
26530 11066
26531 11067
26532 11068
26533 11069
26534 11070
26535 11071
26536 11208
26537 11209
26538 11210
26539 11211
26540 11212
26541 11213
26542 11214
26543 11215
26544 11352
26545 11353
26546 11354
26547 11355
26548 11356
26549 11357
26550 11358
26551 11359
26552 11496
26553 11497
26554 11498
26555 11499
26556 11500
26557 11501
26558 11502
26559 11503
26560 11640
26561 11641
26562 11642
26563 11643
26564 11644
26565 11645
26566 11646
26567 11647
26568 11784
26569 11785
26570 11786
26571 11787
26572 11788
26573 11789
26574 11790
26575 11791
26576 11928
26577 11929
26578 11930
26579 11931
26580 11932
26581 11933
26582 11934
26583 11935
26584 12072
26585 12073
26586 12074
26587 12075
26588 12076
26589 12077
26590 12078
26591 12079
26592 12216
26593 12217
26594 12218
26595 12219
26596 12220
26597 12221
26598 12222
26599 12223
26600 12360
26601 12361
26602 12362
26603 12363
26604 12364
26605 12365
26606 12366
26607 12367
26608 12504
26609 12505
26610 12506
26611 12507
26612 12508
26613 12509
26614 12510
26615 12511
26616 12648
26617 12649
26618 12650
26619 12651
26620 12652
26621 12653
26622 12654
26623 12655
26624 12792
26625 12793
26626 12794
26627 12795
26628 12796
26629 12797
26630 12798
26631 12799
26632 12936
26633 12937
26634 12938
26635 12939
26636 12940
26637 12941
26638 12942
26639 12943
26640 13080
26641 13081
26642 13082
26643 13083
26644 13084
26645 13085
26646 13086
26647 13087
26648 13224
26649 13225
26650 13226
26651 13227
26652 13228
26653 13229
26654 13230
26655 13231
26656 13368
26657 13369
26658 13370
26659 13371
26660 13372
26661 13373
26662 13374
26663 13375
26664 13512
26665 13513
26666 13514
26667 13515
26668 13516
26669 13517
26670 13518
26671 13519
26672 13656
26673 13657
26674 13658
26675 13659
26676 13660
26677 13661
26678 13662
26679 13663
26680 13800
26681 13801
26682 13802
26683 13803
26684 13804
26685 13805
26686 13806
26687 13807
26688 13944
26689 13945
26690 13946
26691 13947
26692 13948
26693 13949
26694 13950
26695 13951
26696 14088
26697 14089
26698 14090
26699 14091
26700 14092
26701 14093
26702 14094
26703 14095
26704 14232
26705 14233
26706 14234
26707 14235
26708 14236
26709 14237
26710 14238
26711 14239
26712 14376
26713 14377
26714 14378
26715 14379
26716 14380
26717 14381
26718 14382
26719 14383
26720 14520
26721 14521
26722 14522
26723 14523
26724 14524
26725 14525
26726 14526
26727 14527
26728 14664
26729 14665
26730 14666
26731 14667
26732 14668
26733 14669
26734 14670
26735 14671
26736 14808
26737 14809
26738 14810
26739 14811
26740 14812
26741 14813
26742 14814
26743 14815
26744 14952
26745 14953
26746 14954
26747 14955
26748 14956
26749 14957
26750 14958
26751 14959
26752 15096
26753 15097
26754 15098
26755 15099
26756 15100
26757 15101
26758 15102
26759 15103
26760 15240
26761 15241
26762 15242
26763 15243
26764 15244
26765 15245
26766 15246
26767 15247
26768 15384
26769 15385
26770 15386
26771 15387
26772 15388
26773 15389
26774 15390
26775 15391
26776 15528
26777 15529
26778 15530
26779 15531
26780 15532
26781 15533
26782 15534
26783 15535
26784 15672
26785 15673
26786 15674
26787 15675
26788 15676
26789 15677
26790 15678
26791 15679
26792 15816
26793 15817
26794 15818
26795 15819
26796 15820
26797 15821
26798 15822
26799 15823
26800 15960
26801 15961
26802 15962
26803 15963
26804 15964
26805 15965
26806 15966
26807 15967
26808 16104
26809 16105
26810 16106
26811 16107
26812 16108
26813 16109
26814 16110
26815 16111
26816 16248
26817 16249
26818 16250
26819 16251
26820 16252
26821 16253
26822 16254
26823 16255
26824 16392
26825 16393
26826 16394
26827 16395
26828 16396
26829 16397
26830 16398
26831 16399
26832 16536
26833 16537
26834 16538
26835 16539
26836 16540
26837 16541
26838 16542
26839 16543
26840 16680
26841 16681
26842 16682
26843 16683
26844 16684
26845 16685
26846 16686
26847 16687
26848 16824
26849 16825
26850 16826
26851 16827
26852 16828
26853 16829
26854 16830
26855 16831
26856 16968
26857 16969
26858 16970
26859 16971
26860 16972
26861 16973
26862 16974
26863 16975
26864 17112
26865 17113
26866 17114
26867 17115
26868 17116
26869 17117
26870 17118
26871 17119
26872 17256
26873 17257
26874 17258
26875 17259
26876 17260
26877 17261
26878 17262
26879 17263
26880 17400
26881 17401
26882 17402
26883 17403
26884 17404
26885 17405
26886 17406
26887 17407
26888 17544
26889 17545
26890 17546
26891 17547
26892 17548
26893 17549
26894 17550
26895 17551
26896 17688
26897 17689
26898 17690
26899 17691
26900 17692
26901 17693
26902 17694
26903 17695
26904 17832
26905 17833
26906 17834
26907 17835
26908 17836
26909 17837
26910 17838
26911 17839
26912 17976
26913 17977
26914 17978
26915 17979
26916 17980
26917 17981
26918 17982
26919 17983
26920 18120
26921 18121
26922 18122
26923 18123
26924 18124
26925 18125
26926 18126
26927 18127
26928 18264
26929 18265
26930 18266
26931 18267
26932 18268
26933 18269
26934 18270
26935 18271
26936 18408
26937 18409
26938 18410
26939 18411
26940 18412
26941 18413
26942 18414
26943 18415
26944 18552
26945 18553
26946 18554
26947 18555
26948 18556
26949 18557
26950 18558
26951 18559
26952 18696
26953 18697
26954 18698
26955 18699
26956 18700
26957 18701
26958 18702
26959 18703
26960 18840
26961 18841
26962 18842
26963 18843
26964 18844
26965 18845
26966 18846
26967 18847
26968 18984
26969 18985
26970 18986
26971 18987
26972 18988
26973 18989
26974 18990
26975 18991
26976 19128
26977 19129
26978 19130
26979 19131
26980 19132
26981 19133
26982 19134
26983 19135
26984 19272
26985 19273
26986 19274
26987 19275
26988 19276
26989 19277
26990 19278
26991 19279
26992 19416
26993 19417
26994 19418
26995 19419
26996 19420
26997 19421
26998 19422
26999 19423
27000 19560
27001 19561
27002 19562
27003 19563
27004 19564
27005 19565
27006 19566
27007 19567
27008 19704
27009 19705
27010 19706
27011 19707
27012 19708
27013 19709
27014 19710
27015 19711
27016 19848
27017 19849
27018 19850
27019 19851
27020 19852
27021 19853
27022 19854
27023 19855
27024 19992
27025 19993
27026 19994
27027 19995
27028 19996
27029 19997
27030 19998
27031 19999
27032 20136
27033 20137
27034 20138
27035 20139
27036 20140
27037 20141
27038 20142
27039 20143
27040 20280
27041 20281
27042 20282
27043 20283
27044 20284
27045 20285
27046 20286
27047 20287
27048 20424
27049 20425
27050 20426
27051 20427
27052 20428
27053 20429
27054 20430
27055 20431
27056 20568
27057 20569
27058 20570
27059 20571
27060 20572
27061 20573
27062 20574
27063 20575
27064 20712
27065 20713
27066 20714
27067 20715
27068 20716
27069 20717
27070 20718
27071 20719
27072 20856
27073 20857
27074 20858
27075 20859
27076 20860
27077 20861
27078 20862
27079 20863
27080 21000
27081 21001
27082 21002
27083 21003
27084 21004
27085 21005
27086 21006
27087 21007
27088 21144
27089 21145
27090 21146
27091 21147
27092 21148
27093 21149
27094 21150
27095 21151
27096 21288
27097 21289
27098 21290
27099 21291
27100 21292
27101 21293
27102 21294
27103 21295
27104 21432
27105 21433
27106 21434
27107 21435
27108 21436
27109 21437
27110 21438
27111 21439
27112 21576
27113 21577
27114 21578
27115 21579
27116 21580
27117 21581
27118 21582
27119 21583
27120 21720
27121 21721
27122 21722
27123 21723
27124 21724
27125 21725
27126 21726
27127 21727
27128 21864
27129 21865
27130 21866
27131 21867
27132 21868
27133 21869
27134 21870
27135 21871
27136 22008
27137 22009
27138 22010
27139 22011
27140 22012
27141 22013
27142 22014
27143 22015
27144 22152
27145 22153
27146 22154
27147 22155
27148 22156
27149 22157
27150 22158
27151 22159
27152 22296
27153 22297
27154 22298
27155 22299
27156 22300
27157 22301
27158 22302
27159 22303
27160 22440
27161 22441
27162 22442
27163 22443
27164 22444
27165 22445
27166 22446
27167 22447
27168 22584
27169 22585
27170 22586
27171 22587
27172 22588
27173 22589
27174 22590
27175 22591
27176 22728
27177 22729
27178 22730
27179 22731
27180 22732
27181 22733
27182 22734
27183 22735
27184 22872
27185 22873
27186 22874
27187 22875
27188 22876
27189 22877
27190 22878
27191 22879
27192 23016
27193 23017
27194 23018
27195 23019
27196 23020
27197 23021
27198 23022
27199 23023
27200 23160
27201 23161
27202 23162
27203 23163
27204 23164
27205 23165
27206 23166
27207 23167
27208 23304
27209 23305
27210 23306
27211 23307
27212 23308
27213 23309
27214 23310
27215 23311
27216 23448
27217 23449
27218 23450
27219 23451
27220 23452
27221 23453
27222 23454
27223 23455
27224 23592
27225 23593
27226 23594
27227 23595
27228 23596
27229 23597
27230 23598
27231 23599
27232 23736
27233 23737
27234 23738
27235 23739
27236 23740
27237 23741
27238 23742
27239 23743
27240 23880
27241 23881
27242 23882
27243 23883
27244 23884
27245 23885
27246 23886
27247 23887
27248 24024
27249 24025
27250 24026
27251 24027
27252 24028
27253 24029
27254 24030
27255 24031
27256 24168
27257 24169
27258 24170
27259 24171
27260 24172
27261 24173
27262 24174
27263 24175
27264 24312
27265 24313
27266 24314
27267 24315
27268 24316
27269 24317
27270 24318
27271 24319
27272 24456
27273 24457
27274 24458
27275 24459
27276 24460
27277 24461
27278 24462
27279 24463
27280 24600
27281 24601
27282 24602
27283 24603
27284 24604
27285 24605
27286 24606
27287 24607
27288 24744
27289 24745
27290 24746
27291 24747
27292 24748
27293 24749
27294 24750
27295 24751
27296 24888
27297 24889
27298 24890
27299 24891
27300 24892
27301 24893
27302 24894
27303 24895
27304 25032
27305 25033
27306 25034
27307 25035
27308 25036
27309 25037
27310 25038
27311 25039
27312 25176
27313 25177
27314 25178
27315 25179
27316 25180
27317 25181
27318 25182
27319 25183
27320 25320
27321 25321
27322 25322
27323 25323
27324 25324
27325 25325
27326 25326
27327 25327
27328 25464
27329 25465
27330 25466
27331 25467
27332 25468
27333 25469
27334 25470
27335 25471
27336 25608
27337 25609
27338 25610
27339 25611
27340 25612
27341 25613
27342 25614
27343 25615
27344 25752
27345 25753
27346 25754
27347 25755
27348 25756
27349 25757
27350 25758
27351 25759
27352 25896
27353 25897
27354 25898
27355 25899
27356 25900
27357 25901
27358 25902
27359 25903
27360 26040
27361 26041
27362 26042
27363 26043
27364 26044
27365 26045
27366 26046
27367 26047
27368 26184
27369 26185
27370 26186
27371 26187
27372 26188
27373 26189
27374 26190
27375 26191
27376 26328
27377 26329
27378 26330
27379 26331
27380 26332
27381 26333
27382 26334
27383 26335
27384 26472
27385 26473
27386 26474
27387 26475
27388 26476
27389 26477
27390 26478
27391 26479
27392 26616
27393 26617
27394 26618
27395 26619
27396 26620
27397 26621
27398 26622
27399 26623
27400 26760
27401 26761
27402 26762
27403 26763
27404 26764
27405 26765
27406 26766
27407 26767
27408 26904
27409 26905
27410 26906
27411 26907
27412 26908
27413 26909
27414 26910
27415 26911
27416 27048
27417 27049
27418 27050
27419 27051
27420 27052
27421 27053
27422 27054
27423 27055
27424 27192
27425 27193
27426 27194
27427 27195
27428 27196
27429 27197
27430 27198
27431 27199
27432 27336
27433 27337
27434 27338
27435 27339
27436 27340
27437 27341
27438 27342
27439 27343
27440 27480
27441 27481
27442 27482
27443 27483
27444 27484
27445 27485
27446 27486
27447 27487
27448 27624
27449 27625
27450 27626
27451 27627
27452 27628
27453 27629
27454 27630
27455 27631
27456 27768
27457 27769
27458 27770
27459 27771
27460 27772
27461 27773
27462 27774
27463 27775
27464 27912
27465 27913
27466 27914
27467 27915
27468 27916
27469 27917
27470 27918
27471 27919
27472 28056
27473 28057
27474 28058
27475 28059
27476 28060
27477 28061
27478 28062
27479 28063
27480 28200
27481 28201
27482 28202
27483 28203
27484 28204
27485 28205
27486 28206
27487 28207
27488 28344
27489 28345
27490 28346
27491 28347
27492 28348
27493 28349
27494 28350
27495 28351
27496 28488
27497 28489
27498 28490
27499 28491
27500 28492
27501 28493
27502 28494
27503 28495
27504 28632
27505 28633
27506 28634
27507 28635
27508 28636
27509 28637
27510 28638
27511 28639
27512 28776
27513 28777
27514 28778
27515 28779
27516 28780
27517 28781
27518 28782
27519 28783
27520 28920
27521 28921
27522 28922
27523 28923
27524 28924
27525 28925
27526 28926
27527 28927
27528 29064
27529 29065
27530 29066
27531 29067
27532 29068
27533 29069
27534 29070
27535 29071
27536 29208
27537 29209
27538 29210
27539 29211
27540 29212
27541 29213
27542 29214
27543 29215
27544 29352
27545 29353
27546 29354
27547 29355
27548 29356
27549 29357
27550 29358
27551 29359
27552 29496
27553 29497
27554 29498
27555 29499
27556 29500
27557 29501
27558 29502
27559 29503
27560 29640
27561 29641
27562 29642
27563 29643
27564 29644
27565 29645
27566 29646
27567 29647
27568 29784
27569 29785
27570 29786
27571 29787
27572 29788
27573 29789
27574 29790
27575 29791
27576 29928
27577 29929
27578 29930
27579 29931
27580 29932
27581 29933
27582 29934
27583 29935
27584 30072
27585 30073
27586 30074
27587 30075
27588 30076
27589 30077
27590 30078
27591 30079
27592 30216
27593 30217
27594 30218
27595 30219
27596 30220
27597 30221
27598 30222
27599 30223
27600 30360
27601 30361
27602 30362
27603 30363
27604 30364
27605 30365
27606 30366
27607 30367
27608 30504
27609 30505
27610 30506
27611 30507
27612 30508
27613 30509
27614 30510
27615 30511
27616 30648
27617 30649
27618 30650
27619 30651
27620 30652
27621 30653
27622 30654
27623 30655
27624 30792
27625 30793
27626 30794
27627 30795
27628 30796
27629 30797
27630 30798
27631 30799
27632 30936
27633 30937
27634 30938
27635 30939
27636 30940
27637 30941
27638 30942
27639 30943
27640 31080
27641 31081
27642 31082
27643 31083
27644 31084
27645 31085
27646 31086
27647 31087
27648 128
27649 129
27650 130
27651 131
27652 132
27653 133
27654 134
27655 135
27656 272
27657 273
27658 274
27659 275
27660 276
27661 277
27662 278
27663 279
27664 416
27665 417
27666 418
27667 419
27668 420
27669 421
27670 422
27671 423
27672 560
27673 561
27674 562
27675 563
27676 564
27677 565
27678 566
27679 567
27680 704
27681 705
27682 706
27683 707
27684 708
27685 709
27686 710
27687 711
27688 848
27689 849
27690 850
27691 851
27692 852
27693 853
27694 854
27695 855
27696 992
27697 993
27698 994
27699 995
27700 996
27701 997
27702 998
27703 999
27704 1136
27705 1137
27706 1138
27707 1139
27708 1140
27709 1141
27710 1142
27711 1143
27712 1280
27713 1281
27714 1282
27715 1283
27716 1284
27717 1285
27718 1286
27719 1287
27720 1424
27721 1425
27722 1426
27723 1427
27724 1428
27725 1429
27726 1430
27727 1431
27728 1568
27729 1569
27730 1570
27731 1571
27732 1572
27733 1573
27734 1574
27735 1575
27736 1712
27737 1713
27738 1714
27739 1715
27740 1716
27741 1717
27742 1718
27743 1719
27744 1856
27745 1857
27746 1858
27747 1859
27748 1860
27749 1861
27750 1862
27751 1863
27752 2000
27753 2001
27754 2002
27755 2003
27756 2004
27757 2005
27758 2006
27759 2007
27760 2144
27761 2145
27762 2146
27763 2147
27764 2148
27765 2149
27766 2150
27767 2151
27768 2288
27769 2289
27770 2290
27771 2291
27772 2292
27773 2293
27774 2294
27775 2295
27776 2432
27777 2433
27778 2434
27779 2435
27780 2436
27781 2437
27782 2438
27783 2439
27784 2576
27785 2577
27786 2578
27787 2579
27788 2580
27789 2581
27790 2582
27791 2583
27792 2720
27793 2721
27794 2722
27795 2723
27796 2724
27797 2725
27798 2726
27799 2727
27800 2864
27801 2865
27802 2866
27803 2867
27804 2868
27805 2869
27806 2870
27807 2871
27808 3008
27809 3009
27810 3010
27811 3011
27812 3012
27813 3013
27814 3014
27815 3015
27816 3152
27817 3153
27818 3154
27819 3155
27820 3156
27821 3157
27822 3158
27823 3159
27824 3296
27825 3297
27826 3298
27827 3299
27828 3300
27829 3301
27830 3302
27831 3303
27832 3440
27833 3441
27834 3442
27835 3443
27836 3444
27837 3445
27838 3446
27839 3447
27840 3584
27841 3585
27842 3586
27843 3587
27844 3588
27845 3589
27846 3590
27847 3591
27848 3728
27849 3729
27850 3730
27851 3731
27852 3732
27853 3733
27854 3734
27855 3735
27856 3872
27857 3873
27858 3874
27859 3875
27860 3876
27861 3877
27862 3878
27863 3879
27864 4016
27865 4017
27866 4018
27867 4019
27868 4020
27869 4021
27870 4022
27871 4023
27872 4160
27873 4161
27874 4162
27875 4163
27876 4164
27877 4165
27878 4166
27879 4167
27880 4304
27881 4305
27882 4306
27883 4307
27884 4308
27885 4309
27886 4310
27887 4311
27888 4448
27889 4449
27890 4450
27891 4451
27892 4452
27893 4453
27894 4454
27895 4455
27896 4592
27897 4593
27898 4594
27899 4595
27900 4596
27901 4597
27902 4598
27903 4599
27904 4736
27905 4737
27906 4738
27907 4739
27908 4740
27909 4741
27910 4742
27911 4743
27912 4880
27913 4881
27914 4882
27915 4883
27916 4884
27917 4885
27918 4886
27919 4887
27920 5024
27921 5025
27922 5026
27923 5027
27924 5028
27925 5029
27926 5030
27927 5031
27928 5168
27929 5169
27930 5170
27931 5171
27932 5172
27933 5173
27934 5174
27935 5175
27936 5312
27937 5313
27938 5314
27939 5315
27940 5316
27941 5317
27942 5318
27943 5319
27944 5456
27945 5457
27946 5458
27947 5459
27948 5460
27949 5461
27950 5462
27951 5463
27952 5600
27953 5601
27954 5602
27955 5603
27956 5604
27957 5605
27958 5606
27959 5607
27960 5744
27961 5745
27962 5746
27963 5747
27964 5748
27965 5749
27966 5750
27967 5751
27968 5888
27969 5889
27970 5890
27971 5891
27972 5892
27973 5893
27974 5894
27975 5895
27976 6032
27977 6033
27978 6034
27979 6035
27980 6036
27981 6037
27982 6038
27983 6039
27984 6176
27985 6177
27986 6178
27987 6179
27988 6180
27989 6181
27990 6182
27991 6183
27992 6320
27993 6321
27994 6322
27995 6323
27996 6324
27997 6325
27998 6326
27999 6327
28000 6464
28001 6465
28002 6466
28003 6467
28004 6468
28005 6469
28006 6470
28007 6471
28008 6608
28009 6609
28010 6610
28011 6611
28012 6612
28013 6613
28014 6614
28015 6615
28016 6752
28017 6753
28018 6754
28019 6755
28020 6756
28021 6757
28022 6758
28023 6759
28024 6896
28025 6897
28026 6898
28027 6899
28028 6900
28029 6901
28030 6902
28031 6903
28032 7040
28033 7041
28034 7042
28035 7043
28036 7044
28037 7045
28038 7046
28039 7047
28040 7184
28041 7185
28042 7186
28043 7187
28044 7188
28045 7189
28046 7190
28047 7191
28048 7328
28049 7329
28050 7330
28051 7331
28052 7332
28053 7333
28054 7334
28055 7335
28056 7472
28057 7473
28058 7474
28059 7475
28060 7476
28061 7477
28062 7478
28063 7479
28064 7616
28065 7617
28066 7618
28067 7619
28068 7620
28069 7621
28070 7622
28071 7623
28072 7760
28073 7761
28074 7762
28075 7763
28076 7764
28077 7765
28078 7766
28079 7767
28080 7904
28081 7905
28082 7906
28083 7907
28084 7908
28085 7909
28086 7910
28087 7911
28088 8048
28089 8049
28090 8050
28091 8051
28092 8052
28093 8053
28094 8054
28095 8055
28096 8192
28097 8193
28098 8194
28099 8195
28100 8196
28101 8197
28102 8198
28103 8199
28104 8336
28105 8337
28106 8338
28107 8339
28108 8340
28109 8341
28110 8342
28111 8343
28112 8480
28113 8481
28114 8482
28115 8483
28116 8484
28117 8485
28118 8486
28119 8487
28120 8624
28121 8625
28122 8626
28123 8627
28124 8628
28125 8629
28126 8630
28127 8631
28128 8768
28129 8769
28130 8770
28131 8771
28132 8772
28133 8773
28134 8774
28135 8775
28136 8912
28137 8913
28138 8914
28139 8915
28140 8916
28141 8917
28142 8918
28143 8919
28144 9056
28145 9057
28146 9058
28147 9059
28148 9060
28149 9061
28150 9062
28151 9063
28152 9200
28153 9201
28154 9202
28155 9203
28156 9204
28157 9205
28158 9206
28159 9207
28160 9344
28161 9345
28162 9346
28163 9347
28164 9348
28165 9349
28166 9350
28167 9351
28168 9488
28169 9489
28170 9490
28171 9491
28172 9492
28173 9493
28174 9494
28175 9495
28176 9632
28177 9633
28178 9634
28179 9635
28180 9636
28181 9637
28182 9638
28183 9639
28184 9776
28185 9777
28186 9778
28187 9779
28188 9780
28189 9781
28190 9782
28191 9783
28192 9920
28193 9921
28194 9922
28195 9923
28196 9924
28197 9925
28198 9926
28199 9927
28200 10064
28201 10065
28202 10066
28203 10067
28204 10068
28205 10069
28206 10070
28207 10071
28208 10208
28209 10209
28210 10210
28211 10211
28212 10212
28213 10213
28214 10214
28215 10215
28216 10352
28217 10353
28218 10354
28219 10355
28220 10356
28221 10357
28222 10358
28223 10359
28224 10496
28225 10497
28226 10498
28227 10499
28228 10500
28229 10501
28230 10502
28231 10503
28232 10640
28233 10641
28234 10642
28235 10643
28236 10644
28237 10645
28238 10646
28239 10647
28240 10784
28241 10785
28242 10786
28243 10787
28244 10788
28245 10789
28246 10790
28247 10791
28248 10928
28249 10929
28250 10930
28251 10931
28252 10932
28253 10933
28254 10934
28255 10935
28256 11072
28257 11073
28258 11074
28259 11075
28260 11076
28261 11077
28262 11078
28263 11079
28264 11216
28265 11217
28266 11218
28267 11219
28268 11220
28269 11221
28270 11222
28271 11223
28272 11360
28273 11361
28274 11362
28275 11363
28276 11364
28277 11365
28278 11366
28279 11367
28280 11504
28281 11505
28282 11506
28283 11507
28284 11508
28285 11509
28286 11510
28287 11511
28288 11648
28289 11649
28290 11650
28291 11651
28292 11652
28293 11653
28294 11654
28295 11655
28296 11792
28297 11793
28298 11794
28299 11795
28300 11796
28301 11797
28302 11798
28303 11799
28304 11936
28305 11937
28306 11938
28307 11939
28308 11940
28309 11941
28310 11942
28311 11943
28312 12080
28313 12081
28314 12082
28315 12083
28316 12084
28317 12085
28318 12086
28319 12087
28320 12224
28321 12225
28322 12226
28323 12227
28324 12228
28325 12229
28326 12230
28327 12231
28328 12368
28329 12369
28330 12370
28331 12371
28332 12372
28333 12373
28334 12374
28335 12375
28336 12512
28337 12513
28338 12514
28339 12515
28340 12516
28341 12517
28342 12518
28343 12519
28344 12656
28345 12657
28346 12658
28347 12659
28348 12660
28349 12661
28350 12662
28351 12663
28352 12800
28353 12801
28354 12802
28355 12803
28356 12804
28357 12805
28358 12806
28359 12807
28360 12944
28361 12945
28362 12946
28363 12947
28364 12948
28365 12949
28366 12950
28367 12951
28368 13088
28369 13089
28370 13090
28371 13091
28372 13092
28373 13093
28374 13094
28375 13095
28376 13232
28377 13233
28378 13234
28379 13235
28380 13236
28381 13237
28382 13238
28383 13239
28384 13376
28385 13377
28386 13378
28387 13379
28388 13380
28389 13381
28390 13382
28391 13383
28392 13520
28393 13521
28394 13522
28395 13523
28396 13524
28397 13525
28398 13526
28399 13527
28400 13664
28401 13665
28402 13666
28403 13667
28404 13668
28405 13669
28406 13670
28407 13671
28408 13808
28409 13809
28410 13810
28411 13811
28412 13812
28413 13813
28414 13814
28415 13815
28416 13952
28417 13953
28418 13954
28419 13955
28420 13956
28421 13957
28422 13958
28423 13959
28424 14096
28425 14097
28426 14098
28427 14099
28428 14100
28429 14101
28430 14102
28431 14103
28432 14240
28433 14241
28434 14242
28435 14243
28436 14244
28437 14245
28438 14246
28439 14247
28440 14384
28441 14385
28442 14386
28443 14387
28444 14388
28445 14389
28446 14390
28447 14391
28448 14528
28449 14529
28450 14530
28451 14531
28452 14532
28453 14533
28454 14534
28455 14535
28456 14672
28457 14673
28458 14674
28459 14675
28460 14676
28461 14677
28462 14678
28463 14679
28464 14816
28465 14817
28466 14818
28467 14819
28468 14820
28469 14821
28470 14822
28471 14823
28472 14960
28473 14961
28474 14962
28475 14963
28476 14964
28477 14965
28478 14966
28479 14967
28480 15104
28481 15105
28482 15106
28483 15107
28484 15108
28485 15109
28486 15110
28487 15111
28488 15248
28489 15249
28490 15250
28491 15251
28492 15252
28493 15253
28494 15254
28495 15255
28496 15392
28497 15393
28498 15394
28499 15395
28500 15396
28501 15397
28502 15398
28503 15399
28504 15536
28505 15537
28506 15538
28507 15539
28508 15540
28509 15541
28510 15542
28511 15543
28512 15680
28513 15681
28514 15682
28515 15683
28516 15684
28517 15685
28518 15686
28519 15687
28520 15824
28521 15825
28522 15826
28523 15827
28524 15828
28525 15829
28526 15830
28527 15831
28528 15968
28529 15969
28530 15970
28531 15971
28532 15972
28533 15973
28534 15974
28535 15975
28536 16112
28537 16113
28538 16114
28539 16115
28540 16116
28541 16117
28542 16118
28543 16119
28544 16256
28545 16257
28546 16258
28547 16259
28548 16260
28549 16261
28550 16262
28551 16263
28552 16400
28553 16401
28554 16402
28555 16403
28556 16404
28557 16405
28558 16406
28559 16407
28560 16544
28561 16545
28562 16546
28563 16547
28564 16548
28565 16549
28566 16550
28567 16551
28568 16688
28569 16689
28570 16690
28571 16691
28572 16692
28573 16693
28574 16694
28575 16695
28576 16832
28577 16833
28578 16834
28579 16835
28580 16836
28581 16837
28582 16838
28583 16839
28584 16976
28585 16977
28586 16978
28587 16979
28588 16980
28589 16981
28590 16982
28591 16983
28592 17120
28593 17121
28594 17122
28595 17123
28596 17124
28597 17125
28598 17126
28599 17127
28600 17264
28601 17265
28602 17266
28603 17267
28604 17268
28605 17269
28606 17270
28607 17271
28608 17408
28609 17409
28610 17410
28611 17411
28612 17412
28613 17413
28614 17414
28615 17415
28616 17552
28617 17553
28618 17554
28619 17555
28620 17556
28621 17557
28622 17558
28623 17559
28624 17696
28625 17697
28626 17698
28627 17699
28628 17700
28629 17701
28630 17702
28631 17703
28632 17840
28633 17841
28634 17842
28635 17843
28636 17844
28637 17845
28638 17846
28639 17847
28640 17984
28641 17985
28642 17986
28643 17987
28644 17988
28645 17989
28646 17990
28647 17991
28648 18128
28649 18129
28650 18130
28651 18131
28652 18132
28653 18133
28654 18134
28655 18135
28656 18272
28657 18273
28658 18274
28659 18275
28660 18276
28661 18277
28662 18278
28663 18279
28664 18416
28665 18417
28666 18418
28667 18419
28668 18420
28669 18421
28670 18422
28671 18423
28672 18560
28673 18561
28674 18562
28675 18563
28676 18564
28677 18565
28678 18566
28679 18567
28680 18704
28681 18705
28682 18706
28683 18707
28684 18708
28685 18709
28686 18710
28687 18711
28688 18848
28689 18849
28690 18850
28691 18851
28692 18852
28693 18853
28694 18854
28695 18855
28696 18992
28697 18993
28698 18994
28699 18995
28700 18996
28701 18997
28702 18998
28703 18999
28704 19136
28705 19137
28706 19138
28707 19139
28708 19140
28709 19141
28710 19142
28711 19143
28712 19280
28713 19281
28714 19282
28715 19283
28716 19284
28717 19285
28718 19286
28719 19287
28720 19424
28721 19425
28722 19426
28723 19427
28724 19428
28725 19429
28726 19430
28727 19431
28728 19568
28729 19569
28730 19570
28731 19571
28732 19572
28733 19573
28734 19574
28735 19575
28736 19712
28737 19713
28738 19714
28739 19715
28740 19716
28741 19717
28742 19718
28743 19719
28744 19856
28745 19857
28746 19858
28747 19859
28748 19860
28749 19861
28750 19862
28751 19863
28752 20000
28753 20001
28754 20002
28755 20003
28756 20004
28757 20005
28758 20006
28759 20007
28760 20144
28761 20145
28762 20146
28763 20147
28764 20148
28765 20149
28766 20150
28767 20151
28768 20288
28769 20289
28770 20290
28771 20291
28772 20292
28773 20293
28774 20294
28775 20295
28776 20432
28777 20433
28778 20434
28779 20435
28780 20436
28781 20437
28782 20438
28783 20439
28784 20576
28785 20577
28786 20578
28787 20579
28788 20580
28789 20581
28790 20582
28791 20583
28792 20720
28793 20721
28794 20722
28795 20723
28796 20724
28797 20725
28798 20726
28799 20727
28800 20864
28801 20865
28802 20866
28803 20867
28804 20868
28805 20869
28806 20870
28807 20871
28808 21008
28809 21009
28810 21010
28811 21011
28812 21012
28813 21013
28814 21014
28815 21015
28816 21152
28817 21153
28818 21154
28819 21155
28820 21156
28821 21157
28822 21158
28823 21159
28824 21296
28825 21297
28826 21298
28827 21299
28828 21300
28829 21301
28830 21302
28831 21303
28832 21440
28833 21441
28834 21442
28835 21443
28836 21444
28837 21445
28838 21446
28839 21447
28840 21584
28841 21585
28842 21586
28843 21587
28844 21588
28845 21589
28846 21590
28847 21591
28848 21728
28849 21729
28850 21730
28851 21731
28852 21732
28853 21733
28854 21734
28855 21735
28856 21872
28857 21873
28858 21874
28859 21875
28860 21876
28861 21877
28862 21878
28863 21879
28864 22016
28865 22017
28866 22018
28867 22019
28868 22020
28869 22021
28870 22022
28871 22023
28872 22160
28873 22161
28874 22162
28875 22163
28876 22164
28877 22165
28878 22166
28879 22167
28880 22304
28881 22305
28882 22306
28883 22307
28884 22308
28885 22309
28886 22310
28887 22311
28888 22448
28889 22449
28890 22450
28891 22451
28892 22452
28893 22453
28894 22454
28895 22455
28896 22592
28897 22593
28898 22594
28899 22595
28900 22596
28901 22597
28902 22598
28903 22599
28904 22736
28905 22737
28906 22738
28907 22739
28908 22740
28909 22741
28910 22742
28911 22743
28912 22880
28913 22881
28914 22882
28915 22883
28916 22884
28917 22885
28918 22886
28919 22887
28920 23024
28921 23025
28922 23026
28923 23027
28924 23028
28925 23029
28926 23030
28927 23031
28928 23168
28929 23169
28930 23170
28931 23171
28932 23172
28933 23173
28934 23174
28935 23175
28936 23312
28937 23313
28938 23314
28939 23315
28940 23316
28941 23317
28942 23318
28943 23319
28944 23456
28945 23457
28946 23458
28947 23459
28948 23460
28949 23461
28950 23462
28951 23463
28952 23600
28953 23601
28954 23602
28955 23603
28956 23604
28957 23605
28958 23606
28959 23607
28960 23744
28961 23745
28962 23746
28963 23747
28964 23748
28965 23749
28966 23750
28967 23751
28968 23888
28969 23889
28970 23890
28971 23891
28972 23892
28973 23893
28974 23894
28975 23895
28976 24032
28977 24033
28978 24034
28979 24035
28980 24036
28981 24037
28982 24038
28983 24039
28984 24176
28985 24177
28986 24178
28987 24179
28988 24180
28989 24181
28990 24182
28991 24183
28992 24320
28993 24321
28994 24322
28995 24323
28996 24324
28997 24325
28998 24326
28999 24327
29000 24464
29001 24465
29002 24466
29003 24467
29004 24468
29005 24469
29006 24470
29007 24471
29008 24608
29009 24609
29010 24610
29011 24611
29012 24612
29013 24613
29014 24614
29015 24615
29016 24752
29017 24753
29018 24754
29019 24755
29020 24756
29021 24757
29022 24758
29023 24759
29024 24896
29025 24897
29026 24898
29027 24899
29028 24900
29029 24901
29030 24902
29031 24903
29032 25040
29033 25041
29034 25042
29035 25043
29036 25044
29037 25045
29038 25046
29039 25047
29040 25184
29041 25185
29042 25186
29043 25187
29044 25188
29045 25189
29046 25190
29047 25191
29048 25328
29049 25329
29050 25330
29051 25331
29052 25332
29053 25333
29054 25334
29055 25335
29056 25472
29057 25473
29058 25474
29059 25475
29060 25476
29061 25477
29062 25478
29063 25479
29064 25616
29065 25617
29066 25618
29067 25619
29068 25620
29069 25621
29070 25622
29071 25623
29072 25760
29073 25761
29074 25762
29075 25763
29076 25764
29077 25765
29078 25766
29079 25767
29080 25904
29081 25905
29082 25906
29083 25907
29084 25908
29085 25909
29086 25910
29087 25911
29088 26048
29089 26049
29090 26050
29091 26051
29092 26052
29093 26053
29094 26054
29095 26055
29096 26192
29097 26193
29098 26194
29099 26195
29100 26196
29101 26197
29102 26198
29103 26199
29104 26336
29105 26337
29106 26338
29107 26339
29108 26340
29109 26341
29110 26342
29111 26343
29112 26480
29113 26481
29114 26482
29115 26483
29116 26484
29117 26485
29118 26486
29119 26487
29120 26624
29121 26625
29122 26626
29123 26627
29124 26628
29125 26629
29126 26630
29127 26631
29128 26768
29129 26769
29130 26770
29131 26771
29132 26772
29133 26773
29134 26774
29135 26775
29136 26912
29137 26913
29138 26914
29139 26915
29140 26916
29141 26917
29142 26918
29143 26919
29144 27056
29145 27057
29146 27058
29147 27059
29148 27060
29149 27061
29150 27062
29151 27063
29152 27200
29153 27201
29154 27202
29155 27203
29156 27204
29157 27205
29158 27206
29159 27207
29160 27344
29161 27345
29162 27346
29163 27347
29164 27348
29165 27349
29166 27350
29167 27351
29168 27488
29169 27489
29170 27490
29171 27491
29172 27492
29173 27493
29174 27494
29175 27495
29176 27632
29177 27633
29178 27634
29179 27635
29180 27636
29181 27637
29182 27638
29183 27639
29184 27776
29185 27777
29186 27778
29187 27779
29188 27780
29189 27781
29190 27782
29191 27783
29192 27920
29193 27921
29194 27922
29195 27923
29196 27924
29197 27925
29198 27926
29199 27927
29200 28064
29201 28065
29202 28066
29203 28067
29204 28068
29205 28069
29206 28070
29207 28071
29208 28208
29209 28209
29210 28210
29211 28211
29212 28212
29213 28213
29214 28214
29215 28215
29216 28352
29217 28353
29218 28354
29219 28355
29220 28356
29221 28357
29222 28358
29223 28359
29224 28496
29225 28497
29226 28498
29227 28499
29228 28500
29229 28501
29230 28502
29231 28503
29232 28640
29233 28641
29234 28642
29235 28643
29236 28644
29237 28645
29238 28646
29239 28647
29240 28784
29241 28785
29242 28786
29243 28787
29244 28788
29245 28789
29246 28790
29247 28791
29248 28928
29249 28929
29250 28930
29251 28931
29252 28932
29253 28933
29254 28934
29255 28935
29256 29072
29257 29073
29258 29074
29259 29075
29260 29076
29261 29077
29262 29078
29263 29079
29264 29216
29265 29217
29266 29218
29267 29219
29268 29220
29269 29221
29270 29222
29271 29223
29272 29360
29273 29361
29274 29362
29275 29363
29276 29364
29277 29365
29278 29366
29279 29367
29280 29504
29281 29505
29282 29506
29283 29507
29284 29508
29285 29509
29286 29510
29287 29511
29288 29648
29289 29649
29290 29650
29291 29651
29292 29652
29293 29653
29294 29654
29295 29655
29296 29792
29297 29793
29298 29794
29299 29795
29300 29796
29301 29797
29302 29798
29303 29799
29304 29936
29305 29937
29306 29938
29307 29939
29308 29940
29309 29941
29310 29942
29311 29943
29312 30080
29313 30081
29314 30082
29315 30083
29316 30084
29317 30085
29318 30086
29319 30087
29320 30224
29321 30225
29322 30226
29323 30227
29324 30228
29325 30229
29326 30230
29327 30231
29328 30368
29329 30369
29330 30370
29331 30371
29332 30372
29333 30373
29334 30374
29335 30375
29336 30512
29337 30513
29338 30514
29339 30515
29340 30516
29341 30517
29342 30518
29343 30519
29344 30656
29345 30657
29346 30658
29347 30659
29348 30660
29349 30661
29350 30662
29351 30663
29352 30800
29353 30801
29354 30802
29355 30803
29356 30804
29357 30805
29358 30806
29359 30807
29360 30944
29361 30945
29362 30946
29363 30947
29364 30948
29365 30949
29366 30950
29367 30951
29368 31088
29369 31089
29370 31090
29371 31091
29372 31092
29373 31093
29374 31094
29375 31095
29376 136
29377 137
29378 138
29379 139
29380 140
29381 141
29382 142
29383 143
29384 280
29385 281
29386 282
29387 283
29388 284
29389 285
29390 286
29391 287
29392 424
29393 425
29394 426
29395 427
29396 428
29397 429
29398 430
29399 431
29400 568
29401 569
29402 570
29403 571
29404 572
29405 573
29406 574
29407 575
29408 712
29409 713
29410 714
29411 715
29412 716
29413 717
29414 718
29415 719
29416 856
29417 857
29418 858
29419 859
29420 860
29421 861
29422 862
29423 863
29424 1000
29425 1001
29426 1002
29427 1003
29428 1004
29429 1005
29430 1006
29431 1007
29432 1144
29433 1145
29434 1146
29435 1147
29436 1148
29437 1149
29438 1150
29439 1151
29440 1288
29441 1289
29442 1290
29443 1291
29444 1292
29445 1293
29446 1294
29447 1295
29448 1432
29449 1433
29450 1434
29451 1435
29452 1436
29453 1437
29454 1438
29455 1439
29456 1576
29457 1577
29458 1578
29459 1579
29460 1580
29461 1581
29462 1582
29463 1583
29464 1720
29465 1721
29466 1722
29467 1723
29468 1724
29469 1725
29470 1726
29471 1727
29472 1864
29473 1865
29474 1866
29475 1867
29476 1868
29477 1869
29478 1870
29479 1871
29480 2008
29481 2009
29482 2010
29483 2011
29484 2012
29485 2013
29486 2014
29487 2015
29488 2152
29489 2153
29490 2154
29491 2155
29492 2156
29493 2157
29494 2158
29495 2159
29496 2296
29497 2297
29498 2298
29499 2299
29500 2300
29501 2301
29502 2302
29503 2303
29504 2440
29505 2441
29506 2442
29507 2443
29508 2444
29509 2445
29510 2446
29511 2447
29512 2584
29513 2585
29514 2586
29515 2587
29516 2588
29517 2589
29518 2590
29519 2591
29520 2728
29521 2729
29522 2730
29523 2731
29524 2732
29525 2733
29526 2734
29527 2735
29528 2872
29529 2873
29530 2874
29531 2875
29532 2876
29533 2877
29534 2878
29535 2879
29536 3016
29537 3017
29538 3018
29539 3019
29540 3020
29541 3021
29542 3022
29543 3023
29544 3160
29545 3161
29546 3162
29547 3163
29548 3164
29549 3165
29550 3166
29551 3167
29552 3304
29553 3305
29554 3306
29555 3307
29556 3308
29557 3309
29558 3310
29559 3311
29560 3448
29561 3449
29562 3450
29563 3451
29564 3452
29565 3453
29566 3454
29567 3455
29568 3592
29569 3593
29570 3594
29571 3595
29572 3596
29573 3597
29574 3598
29575 3599
29576 3736
29577 3737
29578 3738
29579 3739
29580 3740
29581 3741
29582 3742
29583 3743
29584 3880
29585 3881
29586 3882
29587 3883
29588 3884
29589 3885
29590 3886
29591 3887
29592 4024
29593 4025
29594 4026
29595 4027
29596 4028
29597 4029
29598 4030
29599 4031
29600 4168
29601 4169
29602 4170
29603 4171
29604 4172
29605 4173
29606 4174
29607 4175
29608 4312
29609 4313
29610 4314
29611 4315
29612 4316
29613 4317
29614 4318
29615 4319
29616 4456
29617 4457
29618 4458
29619 4459
29620 4460
29621 4461
29622 4462
29623 4463
29624 4600
29625 4601
29626 4602
29627 4603
29628 4604
29629 4605
29630 4606
29631 4607
29632 4744
29633 4745
29634 4746
29635 4747
29636 4748
29637 4749
29638 4750
29639 4751
29640 4888
29641 4889
29642 4890
29643 4891
29644 4892
29645 4893
29646 4894
29647 4895
29648 5032
29649 5033
29650 5034
29651 5035
29652 5036
29653 5037
29654 5038
29655 5039
29656 5176
29657 5177
29658 5178
29659 5179
29660 5180
29661 5181
29662 5182
29663 5183
29664 5320
29665 5321
29666 5322
29667 5323
29668 5324
29669 5325
29670 5326
29671 5327
29672 5464
29673 5465
29674 5466
29675 5467
29676 5468
29677 5469
29678 5470
29679 5471
29680 5608
29681 5609
29682 5610
29683 5611
29684 5612
29685 5613
29686 5614
29687 5615
29688 5752
29689 5753
29690 5754
29691 5755
29692 5756
29693 5757
29694 5758
29695 5759
29696 5896
29697 5897
29698 5898
29699 5899
29700 5900
29701 5901
29702 5902
29703 5903
29704 6040
29705 6041
29706 6042
29707 6043
29708 6044
29709 6045
29710 6046
29711 6047
29712 6184
29713 6185
29714 6186
29715 6187
29716 6188
29717 6189
29718 6190
29719 6191
29720 6328
29721 6329
29722 6330
29723 6331
29724 6332
29725 6333
29726 6334
29727 6335
29728 6472
29729 6473
29730 6474
29731 6475
29732 6476
29733 6477
29734 6478
29735 6479
29736 6616
29737 6617
29738 6618
29739 6619
29740 6620
29741 6621
29742 6622
29743 6623
29744 6760
29745 6761
29746 6762
29747 6763
29748 6764
29749 6765
29750 6766
29751 6767
29752 6904
29753 6905
29754 6906
29755 6907
29756 6908
29757 6909
29758 6910
29759 6911
29760 7048
29761 7049
29762 7050
29763 7051
29764 7052
29765 7053
29766 7054
29767 7055
29768 7192
29769 7193
29770 7194
29771 7195
29772 7196
29773 7197
29774 7198
29775 7199
29776 7336
29777 7337
29778 7338
29779 7339
29780 7340
29781 7341
29782 7342
29783 7343
29784 7480
29785 7481
29786 7482
29787 7483
29788 7484
29789 7485
29790 7486
29791 7487
29792 7624
29793 7625
29794 7626
29795 7627
29796 7628
29797 7629
29798 7630
29799 7631
29800 7768
29801 7769
29802 7770
29803 7771
29804 7772
29805 7773
29806 7774
29807 7775
29808 7912
29809 7913
29810 7914
29811 7915
29812 7916
29813 7917
29814 7918
29815 7919
29816 8056
29817 8057
29818 8058
29819 8059
29820 8060
29821 8061
29822 8062
29823 8063
29824 8200
29825 8201
29826 8202
29827 8203
29828 8204
29829 8205
29830 8206
29831 8207
29832 8344
29833 8345
29834 8346
29835 8347
29836 8348
29837 8349
29838 8350
29839 8351
29840 8488
29841 8489
29842 8490
29843 8491
29844 8492
29845 8493
29846 8494
29847 8495
29848 8632
29849 8633
29850 8634
29851 8635
29852 8636
29853 8637
29854 8638
29855 8639
29856 8776
29857 8777
29858 8778
29859 8779
29860 8780
29861 8781
29862 8782
29863 8783
29864 8920
29865 8921
29866 8922
29867 8923
29868 8924
29869 8925
29870 8926
29871 8927
29872 9064
29873 9065
29874 9066
29875 9067
29876 9068
29877 9069
29878 9070
29879 9071
29880 9208
29881 9209
29882 9210
29883 9211
29884 9212
29885 9213
29886 9214
29887 9215
29888 9352
29889 9353
29890 9354
29891 9355
29892 9356
29893 9357
29894 9358
29895 9359
29896 9496
29897 9497
29898 9498
29899 9499
29900 9500
29901 9501
29902 9502
29903 9503
29904 9640
29905 9641
29906 9642
29907 9643
29908 9644
29909 9645
29910 9646
29911 9647
29912 9784
29913 9785
29914 9786
29915 9787
29916 9788
29917 9789
29918 9790
29919 9791
29920 9928
29921 9929
29922 9930
29923 9931
29924 9932
29925 9933
29926 9934
29927 9935
29928 10072
29929 10073
29930 10074
29931 10075
29932 10076
29933 10077
29934 10078
29935 10079
29936 10216
29937 10217
29938 10218
29939 10219
29940 10220
29941 10221
29942 10222
29943 10223
29944 10360
29945 10361
29946 10362
29947 10363
29948 10364
29949 10365
29950 10366
29951 10367
29952 10504
29953 10505
29954 10506
29955 10507
29956 10508
29957 10509
29958 10510
29959 10511
29960 10648
29961 10649
29962 10650
29963 10651
29964 10652
29965 10653
29966 10654
29967 10655
29968 10792
29969 10793
29970 10794
29971 10795
29972 10796
29973 10797
29974 10798
29975 10799
29976 10936
29977 10937
29978 10938
29979 10939
29980 10940
29981 10941
29982 10942
29983 10943
29984 11080
29985 11081
29986 11082
29987 11083
29988 11084
29989 11085
29990 11086
29991 11087
29992 11224
29993 11225
29994 11226
29995 11227
29996 11228
29997 11229
29998 11230
29999 11231
30000 11368
30001 11369
30002 11370
30003 11371
30004 11372
30005 11373
30006 11374
30007 11375
30008 11512
30009 11513
30010 11514
30011 11515
30012 11516
30013 11517
30014 11518
30015 11519
30016 11656
30017 11657
30018 11658
30019 11659
30020 11660
30021 11661
30022 11662
30023 11663
30024 11800
30025 11801
30026 11802
30027 11803
30028 11804
30029 11805
30030 11806
30031 11807
30032 11944
30033 11945
30034 11946
30035 11947
30036 11948
30037 11949
30038 11950
30039 11951
30040 12088
30041 12089
30042 12090
30043 12091
30044 12092
30045 12093
30046 12094
30047 12095
30048 12232
30049 12233
30050 12234
30051 12235
30052 12236
30053 12237
30054 12238
30055 12239
30056 12376
30057 12377
30058 12378
30059 12379
30060 12380
30061 12381
30062 12382
30063 12383
30064 12520
30065 12521
30066 12522
30067 12523
30068 12524
30069 12525
30070 12526
30071 12527
30072 12664
30073 12665
30074 12666
30075 12667
30076 12668
30077 12669
30078 12670
30079 12671
30080 12808
30081 12809
30082 12810
30083 12811
30084 12812
30085 12813
30086 12814
30087 12815
30088 12952
30089 12953
30090 12954
30091 12955
30092 12956
30093 12957
30094 12958
30095 12959
30096 13096
30097 13097
30098 13098
30099 13099
30100 13100
30101 13101
30102 13102
30103 13103
30104 13240
30105 13241
30106 13242
30107 13243
30108 13244
30109 13245
30110 13246
30111 13247
30112 13384
30113 13385
30114 13386
30115 13387
30116 13388
30117 13389
30118 13390
30119 13391
30120 13528
30121 13529
30122 13530
30123 13531
30124 13532
30125 13533
30126 13534
30127 13535
30128 13672
30129 13673
30130 13674
30131 13675
30132 13676
30133 13677
30134 13678
30135 13679
30136 13816
30137 13817
30138 13818
30139 13819
30140 13820
30141 13821
30142 13822
30143 13823
30144 13960
30145 13961
30146 13962
30147 13963
30148 13964
30149 13965
30150 13966
30151 13967
30152 14104
30153 14105
30154 14106
30155 14107
30156 14108
30157 14109
30158 14110
30159 14111
30160 14248
30161 14249
30162 14250
30163 14251
30164 14252
30165 14253
30166 14254
30167 14255
30168 14392
30169 14393
30170 14394
30171 14395
30172 14396
30173 14397
30174 14398
30175 14399
30176 14536
30177 14537
30178 14538
30179 14539
30180 14540
30181 14541
30182 14542
30183 14543
30184 14680
30185 14681
30186 14682
30187 14683
30188 14684
30189 14685
30190 14686
30191 14687
30192 14824
30193 14825
30194 14826
30195 14827
30196 14828
30197 14829
30198 14830
30199 14831
30200 14968
30201 14969
30202 14970
30203 14971
30204 14972
30205 14973
30206 14974
30207 14975
30208 15112
30209 15113
30210 15114
30211 15115
30212 15116
30213 15117
30214 15118
30215 15119
30216 15256
30217 15257
30218 15258
30219 15259
30220 15260
30221 15261
30222 15262
30223 15263
30224 15400
30225 15401
30226 15402
30227 15403
30228 15404
30229 15405
30230 15406
30231 15407
30232 15544
30233 15545
30234 15546
30235 15547
30236 15548
30237 15549
30238 15550
30239 15551
30240 15688
30241 15689
30242 15690
30243 15691
30244 15692
30245 15693
30246 15694
30247 15695
30248 15832
30249 15833
30250 15834
30251 15835
30252 15836
30253 15837
30254 15838
30255 15839
30256 15976
30257 15977
30258 15978
30259 15979
30260 15980
30261 15981
30262 15982
30263 15983
30264 16120
30265 16121
30266 16122
30267 16123
30268 16124
30269 16125
30270 16126
30271 16127
30272 16264
30273 16265
30274 16266
30275 16267
30276 16268
30277 16269
30278 16270
30279 16271
30280 16408
30281 16409
30282 16410
30283 16411
30284 16412
30285 16413
30286 16414
30287 16415
30288 16552
30289 16553
30290 16554
30291 16555
30292 16556
30293 16557
30294 16558
30295 16559
30296 16696
30297 16697
30298 16698
30299 16699
30300 16700
30301 16701
30302 16702
30303 16703
30304 16840
30305 16841
30306 16842
30307 16843
30308 16844
30309 16845
30310 16846
30311 16847
30312 16984
30313 16985
30314 16986
30315 16987
30316 16988
30317 16989
30318 16990
30319 16991
30320 17128
30321 17129
30322 17130
30323 17131
30324 17132
30325 17133
30326 17134
30327 17135
30328 17272
30329 17273
30330 17274
30331 17275
30332 17276
30333 17277
30334 17278
30335 17279
30336 17416
30337 17417
30338 17418
30339 17419
30340 17420
30341 17421
30342 17422
30343 17423
30344 17560
30345 17561
30346 17562
30347 17563
30348 17564
30349 17565
30350 17566
30351 17567
30352 17704
30353 17705
30354 17706
30355 17707
30356 17708
30357 17709
30358 17710
30359 17711
30360 17848
30361 17849
30362 17850
30363 17851
30364 17852
30365 17853
30366 17854
30367 17855
30368 17992
30369 17993
30370 17994
30371 17995
30372 17996
30373 17997
30374 17998
30375 17999
30376 18136
30377 18137
30378 18138
30379 18139
30380 18140
30381 18141
30382 18142
30383 18143
30384 18280
30385 18281
30386 18282
30387 18283
30388 18284
30389 18285
30390 18286
30391 18287
30392 18424
30393 18425
30394 18426
30395 18427
30396 18428
30397 18429
30398 18430
30399 18431
30400 18568
30401 18569
30402 18570
30403 18571
30404 18572
30405 18573
30406 18574
30407 18575
30408 18712
30409 18713
30410 18714
30411 18715
30412 18716
30413 18717
30414 18718
30415 18719
30416 18856
30417 18857
30418 18858
30419 18859
30420 18860
30421 18861
30422 18862
30423 18863
30424 19000
30425 19001
30426 19002
30427 19003
30428 19004
30429 19005
30430 19006
30431 19007
30432 19144
30433 19145
30434 19146
30435 19147
30436 19148
30437 19149
30438 19150
30439 19151
30440 19288
30441 19289
30442 19290
30443 19291
30444 19292
30445 19293
30446 19294
30447 19295
30448 19432
30449 19433
30450 19434
30451 19435
30452 19436
30453 19437
30454 19438
30455 19439
30456 19576
30457 19577
30458 19578
30459 19579
30460 19580
30461 19581
30462 19582
30463 19583
30464 19720
30465 19721
30466 19722
30467 19723
30468 19724
30469 19725
30470 19726
30471 19727
30472 19864
30473 19865
30474 19866
30475 19867
30476 19868
30477 19869
30478 19870
30479 19871
30480 20008
30481 20009
30482 20010
30483 20011
30484 20012
30485 20013
30486 20014
30487 20015
30488 20152
30489 20153
30490 20154
30491 20155
30492 20156
30493 20157
30494 20158
30495 20159
30496 20296
30497 20297
30498 20298
30499 20299
30500 20300
30501 20301
30502 20302
30503 20303
30504 20440
30505 20441
30506 20442
30507 20443
30508 20444
30509 20445
30510 20446
30511 20447
30512 20584
30513 20585
30514 20586
30515 20587
30516 20588
30517 20589
30518 20590
30519 20591
30520 20728
30521 20729
30522 20730
30523 20731
30524 20732
30525 20733
30526 20734
30527 20735
30528 20872
30529 20873
30530 20874
30531 20875
30532 20876
30533 20877
30534 20878
30535 20879
30536 21016
30537 21017
30538 21018
30539 21019
30540 21020
30541 21021
30542 21022
30543 21023
30544 21160
30545 21161
30546 21162
30547 21163
30548 21164
30549 21165
30550 21166
30551 21167
30552 21304
30553 21305
30554 21306
30555 21307
30556 21308
30557 21309
30558 21310
30559 21311
30560 21448
30561 21449
30562 21450
30563 21451
30564 21452
30565 21453
30566 21454
30567 21455
30568 21592
30569 21593
30570 21594
30571 21595
30572 21596
30573 21597
30574 21598
30575 21599
30576 21736
30577 21737
30578 21738
30579 21739
30580 21740
30581 21741
30582 21742
30583 21743
30584 21880
30585 21881
30586 21882
30587 21883
30588 21884
30589 21885
30590 21886
30591 21887
30592 22024
30593 22025
30594 22026
30595 22027
30596 22028
30597 22029
30598 22030
30599 22031
30600 22168
30601 22169
30602 22170
30603 22171
30604 22172
30605 22173
30606 22174
30607 22175
30608 22312
30609 22313
30610 22314
30611 22315
30612 22316
30613 22317
30614 22318
30615 22319
30616 22456
30617 22457
30618 22458
30619 22459
30620 22460
30621 22461
30622 22462
30623 22463
30624 22600
30625 22601
30626 22602
30627 22603
30628 22604
30629 22605
30630 22606
30631 22607
30632 22744
30633 22745
30634 22746
30635 22747
30636 22748
30637 22749
30638 22750
30639 22751
30640 22888
30641 22889
30642 22890
30643 22891
30644 22892
30645 22893
30646 22894
30647 22895
30648 23032
30649 23033
30650 23034
30651 23035
30652 23036
30653 23037
30654 23038
30655 23039
30656 23176
30657 23177
30658 23178
30659 23179
30660 23180
30661 23181
30662 23182
30663 23183
30664 23320
30665 23321
30666 23322
30667 23323
30668 23324
30669 23325
30670 23326
30671 23327
30672 23464
30673 23465
30674 23466
30675 23467
30676 23468
30677 23469
30678 23470
30679 23471
30680 23608
30681 23609
30682 23610
30683 23611
30684 23612
30685 23613
30686 23614
30687 23615
30688 23752
30689 23753
30690 23754
30691 23755
30692 23756
30693 23757
30694 23758
30695 23759
30696 23896
30697 23897
30698 23898
30699 23899
30700 23900
30701 23901
30702 23902
30703 23903
30704 24040
30705 24041
30706 24042
30707 24043
30708 24044
30709 24045
30710 24046
30711 24047
30712 24184
30713 24185
30714 24186
30715 24187
30716 24188
30717 24189
30718 24190
30719 24191
30720 24328
30721 24329
30722 24330
30723 24331
30724 24332
30725 24333
30726 24334
30727 24335
30728 24472
30729 24473
30730 24474
30731 24475
30732 24476
30733 24477
30734 24478
30735 24479
30736 24616
30737 24617
30738 24618
30739 24619
30740 24620
30741 24621
30742 24622
30743 24623
30744 24760
30745 24761
30746 24762
30747 24763
30748 24764
30749 24765
30750 24766
30751 24767
30752 24904
30753 24905
30754 24906
30755 24907
30756 24908
30757 24909
30758 24910
30759 24911
30760 25048
30761 25049
30762 25050
30763 25051
30764 25052
30765 25053
30766 25054
30767 25055
30768 25192
30769 25193
30770 25194
30771 25195
30772 25196
30773 25197
30774 25198
30775 25199
30776 25336
30777 25337
30778 25338
30779 25339
30780 25340
30781 25341
30782 25342
30783 25343
30784 25480
30785 25481
30786 25482
30787 25483
30788 25484
30789 25485
30790 25486
30791 25487
30792 25624
30793 25625
30794 25626
30795 25627
30796 25628
30797 25629
30798 25630
30799 25631
30800 25768
30801 25769
30802 25770
30803 25771
30804 25772
30805 25773
30806 25774
30807 25775
30808 25912
30809 25913
30810 25914
30811 25915
30812 25916
30813 25917
30814 25918
30815 25919
30816 26056
30817 26057
30818 26058
30819 26059
30820 26060
30821 26061
30822 26062
30823 26063
30824 26200
30825 26201
30826 26202
30827 26203
30828 26204
30829 26205
30830 26206
30831 26207
30832 26344
30833 26345
30834 26346
30835 26347
30836 26348
30837 26349
30838 26350
30839 26351
30840 26488
30841 26489
30842 26490
30843 26491
30844 26492
30845 26493
30846 26494
30847 26495
30848 26632
30849 26633
30850 26634
30851 26635
30852 26636
30853 26637
30854 26638
30855 26639
30856 26776
30857 26777
30858 26778
30859 26779
30860 26780
30861 26781
30862 26782
30863 26783
30864 26920
30865 26921
30866 26922
30867 26923
30868 26924
30869 26925
30870 26926
30871 26927
30872 27064
30873 27065
30874 27066
30875 27067
30876 27068
30877 27069
30878 27070
30879 27071
30880 27208
30881 27209
30882 27210
30883 27211
30884 27212
30885 27213
30886 27214
30887 27215
30888 27352
30889 27353
30890 27354
30891 27355
30892 27356
30893 27357
30894 27358
30895 27359
30896 27496
30897 27497
30898 27498
30899 27499
30900 27500
30901 27501
30902 27502
30903 27503
30904 27640
30905 27641
30906 27642
30907 27643
30908 27644
30909 27645
30910 27646
30911 27647
30912 27784
30913 27785
30914 27786
30915 27787
30916 27788
30917 27789
30918 27790
30919 27791
30920 27928
30921 27929
30922 27930
30923 27931
30924 27932
30925 27933
30926 27934
30927 27935
30928 28072
30929 28073
30930 28074
30931 28075
30932 28076
30933 28077
30934 28078
30935 28079
30936 28216
30937 28217
30938 28218
30939 28219
30940 28220
30941 28221
30942 28222
30943 28223
30944 28360
30945 28361
30946 28362
30947 28363
30948 28364
30949 28365
30950 28366
30951 28367
30952 28504
30953 28505
30954 28506
30955 28507
30956 28508
30957 28509
30958 28510
30959 28511
30960 28648
30961 28649
30962 28650
30963 28651
30964 28652
30965 28653
30966 28654
30967 28655
30968 28792
30969 28793
30970 28794
30971 28795
30972 28796
30973 28797
30974 28798
30975 28799
30976 28936
30977 28937
30978 28938
30979 28939
30980 28940
30981 28941
30982 28942
30983 28943
30984 29080
30985 29081
30986 29082
30987 29083
30988 29084
30989 29085
30990 29086
30991 29087
30992 29224
30993 29225
30994 29226
30995 29227
30996 29228
30997 29229
30998 29230
30999 29231
31000 29368
31001 29369
31002 29370
31003 29371
31004 29372
31005 29373
31006 29374
31007 29375
31008 29512
31009 29513
31010 29514
31011 29515
31012 29516
31013 29517
31014 29518
31015 29519
31016 29656
31017 29657
31018 29658
31019 29659
31020 29660
31021 29661
31022 29662
31023 29663
31024 29800
31025 29801
31026 29802
31027 29803
31028 29804
31029 29805
31030 29806
31031 29807
31032 29944
31033 29945
31034 29946
31035 29947
31036 29948
31037 29949
31038 29950
31039 29951
31040 30088
31041 30089
31042 30090
31043 30091
31044 30092
31045 30093
31046 30094
31047 30095
31048 30232
31049 30233
31050 30234
31051 30235
31052 30236
31053 30237
31054 30238
31055 30239
31056 30376
31057 30377
31058 30378
31059 30379
31060 30380
31061 30381
31062 30382
31063 30383
31064 30520
31065 30521
31066 30522
31067 30523
31068 30524
31069 30525
31070 30526
31071 30527
31072 30664
31073 30665
31074 30666
31075 30667
31076 30668
31077 30669
31078 30670
31079 30671
31080 30808
31081 30809
31082 30810
31083 30811
31084 30812
31085 30813
31086 30814
31087 30815
31088 30952
31089 30953
31090 30954
31091 30955
31092 30956
31093 30957
31094 30958
31095 30959
31096 31096
31097 31097
31098 31098
31099 31099
31100 31100
31101 31101
31102 31102
31103 31103






0.000000 0.252360 0.019842 0.000000 0.000000 0.000000 0.000000 0.000000 0.000000 0.000000 0.000000 0.000000 0.892915 0.965288 0.218364 0.000000 0.000000 0.000000 0.000000 0.000000 0.000000 0.000000 0.000000 0.000000 0.427422 0.428968 0.068948 0.000000 0.000000 0.000000 0.000000 0.000000 0.000000 0.000000 0.000000 0.000000 0.149610 0.888160 0.447147 0.000000 0.000000 0.000000 0.000000 0.000000 0.000000 0.000000 0.000000 0.000000 0.108312 0.520547 0.611145 0.000000 0.000000 0.000000 0.000000 0.000000 0.000000 0.000000 0.000000 0.000000 0.823860 0.155484 0.670504 0.000000 0.000000 0.000000 0.000000 0.000000 0.000000 0.000000 0.000000 0.000000 0.000000 0.000000 0.000000 0.000000 0.000000 0.000000 0.000000 0.000000 0.000000 0.000000 0.000000 0.000000 0.000000 0.000000 0.000000 0.000000 0.000000 0.000000 0.000000 0.000000 0.000000 0.000000 0.000000 0.000000 0.000000 0.000000 0.000000 0.000000 0.000000 0.000000 0.000000 0.000000 0.000000 0.000000 0.000000 0.000000 0.000000 0.000000 0.000000 0.000000 0.000000 0.000000 0.000000 0.000000 0.000000 0.000000 0.000000 0.000000 0.000000 0.000000 0.000000 0.000000 0.000000 0.000000 0.000000 0.000000 0.000000 0.000000 0.000000 0.000000 0.000000 0.000000 0.000000 0.000000 0.000000 0.000000 0.000000 0.000000 0.000000 0.000000 0.000000 0.000000 0.000000 0.000000 0.000000 0.000000 0.000000 0.000000 0.000000 0.000000 0.000000 0.000000 0.000000 0.000000 0.000000 0.000000 0.000000 0.000000 0.000000 0.000000 0.000000 0.000000 0.000000 0.000000 0.000000 0.000000 0.000000 0.000000 0.000000 0.000000 0.000000 0.000000 0.000000 0.000000 0.000000 0.000000 0.000000 0.000000 0.000000 0.000000 0.000000 0.000000 0.000000 0.000000 0.000000 0.000000 0.000000 0.000000 0.000000 0.000000 0.000000 0.000000 0.000000 0.000000 0.000000 0.000000 0.000000 0.000000 0.000000 0.000000 0.000000 0.000000 0.000000 0.000000 0.000000 0.000000 0.000000 0.000000 0.000000 0.000000 0.000000 0.000000 0.000000 0.000000 
0.509500 0.270315 0.954887 0.000000 0.000000 0.000000 0.000000 0.000000 0.000000 0.000000 0.000000 0.000000 0.494231 0.768635 0.433837 0.000000 0.000000 0.000000 0.000000 0.000000 0.000000 0.000000 0.000000 0.000000 0.941990 0.625854 0.545855 0.000000 0.000000 0.000000 0.000000 0.000000 0.000000 0.000000 0.000000 0.000000 0.314982 0.406228 0.001187 0.000000 0.000000 0.000000 0.000000 0.000000 0.000000 0.000000 0.000000 0.000000 0.074250 0.446779 0.826305 0.000000 0.000000 0.000000 0.000000 0.000000 0.000000 0.000000 0.000000 0.000000 0.648426 0.576047 0.832654 0.000000 0.000000 0.000000 0.000000 0.000000 0.000000 0.000000 0.000000 0.000000 0.000000 0.000000 0.000000 0.000000 0.000000 0.000000 0.000000 0.000000 0.000000 0.000000 0.000000 0.000000 0.000000 0.000000 0.000000 0.000000 0.000000 0.000000 0.000000 0.000000 0.000000 0.000000 0.000000 0.000000 0.000000 0.000000 0.000000 0.000000 0.000000 0.000000 0.000000 0.000000 0.000000 0.000000 0.000000 0.000000 0.000000 0.000000 0.000000 0.000000 0.000000 0.000000 0.000000 0.000000 0.000000 0.000000 0.000000 0.000000 0.000000 0.000000 0.000000 0.000000 0.000000 0.000000 0.000000 0.000000 0.000000 0.000000 0.000000 0.000000 0.000000 0.000000 0.000000 0.000000 0.000000 0.000000 0.000000 0.000000 0.000000 0.000000 0.000000 0.000000 0.000000 0.000000 0.000000 0.000000 0.000000 0.000000 0.000000 0.000000 0.000000 0.000000 0.000000 0.000000 0.000000 0.000000 0.000000 0.000000 0.000000 0.000000 0.000000 0.000000 0.000000 0.000000 0.000000 0.000000 0.000000 0.000000 0.000000 0.000000 0.000000 0.000000 0.000000 0.000000 0.000000 0.000000 0.000000 0.000000 0.000000 0.000000 0.000000 0.000000 0.000000 0.000000 0.000000 0.000000 0.000000 0.000000 0.000000 0.000000 0.000000 0.000000 0.000000 0.000000 0.000000 0.000000 0.000000 0.000000 0.000000 0.000000 0.000000 0.000000 0.000000 0.000000 0.000000 0.000000 0.000000 0.000000 0.000000 0.000000 0.000000 0.000000 0.000000 0.000000 
0.785343 0.018088 0.182497 0.000000 0.000000 0.000000 0.000000 0.000000 0.000000 0.000000 0.000000 0.000000 0.761930 0.923171 0.399823 0.000000 0.000000 0.000000 0.000000 0.000000 0.000000 0.000000 0.000000 0.000000 0.749040 0.138917 0.735675 0.000000 0.000000 0.000000 0.000000 0.000000 0.000000 0.000000 0.000000 0.000000 0.890126 0.107183 0.304818 0.000000 0.000000 0.000000 0.000000 0.000000 0.000000 0.000000 0.000000 0.000000 0.073579 0.132437 0.721836 0.000000 0.000000 0.000000 0.000000 0.000000 0.000000 0.000000 0.000000 0.000000 0.901469 0.100507 0.569878 0.000000 0.000000 0.000000 0.000000 0.000000 0.000000 0.000000 0.000000 0.000000 0.000000 0.000000 0.000000 0.000000 0.000000 0.000000 0.000000 0.000000 0.000000 0.000000 0.000000 0.000000 0.000000 0.000000 0.000000 0.000000 0.000000 0.000000 0.000000 0.000000 0.000000 0.000000 0.000000 0.000000 0.000000 0.000000 0.000000 0.000000 0.000000 0.000000 0.000000 0.000000 0.000000 0.000000 0.000000 0.000000 0.000000 0.000000 0.000000 0.000000 0.000000 0.000000 0.000000 0.000000 0.000000 0.000000 0.000000 0.000000 0.000000 0.000000 0.000000 0.000000 0.000000 0.000000 0.000000 0.000000 0.000000 0.000000 0.000000 0.000000 0.000000 0.000000 0.000000 0.000000 0.000000 0.000000 0.000000 0.000000 0.000000 0.000000 0.000000 0.000000 0.000000 0.000000 0.000000 0.000000 0.000000 0.000000 0.000000 0.000000 0.000000 0.000000 0.000000 0.000000 0.000000 0.000000 0.000000 0.000000 0.000000 0.000000 0.000000 0.000000 0.000000 0.000000 0.000000 0.000000 0.000000 0.000000 0.000000 0.000000 0.000000 0.000000 0.000000 0.000000 0.000000 0.000000 0.000000 0.000000 0.000000 0.000000 0.000000 0.000000 0.000000 0.000000 0.000000 0.000000 0.000000 0.000000 0.000000 0.000000 0.000000 0.000000 0.000000 0.000000 0.000000 0.000000 0.000000 0.000000 0.000000 0.000000 0.000000 0.000000 0.000000 0.000000 0.000000 0.000000 0.000000 0.000000 0.000000 0.000000 0.000000 0.000000 0.000000 0.000000 
0.768085 0.494525 0.115748 0.000000 0.000000 0.000000 0.000000 0.000000 0.000000 0.000000 0.000000 0.000000 0.216490 0.258288 0.330580 0.000000 0.000000 0.000000 0.000000 0.000000 0.000000 0.000000 0.000000 0.000000 0.538749 0.457622 0.250467 0.000000 0.000000 0.000000 0.000000 0.000000 0.000000 0.000000 0.000000 0.000000 0.480955 0.376344 0.620769 0.000000 0.000000 0.000000 0.000000 0.000000 0.000000 0.000000 0.000000 0.000000 0.530230 0.500723 0.120252 0.000000 0.000000 0.000000 0.000000 0.000000 0.000000 0.000000 0.000000 0.000000 0.883471 0.238230 0.829849 0.000000 0.000000 0.000000 0.000000 0.000000 0.000000 0.000000 0.000000 0.000000 0.000000 0.000000 0.000000 0.000000 0.000000 0.000000 0.000000 0.000000 0.000000 0.000000 0.000000 0.000000 0.000000 0.000000 0.000000 0.000000 0.000000 0.000000 0.000000 0.000000 0.000000 0.000000 0.000000 0.000000 0.000000 0.000000 0.000000 0.000000 0.000000 0.000000 0.000000 0.000000 0.000000 0.000000 0.000000 0.000000 0.000000 0.000000 0.000000 0.000000 0.000000 0.000000 0.000000 0.000000 0.000000 0.000000 0.000000 0.000000 0.000000 0.000000 0.000000 0.000000 0.000000 0.000000 0.000000 0.000000 0.000000 0.000000 0.000000 0.000000 0.000000 0.000000 0.000000 0.000000 0.000000 0.000000 0.000000 0.000000 0.000000 0.000000 0.000000 0.000000 0.000000 0.000000 0.000000 0.000000 0.000000 0.000000 0.000000 0.000000 0.000000 0.000000 0.000000 0.000000 0.000000 0.000000 0.000000 0.000000 0.000000 0.000000 0.000000 0.000000 0.000000 0.000000 0.000000 0.000000 0.000000 0.000000 0.000000 0.000000 0.000000 0.000000 0.000000 0.000000 0.000000 0.000000 0.000000 0.000000 0.000000 0.000000 0.000000 0.000000 0.000000 0.000000 0.000000 0.000000 0.000000 0.000000 0.000000 0.000000 0.000000 0.000000 0.000000 0.000000 0.000000 0.000000 0.000000 0.000000 0.000000 0.000000 0.000000 0.000000 0.000000 0.000000 0.000000 0.000000 0.000000 0.000000 0.000000 0.000000 0.000000 0.000000 0.000000 0.000000 
0.610365 0.181457 0.574563 0.000000 0.000000 0.000000 0.000000 0.000000 0.000000 0.000000 0.000000 0.000000 0.265020 0.480335 0.104651 0.000000 0.000000 0.000000 0.000000 0.000000 0.000000 0.000000 0.000000 0.000000 0.957014 0.018151 0.831045 0.000000 0.000000 0.000000 0.000000 0.000000 0.000000 0.000000 0.000000 0.000000 0.112716 0.291284 0.012021 0.000000 0.000000 0.000000 0.000000 0.000000 0.000000 0.000000 0.000000 0.000000 0.145615 0.588409 0.522858 0.000000 0.000000 0.000000 0.000000 0.000000 0.000000 0.000000 0.000000 0.000000 0.425071 0.709247 0.324588 0.000000 0.000000 0.000000 0.000000 0.000000 0.000000 0.000000 0.000000 0.000000 0.000000 0.000000 0.000000 0.000000 0.000000 0.000000 0.000000 0.000000 0.000000 0.000000 0.000000 0.000000 0.000000 0.000000 0.000000 0.000000 0.000000 0.000000 0.000000 0.000000 0.000000 0.000000 0.000000 0.000000 0.000000 0.000000 0.000000 0.000000 0.000000 0.000000 0.000000 0.000000 0.000000 0.000000 0.000000 0.000000 0.000000 0.000000 0.000000 0.000000 0.000000 0.000000 0.000000 0.000000 0.000000 0.000000 0.000000 0.000000 0.000000 0.000000 0.000000 0.000000 0.000000 0.000000 0.000000 0.000000 0.000000 0.000000 0.000000 0.000000 0.000000 0.000000 0.000000 0.000000 0.000000 0.000000 0.000000 0.000000 0.000000 0.000000 0.000000 0.000000 0.000000 0.000000 0.000000 0.000000 0.000000 0.000000 0.000000 0.000000 0.000000 0.000000 0.000000 0.000000 0.000000 0.000000 0.000000 0.000000 0.000000 0.000000 0.000000 0.000000 0.000000 0.000000 0.000000 0.000000 0.000000 0.000000 0.000000 0.000000 0.000000 0.000000 0.000000 0.000000 0.000000 0.000000 0.000000 0.000000 0.000000 0.000000 0.000000 0.000000 0.000000 0.000000 0.000000 0.000000 0.000000 0.000000 0.000000 0.000000 0.000000 0.000000 0.000000 0.000000 0.000000 0.000000 0.000000 0.000000 0.000000 0.000000 0.000000 0.000000 0.000000 0.000000 0.000000 0.000000 0.000000 0.000000 0.000000 0.000000 0.000000 0.000000 0.000000 0.000000 
0.921284 0.003252 0.019459 0.000000 0.000000 0.000000 0.000000 0.000000 0.000000 0.000000 0.000000 0.000000 0.479340 0.576024 0.258866 0.000000 0.000000 0.000000 0.000000 0.000000 0.000000 0.000000 0.000000 0.000000 0.667218 0.800649 0.851232 0.000000 0.000000 0.000000 0.000000 0.000000 0.000000 0.000000 0.000000 0.000000 0.825447 0.162922 0.106324 0.000000 0.000000 0.000000 0.000000 0.000000 0.000000 0.000000 0.000000 0.000000 0.777774 0.780780 0.884505 0.000000 0.000000 0.000000 0.000000 0.000000 0.000000 0.000000 0.000000 0.000000 0.799907 0.123052 0.065488 0.000000 0.000000 0.000000 0.000000 0.000000 0.000000 0.000000 0.000000 0.000000 0.000000 0.000000 0.000000 0.000000 0.000000 0.000000 0.000000 0.000000 0.000000 0.000000 0.000000 0.000000 0.000000 0.000000 0.000000 0.000000 0.000000 0.000000 0.000000 0.000000 0.000000 0.000000 0.000000 0.000000 0.000000 0.000000 0.000000 0.000000 0.000000 0.000000 0.000000 0.000000 0.000000 0.000000 0.000000 0.000000 0.000000 0.000000 0.000000 0.000000 0.000000 0.000000 0.000000 0.000000 0.000000 0.000000 0.000000 0.000000 0.000000 0.000000 0.000000 0.000000 0.000000 0.000000 0.000000 0.000000 0.000000 0.000000 0.000000 0.000000 0.000000 0.000000 0.000000 0.000000 0.000000 0.000000 0.000000 0.000000 0.000000 0.000000 0.000000 0.000000 0.000000 0.000000 0.000000 0.000000 0.000000 0.000000 0.000000 0.000000 0.000000 0.000000 0.000000 0.000000 0.000000 0.000000 0.000000 0.000000 0.000000 0.000000 0.000000 0.000000 0.000000 0.000000 0.000000 0.000000 0.000000 0.000000 0.000000 0.000000 0.000000 0.000000 0.000000 0.000000 0.000000 0.000000 0.000000 0.000000 0.000000 0.000000 0.000000 0.000000 0.000000 0.000000 0.000000 0.000000 0.000000 0.000000 0.000000 0.000000 0.000000 0.000000 0.000000 0.000000 0.000000 0.000000 0.000000 0.000000 0.000000 0.000000 0.000000 0.000000 0.000000 0.000000 0.000000 0.000000 0.000000 0.000000 0.000000 0.000000 0.000000 0.000000 0.000000 0.000000 
0.356802 0.980527 0.065873 0.000000 0.000000 0.000000 0.000000 0.000000 0.000000 0.000000 0.000000 0.000000 0.438810 0.878733 0.981669 0.000000 0.000000 0.000000 0.000000 0.000000 0.000000 0.000000 0.000000 0.000000 0.195499 0.558127 0.540194 0.000000 0.000000 0.000000 0.000000 0.000000 0.000000 0.000000 0.000000 0.000000 0.271694 0.677027 0.297527 0.000000 0.000000 0.000000 0.000000 0.000000 0.000000 0.000000 0.000000 0.000000 0.541534 0.615737 0.543942 0.000000 0.000000 0.000000 0.000000 0.000000 0.000000 0.000000 0.000000 0.000000 0.077215 0.195296 0.772654 0.000000 0.000000 0.000000 0.000000 0.000000 0.000000 0.000000 0.000000 0.000000 0.000000 0.000000 0.000000 0.000000 0.000000 0.000000 0.000000 0.000000 0.000000 0.000000 0.000000 0.000000 0.000000 0.000000 0.000000 0.000000 0.000000 0.000000 0.000000 0.000000 0.000000 0.000000 0.000000 0.000000 0.000000 0.000000 0.000000 0.000000 0.000000 0.000000 0.000000 0.000000 0.000000 0.000000 0.000000 0.000000 0.000000 0.000000 0.000000 0.000000 0.000000 0.000000 0.000000 0.000000 0.000000 0.000000 0.000000 0.000000 0.000000 0.000000 0.000000 0.000000 0.000000 0.000000 0.000000 0.000000 0.000000 0.000000 0.000000 0.000000 0.000000 0.000000 0.000000 0.000000 0.000000 0.000000 0.000000 0.000000 0.000000 0.000000 0.000000 0.000000 0.000000 0.000000 0.000000 0.000000 0.000000 0.000000 0.000000 0.000000 0.000000 0.000000 0.000000 0.000000 0.000000 0.000000 0.000000 0.000000 0.000000 0.000000 0.000000 0.000000 0.000000 0.000000 0.000000 0.000000 0.000000 0.000000 0.000000 0.000000 0.000000 0.000000 0.000000 0.000000 0.000000 0.000000 0.000000 0.000000 0.000000 0.000000 0.000000 0.000000 0.000000 0.000000 0.000000 0.000000 0.000000 0.000000 0.000000 0.000000 0.000000 0.000000 0.000000 0.000000 0.000000 0.000000 0.000000 0.000000 0.000000 0.000000 0.000000 0.000000 0.000000 0.000000 0.000000 0.000000 0.000000 0.000000 0.000000 0.000000 0.000000 0.000000 0.000000 0.000000 
0.208479 0.824100 0.868910 0.000000 0.000000 0.000000 0.000000 0.000000 0.000000 0.000000 0.000000 0.000000 0.790272 0.043811 0.695628 0.000000 0.000000 0.000000 0.000000 0.000000 0.000000 0.000000 0.000000 0.000000 0.211884 0.923117 0.512701 0.000000 0.000000 0.000000 0.000000 0.000000 0.000000 0.000000 0.000000 0.000000 0.968828 0.882217 0.973598 0.000000 0.000000 0.000000 0.000000 0.000000 0.000000 0.000000 0.000000 0.000000 0.782021 0.403137 0.899577 0.000000 0.000000 0.000000 0.000000 0.000000 0.000000 0.000000 0.000000 0.000000 0.566530 0.748482 0.748427 0.000000 0.000000 0.000000 0.000000 0.000000 0.000000 0.000000 0.000000 0.000000 0.000000 0.000000 0.000000 0.000000 0.000000 0.000000 0.000000 0.000000 0.000000 0.000000 0.000000 0.000000 0.000000 0.000000 0.000000 0.000000 0.000000 0.000000 0.000000 0.000000 0.000000 0.000000 0.000000 0.000000 0.000000 0.000000 0.000000 0.000000 0.000000 0.000000 0.000000 0.000000 0.000000 0.000000 0.000000 0.000000 0.000000 0.000000 0.000000 0.000000 0.000000 0.000000 0.000000 0.000000 0.000000 0.000000 0.000000 0.000000 0.000000 0.000000 0.000000 0.000000 0.000000 0.000000 0.000000 0.000000 0.000000 0.000000 0.000000 0.000000 0.000000 0.000000 0.000000 0.000000 0.000000 0.000000 0.000000 0.000000 0.000000 0.000000 0.000000 0.000000 0.000000 0.000000 0.000000 0.000000 0.000000 0.000000 0.000000 0.000000 0.000000 0.000000 0.000000 0.000000 0.000000 0.000000 0.000000 0.000000 0.000000 0.000000 0.000000 0.000000 0.000000 0.000000 0.000000 0.000000 0.000000 0.000000 0.000000 0.000000 0.000000 0.000000 0.000000 0.000000 0.000000 0.000000 0.000000 0.000000 0.000000 0.000000 0.000000 0.000000 0.000000 0.000000 0.000000 0.000000 0.000000 0.000000 0.000000 0.000000 0.000000 0.000000 0.000000 0.000000 0.000000 0.000000 0.000000 0.000000 0.000000 0.000000 0.000000 0.000000 0.000000 0.000000 0.000000 0.000000 0.000000 0.000000 0.000000 0.000000 0.000000 0.000000 0.000000 0.000000 
0.000985 0.298197 0.378377 0.000000 0.000000 0.000000 0.000000 0.000000 0.000000 0.000000 0.000000 0.000000 0.735755 0.089244 0.920511 0.000000 0.000000 0.000000 0.000000 0.000000 0.000000 0.000000 0.000000 0.000000 0.457750 0.437495 0.956784 0.000000 0.000000 0.000000 0.000000 0.000000 0.000000 0.000000 0.000000 0.000000 0.764120 0.170086 0.446322 0.000000 0.000000 0.000000 0.000000 0.000000 0.000000 0.000000 0.000000 0.000000 0.770143 0.271444 0.273603 0.000000 0.000000 0.000000 0.000000 0.000000 0.000000 0.000000 0.000000 0.000000 0.702975 0.227029 0.342211 0.000000 0.000000 0.000000 0.000000 0.000000 0.000000 0.000000 0.000000 0.000000 0.000000 0.000000 0.000000 0.000000 0.000000 0.000000 0.000000 0.000000 0.000000 0.000000 0.000000 0.000000 0.000000 0.000000 0.000000 0.000000 0.000000 0.000000 0.000000 0.000000 0.000000 0.000000 0.000000 0.000000 0.000000 0.000000 0.000000 0.000000 0.000000 0.000000 0.000000 0.000000 0.000000 0.000000 0.000000 0.000000 0.000000 0.000000 0.000000 0.000000 0.000000 0.000000 0.000000 0.000000 0.000000 0.000000 0.000000 0.000000 0.000000 0.000000 0.000000 0.000000 0.000000 0.000000 0.000000 0.000000 0.000000 0.000000 0.000000 0.000000 0.000000 0.000000 0.000000 0.000000 0.000000 0.000000 0.000000 0.000000 0.000000 0.000000 0.000000 0.000000 0.000000 0.000000 0.000000 0.000000 0.000000 0.000000 0.000000 0.000000 0.000000 0.000000 0.000000 0.000000 0.000000 0.000000 0.000000 0.000000 0.000000 0.000000 0.000000 0.000000 0.000000 0.000000 0.000000 0.000000 0.000000 0.000000 0.000000 0.000000 0.000000 0.000000 0.000000 0.000000 0.000000 0.000000 0.000000 0.000000 0.000000 0.000000 0.000000 0.000000 0.000000 0.000000 0.000000 0.000000 0.000000 0.000000 0.000000 0.000000 0.000000 0.000000 0.000000 0.000000 0.000000 0.000000 0.000000 0.000000 0.000000 0.000000 0.000000 0.000000 0.000000 0.000000 0.000000 0.000000 0.000000 0.000000 0.000000 0.000000 0.000000 0.000000 0.000000 0.000000 
0.315939 0.074262 0.904283 0.000000 0.000000 0.000000 0.000000 0.000000 0.000000 0.000000 0.000000 0.000000 0.346086 0.721587 0.273296 0.000000 0.000000 0.000000 0.000000 0.000000 0.000000 0.000000 0.000000 0.000000 0.174689 0.456972 0.049270 0.000000 0.000000 0.000000 0.000000 0.000000 0.000000 0.000000 0.000000 0.000000 0.095258 0.866229 0.950310 0.000000 0.000000 0.000000 0.000000 0.000000 0.000000 0.000000 0.000000 0.000000 0.993645 0.235425 0.381593 0.000000 0.000000 0.000000 0.000000 0.000000 0.000000 0.000000 0.000000 0.000000 0.941802 0.894637 0.529120 0.000000 0.000000 0.000000 0.000000 0.000000 0.000000 0.000000 0.000000 0.000000 0.000000 0.000000 0.000000 0.000000 0.000000 0.000000 0.000000 0.000000 0.000000 0.000000 0.000000 0.000000 0.000000 0.000000 0.000000 0.000000 0.000000 0.000000 0.000000 0.000000 0.000000 0.000000 0.000000 0.000000 0.000000 0.000000 0.000000 0.000000 0.000000 0.000000 0.000000 0.000000 0.000000 0.000000 0.000000 0.000000 0.000000 0.000000 0.000000 0.000000 0.000000 0.000000 0.000000 0.000000 0.000000 0.000000 0.000000 0.000000 0.000000 0.000000 0.000000 0.000000 0.000000 0.000000 0.000000 0.000000 0.000000 0.000000 0.000000 0.000000 0.000000 0.000000 0.000000 0.000000 0.000000 0.000000 0.000000 0.000000 0.000000 0.000000 0.000000 0.000000 0.000000 0.000000 0.000000 0.000000 0.000000 0.000000 0.000000 0.000000 0.000000 0.000000 0.000000 0.000000 0.000000 0.000000 0.000000 0.000000 0.000000 0.000000 0.000000 0.000000 0.000000 0.000000 0.000000 0.000000 0.000000 0.000000 0.000000 0.000000 0.000000 0.000000 0.000000 0.000000 0.000000 0.000000 0.000000 0.000000 0.000000 0.000000 0.000000 0.000000 0.000000 0.000000 0.000000 0.000000 0.000000 0.000000 0.000000 0.000000 0.000000 0.000000 0.000000 0.000000 0.000000 0.000000 0.000000 0.000000 0.000000 0.000000 0.000000 0.000000 0.000000 0.000000 0.000000 0.000000 0.000000 0.000000 0.000000 0.000000 0.000000 0.000000 0.000000 0.000000 
0.442235 0.940855 0.525121 0.000000 0.000000 0.000000 0.000000 0.000000 0.000000 0.000000 0.000000 0.000000 0.421203 0.752715 0.293948 0.000000 0.000000 0.000000 0.000000 0.000000 0.000000 0.000000 0.000000 0.000000 0.083079 0.582616 0.293196 0.000000 0.000000 0.000000 0.000000 0.000000 0.000000 0.000000 0.000000 0.000000 0.067633 0.858541 0.360790 0.000000 0.000000 0.000000 0.000000 0.000000 0.000000 0.000000 0.000000 0.000000 0.931197 0.501697 0.033444 0.000000 0.000000 0.000000 0.000000 0.000000 0.000000 0.000000 0.000000 0.000000 0.740419 0.270268 0.640417 0.000000 0.000000 0.000000 0.000000 0.000000 0.000000 0.000000 0.000000 0.000000 0.000000 0.000000 0.000000 0.000000 0.000000 0.000000 0.000000 0.000000 0.000000 0.000000 0.000000 0.000000 0.000000 0.000000 0.000000 0.000000 0.000000 0.000000 0.000000 0.000000 0.000000 0.000000 0.000000 0.000000 0.000000 0.000000 0.000000 0.000000 0.000000 0.000000 0.000000 0.000000 0.000000 0.000000 0.000000 0.000000 0.000000 0.000000 0.000000 0.000000 0.000000 0.000000 0.000000 0.000000 0.000000 0.000000 0.000000 0.000000 0.000000 0.000000 0.000000 0.000000 0.000000 0.000000 0.000000 0.000000 0.000000 0.000000 0.000000 0.000000 0.000000 0.000000 0.000000 0.000000 0.000000 0.000000 0.000000 0.000000 0.000000 0.000000 0.000000 0.000000 0.000000 0.000000 0.000000 0.000000 0.000000 0.000000 0.000000 0.000000 0.000000 0.000000 0.000000 0.000000 0.000000 0.000000 0.000000 0.000000 0.000000 0.000000 0.000000 0.000000 0.000000 0.000000 0.000000 0.000000 0.000000 0.000000 0.000000 0.000000 0.000000 0.000000 0.000000 0.000000 0.000000 0.000000 0.000000 0.000000 0.000000 0.000000 0.000000 0.000000 0.000000 0.000000 0.000000 0.000000 0.000000 0.000000 0.000000 0.000000 0.000000 0.000000 0.000000 0.000000 0.000000 0.000000 0.000000 0.000000 0.000000 0.000000 0.000000 0.000000 0.000000 0.000000 0.000000 0.000000 0.000000 0.000000 0.000000 0.000000 0.000000 0.000000 0.000000 0.000000 
0.751941 0.882522 0.158915 0.000000 0.000000 0.000000 0.000000 0.000000 0.000000 0.000000 0.000000 0.000000 0.170799 0.965184 0.260945 0.000000 0.000000 0.000000 0.000000 0.000000 0.000000 0.000000 0.000000 0.000000 0.922804 0.469884 0.265178 0.000000 0.000000 0.000000 0.000000 0.000000 0.000000 0.000000 0.000000 0.000000 0.675137 0.031521 0.021445 0.000000 0.000000 0.000000 0.000000 0.000000 0.000000 0.000000 0.000000 0.000000 0.585761 0.821188 0.340092 0.000000 0.000000 0.000000 0.000000 0.000000 0.000000 0.000000 0.000000 0.000000 0.897175 0.889923 0.085723 0.000000 0.000000 0.000000 0.000000 0.000000 0.000000 0.000000 0.000000 0.000000 0.000000 0.000000 0.000000 0.000000 0.000000 0.000000 0.000000 0.000000 0.000000 0.000000 0.000000 0.000000 0.000000 0.000000 0.000000 0.000000 0.000000 0.000000 0.000000 0.000000 0.000000 0.000000 0.000000 0.000000 0.000000 0.000000 0.000000 0.000000 0.000000 0.000000 0.000000 0.000000 0.000000 0.000000 0.000000 0.000000 0.000000 0.000000 0.000000 0.000000 0.000000 0.000000 0.000000 0.000000 0.000000 0.000000 0.000000 0.000000 0.000000 0.000000 0.000000 0.000000 0.000000 0.000000 0.000000 0.000000 0.000000 0.000000 0.000000 0.000000 0.000000 0.000000 0.000000 0.000000 0.000000 0.000000 0.000000 0.000000 0.000000 0.000000 0.000000 0.000000 0.000000 0.000000 0.000000 0.000000 0.000000 0.000000 0.000000 0.000000 0.000000 0.000000 0.000000 0.000000 0.000000 0.000000 0.000000 0.000000 0.000000 0.000000 0.000000 0.000000 0.000000 0.000000 0.000000 0.000000 0.000000 0.000000 0.000000 0.000000 0.000000 0.000000 0.000000 0.000000 0.000000 0.000000 0.000000 0.000000 0.000000 0.000000 0.000000 0.000000 0.000000 0.000000 0.000000 0.000000 0.000000 0.000000 0.000000 0.000000 0.000000 0.000000 0.000000 0.000000 0.000000 0.000000 0.000000 0.000000 0.000000 0.000000 0.000000 0.000000 0.000000 0.000000 0.000000 0.000000 0.000000 0.000000 0.000000 0.000000 0.000000 0.000000 0.000000 0.000000 
0.415004 0.307928 0.914820 0.000000 0.000000 0.000000 0.000000 0.000000 0.000000 0.000000 0.000000 0.000000 0.804494 0.715900 0.692993 0.000000 0.000000 0.000000 0.000000 0.000000 0.000000 0.000000 0.000000 0.000000 0.639628 0.158967 0.397558 0.000000 0.000000 0.000000 0.000000 0.000000 0.000000 0.000000 0.000000 0.000000 0.327402 0.124943 0.313598 0.000000 0.000000 0.000000 0.000000 0.000000 0.000000 0.000000 0.000000 0.000000 0.589811 0.930802 0.198426 0.000000 0.000000 0.000000 0.000000 0.000000 0.000000 0.000000 0.000000 0.000000 0.057608 0.066431 0.375333 0.000000 0.000000 0.000000 0.000000 0.000000 0.000000 0.000000 0.000000 0.000000 0.000000 0.000000 0.000000 0.000000 0.000000 0.000000 0.000000 0.000000 0.000000 0.000000 0.000000 0.000000 0.000000 0.000000 0.000000 0.000000 0.000000 0.000000 0.000000 0.000000 0.000000 0.000000 0.000000 0.000000 0.000000 0.000000 0.000000 0.000000 0.000000 0.000000 0.000000 0.000000 0.000000 0.000000 0.000000 0.000000 0.000000 0.000000 0.000000 0.000000 0.000000 0.000000 0.000000 0.000000 0.000000 0.000000 0.000000 0.000000 0.000000 0.000000 0.000000 0.000000 0.000000 0.000000 0.000000 0.000000 0.000000 0.000000 0.000000 0.000000 0.000000 0.000000 0.000000 0.000000 0.000000 0.000000 0.000000 0.000000 0.000000 0.000000 0.000000 0.000000 0.000000 0.000000 0.000000 0.000000 0.000000 0.000000 0.000000 0.000000 0.000000 0.000000 0.000000 0.000000 0.000000 0.000000 0.000000 0.000000 0.000000 0.000000 0.000000 0.000000 0.000000 0.000000 0.000000 0.000000 0.000000 0.000000 0.000000 0.000000 0.000000 0.000000 0.000000 0.000000 0.000000 0.000000 0.000000 0.000000 0.000000 0.000000 0.000000 0.000000 0.000000 0.000000 0.000000 0.000000 0.000000 0.000000 0.000000 0.000000 0.000000 0.000000 0.000000 0.000000 0.000000 0.000000 0.000000 0.000000 0.000000 0.000000 0.000000 0.000000 0.000000 0.000000 0.000000 0.000000 0.000000 0.000000 0.000000 0.000000 0.000000 0.000000 0.000000 0.000000 
0.605927 0.526670 0.929619 0.000000 0.000000 0.000000 0.000000 0.000000 0.000000 0.000000 0.000000 0.000000 0.160880 0.542324 0.803192 0.000000 0.000000 0.000000 0.000000 0.000000 0.000000 0.000000 0.000000 0.000000 0.186609 0.560397 0.800253 0.000000 0.000000 0.000000 0.000000 0.000000 0.000000 0.000000 0.000000 0.000000 0.573578 0.848858 0.595726 0.000000 0.000000 0.000000 0.000000 0.000000 0.000000 0.000000 0.000000 0.000000 0.601470 0.047812 0.098481 0.000000 0.000000 0.000000 0.000000 0.000000 0.000000 0.000000 0.000000 0.000000 0.532939 0.513243 0.545084 0.000000 0.000000 0.000000 0.000000 0.000000 0.000000 0.000000 0.000000 0.000000 0.000000 0.000000 0.000000 0.000000 0.000000 0.000000 0.000000 0.000000 0.000000 0.000000 0.000000 0.000000 0.000000 0.000000 0.000000 0.000000 0.000000 0.000000 0.000000 0.000000 0.000000 0.000000 0.000000 0.000000 0.000000 0.000000 0.000000 0.000000 0.000000 0.000000 0.000000 0.000000 0.000000 0.000000 0.000000 0.000000 0.000000 0.000000 0.000000 0.000000 0.000000 0.000000 0.000000 0.000000 0.000000 0.000000 0.000000 0.000000 0.000000 0.000000 0.000000 0.000000 0.000000 0.000000 0.000000 0.000000 0.000000 0.000000 0.000000 0.000000 0.000000 0.000000 0.000000 0.000000 0.000000 0.000000 0.000000 0.000000 0.000000 0.000000 0.000000 0.000000 0.000000 0.000000 0.000000 0.000000 0.000000 0.000000 0.000000 0.000000 0.000000 0.000000 0.000000 0.000000 0.000000 0.000000 0.000000 0.000000 0.000000 0.000000 0.000000 0.000000 0.000000 0.000000 0.000000 0.000000 0.000000 0.000000 0.000000 0.000000 0.000000 0.000000 0.000000 0.000000 0.000000 0.000000 0.000000 0.000000 0.000000 0.000000 0.000000 0.000000 0.000000 0.000000 0.000000 0.000000 0.000000 0.000000 0.000000 0.000000 0.000000 0.000000 0.000000 0.000000 0.000000 0.000000 0.000000 0.000000 0.000000 0.000000 0.000000 0.000000 0.000000 0.000000 0.000000 0.000000 0.000000 0.000000 0.000000 0.000000 0.000000 0.000000 0.000000 0.000000 
0.394116 0.607505 0.256026 0.000000 0.000000 0.000000 0.000000 0.000000 0.000000 0.000000 0.000000 0.000000 0.863972 0.743849 0.348773 0.000000 0.000000 0.000000 0.000000 0.000000 0.000000 0.000000 0.000000 0.000000 0.696660 0.509557 0.821913 0.000000 0.000000 0.000000 0.000000 0.000000 0.000000 0.000000 0.000000 0.000000 0.041011 0.161255 0.226048 0.000000 0.000000 0.000000 0.000000 0.000000 0.000000 0.000000 0.000000 0.000000 0.759297 0.120670 0.357446 0.000000 0.000000 0.000000 0.000000 0.000000 0.000000 0.000000 0.000000 0.000000 0.020980 0.318377 0.351791 0.000000 0.000000 0.000000 0.000000 0.000000 0.000000 0.000000 0.000000 0.000000 0.000000 0.000000 0.000000 0.000000 0.000000 0.000000 0.000000 0.000000 0.000000 0.000000 0.000000 0.000000 0.000000 0.000000 0.000000 0.000000 0.000000 0.000000 0.000000 0.000000 0.000000 0.000000 0.000000 0.000000 0.000000 0.000000 0.000000 0.000000 0.000000 0.000000 0.000000 0.000000 0.000000 0.000000 0.000000 0.000000 0.000000 0.000000 0.000000 0.000000 0.000000 0.000000 0.000000 0.000000 0.000000 0.000000 0.000000 0.000000 0.000000 0.000000 0.000000 0.000000 0.000000 0.000000 0.000000 0.000000 0.000000 0.000000 0.000000 0.000000 0.000000 0.000000 0.000000 0.000000 0.000000 0.000000 0.000000 0.000000 0.000000 0.000000 0.000000 0.000000 0.000000 0.000000 0.000000 0.000000 0.000000 0.000000 0.000000 0.000000 0.000000 0.000000 0.000000 0.000000 0.000000 0.000000 0.000000 0.000000 0.000000 0.000000 0.000000 0.000000 0.000000 0.000000 0.000000 0.000000 0.000000 0.000000 0.000000 0.000000 0.000000 0.000000 0.000000 0.000000 0.000000 0.000000 0.000000 0.000000 0.000000 0.000000 0.000000 0.000000 0.000000 0.000000 0.000000 0.000000 0.000000 0.000000 0.000000 0.000000 0.000000 0.000000 0.000000 0.000000 0.000000 0.000000 0.000000 0.000000 0.000000 0.000000 0.000000 0.000000 0.000000 0.000000 0.000000 0.000000 0.000000 0.000000 0.000000 0.000000 0.000000 0.000000 0.000000 0.000000 
0.423333 0.442203 0.095782 0.000000 0.000000 0.000000 0.000000 0.000000 0.000000 0.000000 0.000000 0.000000 0.112535 0.762543 0.169366 0.000000 0.000000 0.000000 0.000000 0.000000 0.000000 0.000000 0.000000 0.000000 0.131736 0.214331 0.643365 0.000000 0.000000 0.000000 0.000000 0.000000 0.000000 0.000000 0.000000 0.000000 0.694289 0.532594 0.961148 0.000000 0.000000 0.000000 0.000000 0.000000 0.000000 0.000000 0.000000 0.000000 0.301207 0.660429 0.073470 0.000000 0.000000 0.000000 0.000000 0.000000 0.000000 0.000000 0.000000 0.000000 0.334911 0.092750 0.532223 0.000000 0.000000 0.000000 0.000000 0.000000 0.000000 0.000000 0.000000 0.000000 0.000000 0.000000 0.000000 0.000000 0.000000 0.000000 0.000000 0.000000 0.000000 0.000000 0.000000 0.000000 0.000000 0.000000 0.000000 0.000000 0.000000 0.000000 0.000000 0.000000 0.000000 0.000000 0.000000 0.000000 0.000000 0.000000 0.000000 0.000000 0.000000 0.000000 0.000000 0.000000 0.000000 0.000000 0.000000 0.000000 0.000000 0.000000 0.000000 0.000000 0.000000 0.000000 0.000000 0.000000 0.000000 0.000000 0.000000 0.000000 0.000000 0.000000 0.000000 0.000000 0.000000 0.000000 0.000000 0.000000 0.000000 0.000000 0.000000 0.000000 0.000000 0.000000 0.000000 0.000000 0.000000 0.000000 0.000000 0.000000 0.000000 0.000000 0.000000 0.000000 0.000000 0.000000 0.000000 0.000000 0.000000 0.000000 0.000000 0.000000 0.000000 0.000000 0.000000 0.000000 0.000000 0.000000 0.000000 0.000000 0.000000 0.000000 0.000000 0.000000 0.000000 0.000000 0.000000 0.000000 0.000000 0.000000 0.000000 0.000000 0.000000 0.000000 0.000000 0.000000 0.000000 0.000000 0.000000 0.000000 0.000000 0.000000 0.000000 0.000000 0.000000 0.000000 0.000000 0.000000 0.000000 0.000000 0.000000 0.000000 0.000000 0.000000 0.000000 0.000000 0.000000 0.000000 0.000000 0.000000 0.000000 0.000000 0.000000 0.000000 0.000000 0.000000 0.000000 0.000000 0.000000 0.000000 0.000000 0.000000 0.000000 0.000000 0.000000 0.000000 
0.041631 0.875981 0.678877 0.000000 0.000000 0.000000 0.000000 0.000000 0.000000 0.000000 0.000000 0.000000 0.689250 0.115920 0.038626 0.000000 0.000000 0.000000 0.000000 0.000000 0.000000 0.000000 0.000000 0.000000 0.710492 0.058197 0.727227 0.000000 0.000000 0.000000 0.000000 0.000000 0.000000 0.000000 0.000000 0.000000 0.680142 0.239261 0.345999 0.000000 0.000000 0.000000 0.000000 0.000000 0.000000 0.000000 0.000000 0.000000 0.992625 0.433662 0.203597 0.000000 0.000000 0.000000 0.000000 0.000000 0.000000 0.000000 0.000000 0.000000 0.580760 0.122795 0.534760 0.000000 0.000000 0.000000 0.000000 0.000000 0.000000 0.000000 0.000000 0.000000 0.000000 0.000000 0.000000 0.000000 0.000000 0.000000 0.000000 0.000000 0.000000 0.000000 0.000000 0.000000 0.000000 0.000000 0.000000 0.000000 0.000000 0.000000 0.000000 0.000000 0.000000 0.000000 0.000000 0.000000 0.000000 0.000000 0.000000 0.000000 0.000000 0.000000 0.000000 0.000000 0.000000 0.000000 0.000000 0.000000 0.000000 0.000000 0.000000 0.000000 0.000000 0.000000 0.000000 0.000000 0.000000 0.000000 0.000000 0.000000 0.000000 0.000000 0.000000 0.000000 0.000000 0.000000 0.000000 0.000000 0.000000 0.000000 0.000000 0.000000 0.000000 0.000000 0.000000 0.000000 0.000000 0.000000 0.000000 0.000000 0.000000 0.000000 0.000000 0.000000 0.000000 0.000000 0.000000 0.000000 0.000000 0.000000 0.000000 0.000000 0.000000 0.000000 0.000000 0.000000 0.000000 0.000000 0.000000 0.000000 0.000000 0.000000 0.000000 0.000000 0.000000 0.000000 0.000000 0.000000 0.000000 0.000000 0.000000 0.000000 0.000000 0.000000 0.000000 0.000000 0.000000 0.000000 0.000000 0.000000 0.000000 0.000000 0.000000 0.000000 0.000000 0.000000 0.000000 0.000000 0.000000 0.000000 0.000000 0.000000 0.000000 0.000000 0.000000 0.000000 0.000000 0.000000 0.000000 0.000000 0.000000 0.000000 0.000000 0.000000 0.000000 0.000000 0.000000 0.000000 0.000000 0.000000 0.000000 0.000000 0.000000 0.000000 0.000000 0.000000 
0.701703 0.676226 0.138915 0.000000 0.000000 0.000000 0.000000 0.000000 0.000000 0.000000 0.000000 0.000000 0.035075 0.803579 0.124291 0.000000 0.000000 0.000000 0.000000 0.000000 0.000000 0.000000 0.000000 0.000000 0.028523 0.749714 0.475154 0.000000 0.000000 0.000000 0.000000 0.000000 0.000000 0.000000 0.000000 0.000000 0.702795 0.508332 0.252089 0.000000 0.000000 0.000000 0.000000 0.000000 0.000000 0.000000 0.000000 0.000000 0.988120 0.494829 0.250362 0.000000 0.000000 0.000000 0.000000 0.000000 0.000000 0.000000 0.000000 0.000000 0.442964 0.015041 0.218667 0.000000 0.000000 0.000000 0.000000 0.000000 0.000000 0.000000 0.000000 0.000000 0.000000 0.000000 0.000000 0.000000 0.000000 0.000000 0.000000 0.000000 0.000000 0.000000 0.000000 0.000000 0.000000 0.000000 0.000000 0.000000 0.000000 0.000000 0.000000 0.000000 0.000000 0.000000 0.000000 0.000000 0.000000 0.000000 0.000000 0.000000 0.000000 0.000000 0.000000 0.000000 0.000000 0.000000 0.000000 0.000000 0.000000 0.000000 0.000000 0.000000 0.000000 0.000000 0.000000 0.000000 0.000000 0.000000 0.000000 0.000000 0.000000 0.000000 0.000000 0.000000 0.000000 0.000000 0.000000 0.000000 0.000000 0.000000 0.000000 0.000000 0.000000 0.000000 0.000000 0.000000 0.000000 0.000000 0.000000 0.000000 0.000000 0.000000 0.000000 0.000000 0.000000 0.000000 0.000000 0.000000 0.000000 0.000000 0.000000 0.000000 0.000000 0.000000 0.000000 0.000000 0.000000 0.000000 0.000000 0.000000 0.000000 0.000000 0.000000 0.000000 0.000000 0.000000 0.000000 0.000000 0.000000 0.000000 0.000000 0.000000 0.000000 0.000000 0.000000 0.000000 0.000000 0.000000 0.000000 0.000000 0.000000 0.000000 0.000000 0.000000 0.000000 0.000000 0.000000 0.000000 0.000000 0.000000 0.000000 0.000000 0.000000 0.000000 0.000000 0.000000 0.000000 0.000000 0.000000 0.000000 0.000000 0.000000 0.000000 0.000000 0.000000 0.000000 0.000000 0.000000 0.000000 0.000000 0.000000 0.000000 0.000000 0.000000 0.000000 0.000000 
0.287904 0.670082 0.898759 0.000000 0.000000 0.000000 0.000000 0.000000 0.000000 0.000000 0.000000 0.000000 0.686691 0.686961 0.524278 0.000000 0.000000 0.000000 0.000000 0.000000 0.000000 0.000000 0.000000 0.000000 0.971513 0.379540 0.918379 0.000000 0.000000 0.000000 0.000000 0.000000 0.000000 0.000000 0.000000 0.000000 0.698431 0.549849 0.182456 0.000000 0.000000 0.000000 0.000000 0.000000 0.000000 0.000000 0.000000 0.000000 0.672837 0.855203 0.429929 0.000000 0.000000 0.000000 0.000000 0.000000 0.000000 0.000000 0.000000 0.000000 0.668201 0.276954 0.004990 0.000000 0.000000 0.000000 0.000000 0.000000 0.000000 0.000000 0.000000 0.000000 0.000000 0.000000 0.000000 0.000000 0.000000 0.000000 0.000000 0.000000 0.000000 0.000000 0.000000 0.000000 0.000000 0.000000 0.000000 0.000000 0.000000 0.000000 0.000000 0.000000 0.000000 0.000000 0.000000 0.000000 0.000000 0.000000 0.000000 0.000000 0.000000 0.000000 0.000000 0.000000 0.000000 0.000000 0.000000 0.000000 0.000000 0.000000 0.000000 0.000000 0.000000 0.000000 0.000000 0.000000 0.000000 0.000000 0.000000 0.000000 0.000000 0.000000 0.000000 0.000000 0.000000 0.000000 0.000000 0.000000 0.000000 0.000000 0.000000 0.000000 0.000000 0.000000 0.000000 0.000000 0.000000 0.000000 0.000000 0.000000 0.000000 0.000000 0.000000 0.000000 0.000000 0.000000 0.000000 0.000000 0.000000 0.000000 0.000000 0.000000 0.000000 0.000000 0.000000 0.000000 0.000000 0.000000 0.000000 0.000000 0.000000 0.000000 0.000000 0.000000 0.000000 0.000000 0.000000 0.000000 0.000000 0.000000 0.000000 0.000000 0.000000 0.000000 0.000000 0.000000 0.000000 0.000000 0.000000 0.000000 0.000000 0.000000 0.000000 0.000000 0.000000 0.000000 0.000000 0.000000 0.000000 0.000000 0.000000 0.000000 0.000000 0.000000 0.000000 0.000000 0.000000 0.000000 0.000000 0.000000 0.000000 0.000000 0.000000 0.000000 0.000000 0.000000 0.000000 0.000000 0.000000 0.000000 0.000000 0.000000 0.000000 0.000000 0.000000 0.000000 
0.090864 0.773830 0.992644 0.000000 0.000000 0.000000 0.000000 0.000000 0.000000 0.000000 0.000000 0.000000 0.170083 0.837492 0.171349 0.000000 0.000000 0.000000 0.000000 0.000000 0.000000 0.000000 0.000000 0.000000 0.071733 0.868525 0.876898 0.000000 0.000000 0.000000 0.000000 0.000000 0.000000 0.000000 0.000000 0.000000 0.382797 0.484609 0.739290 0.000000 0.000000 0.000000 0.000000 0.000000 0.000000 0.000000 0.000000 0.000000 0.529434 0.842303 0.927890 0.000000 0.000000 0.000000 0.000000 0.000000 0.000000 0.000000 0.000000 0.000000 0.495722 0.105798 0.370179 0.000000 0.000000 0.000000 0.000000 0.000000 0.000000 0.000000 0.000000 0.000000 0.000000 0.000000 0.000000 0.000000 0.000000 0.000000 0.000000 0.000000 0.000000 0.000000 0.000000 0.000000 0.000000 0.000000 0.000000 0.000000 0.000000 0.000000 0.000000 0.000000 0.000000 0.000000 0.000000 0.000000 0.000000 0.000000 0.000000 0.000000 0.000000 0.000000 0.000000 0.000000 0.000000 0.000000 0.000000 0.000000 0.000000 0.000000 0.000000 0.000000 0.000000 0.000000 0.000000 0.000000 0.000000 0.000000 0.000000 0.000000 0.000000 0.000000 0.000000 0.000000 0.000000 0.000000 0.000000 0.000000 0.000000 0.000000 0.000000 0.000000 0.000000 0.000000 0.000000 0.000000 0.000000 0.000000 0.000000 0.000000 0.000000 0.000000 0.000000 0.000000 0.000000 0.000000 0.000000 0.000000 0.000000 0.000000 0.000000 0.000000 0.000000 0.000000 0.000000 0.000000 0.000000 0.000000 0.000000 0.000000 0.000000 0.000000 0.000000 0.000000 0.000000 0.000000 0.000000 0.000000 0.000000 0.000000 0.000000 0.000000 0.000000 0.000000 0.000000 0.000000 0.000000 0.000000 0.000000 0.000000 0.000000 0.000000 0.000000 0.000000 0.000000 0.000000 0.000000 0.000000 0.000000 0.000000 0.000000 0.000000 0.000000 0.000000 0.000000 0.000000 0.000000 0.000000 0.000000 0.000000 0.000000 0.000000 0.000000 0.000000 0.000000 0.000000 0.000000 0.000000 0.000000 0.000000 0.000000 0.000000 0.000000 0.000000 0.000000 0.000000 
0.814954 0.023328 0.415610 0.000000 0.000000 0.000000 0.000000 0.000000 0.000000 0.000000 0.000000 0.000000 0.108500 0.387701 0.033096 0.000000 0.000000 0.000000 0.000000 0.000000 0.000000 0.000000 0.000000 0.000000 0.068029 0.097170 0.017849 0.000000 0.000000 0.000000 0.000000 0.000000 0.000000 0.000000 0.000000 0.000000 0.213301 0.248642 0.922511 0.000000 0.000000 0.000000 0.000000 0.000000 0.000000 0.000000 0.000000 0.000000 0.743095 0.411496 0.616436 0.000000 0.000000 0.000000 0.000000 0.000000 0.000000 0.000000 0.000000 0.000000 0.253955 0.096333 0.504440 0.000000 0.000000 0.000000 0.000000 0.000000 0.000000 0.000000 0.000000 0.000000 0.000000 0.000000 0.000000 0.000000 0.000000 0.000000 0.000000 0.000000 0.000000 0.000000 0.000000 0.000000 0.000000 0.000000 0.000000 0.000000 0.000000 0.000000 0.000000 0.000000 0.000000 0.000000 0.000000 0.000000 0.000000 0.000000 0.000000 0.000000 0.000000 0.000000 0.000000 0.000000 0.000000 0.000000 0.000000 0.000000 0.000000 0.000000 0.000000 0.000000 0.000000 0.000000 0.000000 0.000000 0.000000 0.000000 0.000000 0.000000 0.000000 0.000000 0.000000 0.000000 0.000000 0.000000 0.000000 0.000000 0.000000 0.000000 0.000000 0.000000 0.000000 0.000000 0.000000 0.000000 0.000000 0.000000 0.000000 0.000000 0.000000 0.000000 0.000000 0.000000 0.000000 0.000000 0.000000 0.000000 0.000000 0.000000 0.000000 0.000000 0.000000 0.000000 0.000000 0.000000 0.000000 0.000000 0.000000 0.000000 0.000000 0.000000 0.000000 0.000000 0.000000 0.000000 0.000000 0.000000 0.000000 0.000000 0.000000 0.000000 0.000000 0.000000 0.000000 0.000000 0.000000 0.000000 0.000000 0.000000 0.000000 0.000000 0.000000 0.000000 0.000000 0.000000 0.000000 0.000000 0.000000 0.000000 0.000000 0.000000 0.000000 0.000000 0.000000 0.000000 0.000000 0.000000 0.000000 0.000000 0.000000 0.000000 0.000000 0.000000 0.000000 0.000000 0.000000 0.000000 0.000000 0.000000 0.000000 0.000000 0.000000 0.000000 0.000000 0.000000 
0.861146 0.789756 0.063080 0.000000 0.000000 0.000000 0.000000 0.000000 0.000000 0.000000 0.000000 0.000000 0.292917 0.600958 0.128187 0.000000 0.000000 0.000000 0.000000 0.000000 0.000000 0.000000 0.000000 0.000000 0.513874 0.579377 0.698410 0.000000 0.000000 0.000000 0.000000 0.000000 0.000000 0.000000 0.000000 0.000000 0.284662 0.620969 0.549330 0.000000 0.000000 0.000000 0.000000 0.000000 0.000000 0.000000 0.000000 0.000000 0.134785 0.277756 0.800586 0.000000 0.000000 0.000000 0.000000 0.000000 0.000000 0.000000 0.000000 0.000000 0.081359 0.226576 0.134617 0.000000 0.000000 0.000000 0.000000 0.000000 0.000000 0.000000 0.000000 0.000000 0.000000 0.000000 0.000000 0.000000 0.000000 0.000000 0.000000 0.000000 0.000000 0.000000 0.000000 0.000000 0.000000 0.000000 0.000000 0.000000 0.000000 0.000000 0.000000 0.000000 0.000000 0.000000 0.000000 0.000000 0.000000 0.000000 0.000000 0.000000 0.000000 0.000000 0.000000 0.000000 0.000000 0.000000 0.000000 0.000000 0.000000 0.000000 0.000000 0.000000 0.000000 0.000000 0.000000 0.000000 0.000000 0.000000 0.000000 0.000000 0.000000 0.000000 0.000000 0.000000 0.000000 0.000000 0.000000 0.000000 0.000000 0.000000 0.000000 0.000000 0.000000 0.000000 0.000000 0.000000 0.000000 0.000000 0.000000 0.000000 0.000000 0.000000 0.000000 0.000000 0.000000 0.000000 0.000000 0.000000 0.000000 0.000000 0.000000 0.000000 0.000000 0.000000 0.000000 0.000000 0.000000 0.000000 0.000000 0.000000 0.000000 0.000000 0.000000 0.000000 0.000000 0.000000 0.000000 0.000000 0.000000 0.000000 0.000000 0.000000 0.000000 0.000000 0.000000 0.000000 0.000000 0.000000 0.000000 0.000000 0.000000 0.000000 0.000000 0.000000 0.000000 0.000000 0.000000 0.000000 0.000000 0.000000 0.000000 0.000000 0.000000 0.000000 0.000000 0.000000 0.000000 0.000000 0.000000 0.000000 0.000000 0.000000 0.000000 0.000000 0.000000 0.000000 0.000000 0.000000 0.000000 0.000000 0.000000 0.000000 0.000000 0.000000 0.000000 0.000000 
0.721992 0.912656 0.412451 0.000000 0.000000 0.000000 0.000000 0.000000 0.000000 0.000000 0.000000 0.000000 0.833358 0.577276 0.753355 0.000000 0.000000 0.000000 0.000000 0.000000 0.000000 0.000000 0.000000 0.000000 0.435045 0.490997 0.488208 0.000000 0.000000 0.000000 0.000000 0.000000 0.000000 0.000000 0.000000 0.000000 0.242937 0.324899 0.822072 0.000000 0.000000 0.000000 0.000000 0.000000 0.000000 0.000000 0.000000 0.000000 0.081620 0.839719 0.581409 0.000000 0.000000 0.000000 0.000000 0.000000 0.000000 0.000000 0.000000 0.000000 0.603134 0.354609 0.432829 0.000000 0.000000 0.000000 0.000000 0.000000 0.000000 0.000000 0.000000 0.000000 0.000000 0.000000 0.000000 0.000000 0.000000 0.000000 0.000000 0.000000 0.000000 0.000000 0.000000 0.000000 0.000000 0.000000 0.000000 0.000000 0.000000 0.000000 0.000000 0.000000 0.000000 0.000000 0.000000 0.000000 0.000000 0.000000 0.000000 0.000000 0.000000 0.000000 0.000000 0.000000 0.000000 0.000000 0.000000 0.000000 0.000000 0.000000 0.000000 0.000000 0.000000 0.000000 0.000000 0.000000 0.000000 0.000000 0.000000 0.000000 0.000000 0.000000 0.000000 0.000000 0.000000 0.000000 0.000000 0.000000 0.000000 0.000000 0.000000 0.000000 0.000000 0.000000 0.000000 0.000000 0.000000 0.000000 0.000000 0.000000 0.000000 0.000000 0.000000 0.000000 0.000000 0.000000 0.000000 0.000000 0.000000 0.000000 0.000000 0.000000 0.000000 0.000000 0.000000 0.000000 0.000000 0.000000 0.000000 0.000000 0.000000 0.000000 0.000000 0.000000 0.000000 0.000000 0.000000 0.000000 0.000000 0.000000 0.000000 0.000000 0.000000 0.000000 0.000000 0.000000 0.000000 0.000000 0.000000 0.000000 0.000000 0.000000 0.000000 0.000000 0.000000 0.000000 0.000000 0.000000 0.000000 0.000000 0.000000 0.000000 0.000000 0.000000 0.000000 0.000000 0.000000 0.000000 0.000000 0.000000 0.000000 0.000000 0.000000 0.000000 0.000000 0.000000 0.000000 0.000000 0.000000 0.000000 0.000000 0.000000 0.000000 0.000000 0.000000 0.000000 
0.984823 0.590112 0.880272 0.000000 0.000000 0.000000 0.000000 0.000000 0.000000 0.000000 0.000000 0.000000 0.887194 0.434994 0.854752 0.000000 0.000000 0.000000 0.000000 0.000000 0.000000 0.000000 0.000000 0.000000 0.533013 0.893024 0.304827 0.000000 0.000000 0.000000 0.000000 0.000000 0.000000 0.000000 0.000000 0.000000 0.714007 0.042727 0.977835 0.000000 0.000000 0.000000 0.000000 0.000000 0.000000 0.000000 0.000000 0.000000 0.920450 0.735886 0.769854 0.000000 0.000000 0.000000 0.000000 0.000000 0.000000 0.000000 0.000000 0.000000 0.059915 0.066284 0.944457 0.000000 0.000000 0.000000 0.000000 0.000000 0.000000 0.000000 0.000000 0.000000 0.000000 0.000000 0.000000 0.000000 0.000000 0.000000 0.000000 0.000000 0.000000 0.000000 0.000000 0.000000 0.000000 0.000000 0.000000 0.000000 0.000000 0.000000 0.000000 0.000000 0.000000 0.000000 0.000000 0.000000 0.000000 0.000000 0.000000 0.000000 0.000000 0.000000 0.000000 0.000000 0.000000 0.000000 0.000000 0.000000 0.000000 0.000000 0.000000 0.000000 0.000000 0.000000 0.000000 0.000000 0.000000 0.000000 0.000000 0.000000 0.000000 0.000000 0.000000 0.000000 0.000000 0.000000 0.000000 0.000000 0.000000 0.000000 0.000000 0.000000 0.000000 0.000000 0.000000 0.000000 0.000000 0.000000 0.000000 0.000000 0.000000 0.000000 0.000000 0.000000 0.000000 0.000000 0.000000 0.000000 0.000000 0.000000 0.000000 0.000000 0.000000 0.000000 0.000000 0.000000 0.000000 0.000000 0.000000 0.000000 0.000000 0.000000 0.000000 0.000000 0.000000 0.000000 0.000000 0.000000 0.000000 0.000000 0.000000 0.000000 0.000000 0.000000 0.000000 0.000000 0.000000 0.000000 0.000000 0.000000 0.000000 0.000000 0.000000 0.000000 0.000000 0.000000 0.000000 0.000000 0.000000 0.000000 0.000000 0.000000 0.000000 0.000000 0.000000 0.000000 0.000000 0.000000 0.000000 0.000000 0.000000 0.000000 0.000000 0.000000 0.000000 0.000000 0.000000 0.000000 0.000000 0.000000 0.000000 0.000000 0.000000 0.000000 0.000000 0.000000 
0.176643 0.531557 0.680923 0.000000 0.000000 0.000000 0.000000 0.000000 0.000000 0.000000 0.000000 0.000000 0.809339 0.896274 0.408390 0.000000 0.000000 0.000000 0.000000 0.000000 0.000000 0.000000 0.000000 0.000000 0.500323 0.870058 0.081987 0.000000 0.000000 0.000000 0.000000 0.000000 0.000000 0.000000 0.000000 0.000000 0.904895 0.023950 0.019633 0.000000 0.000000 0.000000 0.000000 0.000000 0.000000 0.000000 0.000000 0.000000 0.487987 0.100438 0.607668 0.000000 0.000000 0.000000 0.000000 0.000000 0.000000 0.000000 0.000000 0.000000 0.867913 0.107208 0.144602 0.000000 0.000000 0.000000 0.000000 0.000000 0.000000 0.000000 0.000000 0.000000 0.000000 0.000000 0.000000 0.000000 0.000000 0.000000 0.000000 0.000000 0.000000 0.000000 0.000000 0.000000 0.000000 0.000000 0.000000 0.000000 0.000000 0.000000 0.000000 0.000000 0.000000 0.000000 0.000000 0.000000 0.000000 0.000000 0.000000 0.000000 0.000000 0.000000 0.000000 0.000000 0.000000 0.000000 0.000000 0.000000 0.000000 0.000000 0.000000 0.000000 0.000000 0.000000 0.000000 0.000000 0.000000 0.000000 0.000000 0.000000 0.000000 0.000000 0.000000 0.000000 0.000000 0.000000 0.000000 0.000000 0.000000 0.000000 0.000000 0.000000 0.000000 0.000000 0.000000 0.000000 0.000000 0.000000 0.000000 0.000000 0.000000 0.000000 0.000000 0.000000 0.000000 0.000000 0.000000 0.000000 0.000000 0.000000 0.000000 0.000000 0.000000 0.000000 0.000000 0.000000 0.000000 0.000000 0.000000 0.000000 0.000000 0.000000 0.000000 0.000000 0.000000 0.000000 0.000000 0.000000 0.000000 0.000000 0.000000 0.000000 0.000000 0.000000 0.000000 0.000000 0.000000 0.000000 0.000000 0.000000 0.000000 0.000000 0.000000 0.000000 0.000000 0.000000 0.000000 0.000000 0.000000 0.000000 0.000000 0.000000 0.000000 0.000000 0.000000 0.000000 0.000000 0.000000 0.000000 0.000000 0.000000 0.000000 0.000000 0.000000 0.000000 0.000000 0.000000 0.000000 0.000000 0.000000 0.000000 0.000000 0.000000 0.000000 0.000000 0.000000 
0.367247 0.810159 0.686187 0.000000 0.000000 0.000000 0.000000 0.000000 0.000000 0.000000 0.000000 0.000000 0.366505 0.740518 0.134329 0.000000 0.000000 0.000000 0.000000 0.000000 0.000000 0.000000 0.000000 0.000000 0.387987 0.292908 0.729667 0.000000 0.000000 0.000000 0.000000 0.000000 0.000000 0.000000 0.000000 0.000000 0.880336 0.906234 0.471283 0.000000 0.000000 0.000000 0.000000 0.000000 0.000000 0.000000 0.000000 0.000000 0.894795 0.202570 0.407144 0.000000 0.000000 0.000000 0.000000 0.000000 0.000000 0.000000 0.000000 0.000000 0.428958 0.080906 0.477857 0.000000 0.000000 0.000000 0.000000 0.000000 0.000000 0.000000 0.000000 0.000000 0.000000 0.000000 0.000000 0.000000 0.000000 0.000000 0.000000 0.000000 0.000000 0.000000 0.000000 0.000000 0.000000 0.000000 0.000000 0.000000 0.000000 0.000000 0.000000 0.000000 0.000000 0.000000 0.000000 0.000000 0.000000 0.000000 0.000000 0.000000 0.000000 0.000000 0.000000 0.000000 0.000000 0.000000 0.000000 0.000000 0.000000 0.000000 0.000000 0.000000 0.000000 0.000000 0.000000 0.000000 0.000000 0.000000 0.000000 0.000000 0.000000 0.000000 0.000000 0.000000 0.000000 0.000000 0.000000 0.000000 0.000000 0.000000 0.000000 0.000000 0.000000 0.000000 0.000000 0.000000 0.000000 0.000000 0.000000 0.000000 0.000000 0.000000 0.000000 0.000000 0.000000 0.000000 0.000000 0.000000 0.000000 0.000000 0.000000 0.000000 0.000000 0.000000 0.000000 0.000000 0.000000 0.000000 0.000000 0.000000 0.000000 0.000000 0.000000 0.000000 0.000000 0.000000 0.000000 0.000000 0.000000 0.000000 0.000000 0.000000 0.000000 0.000000 0.000000 0.000000 0.000000 0.000000 0.000000 0.000000 0.000000 0.000000 0.000000 0.000000 0.000000 0.000000 0.000000 0.000000 0.000000 0.000000 0.000000 0.000000 0.000000 0.000000 0.000000 0.000000 0.000000 0.000000 0.000000 0.000000 0.000000 0.000000 0.000000 0.000000 0.000000 0.000000 0.000000 0.000000 0.000000 0.000000 0.000000 0.000000 0.000000 0.000000 0.000000 0.000000 
0.853353 0.799972 0.308790 0.000000 0.000000 0.000000 0.000000 0.000000 0.000000 0.000000 0.000000 0.000000 0.526691 0.336166 0.792152 0.000000 0.000000 0.000000 0.000000 0.000000 0.000000 0.000000 0.000000 0.000000 0.318164 0.175742 0.473664 0.000000 0.000000 0.000000 0.000000 0.000000 0.000000 0.000000 0.000000 0.000000 0.459502 0.142562 0.671749 0.000000 0.000000 0.000000 0.000000 0.000000 0.000000 0.000000 0.000000 0.000000 0.828006 0.505375 0.984188 0.000000 0.000000 0.000000 0.000000 0.000000 0.000000 0.000000 0.000000 0.000000 0.290296 0.071565 0.131870 0.000000 0.000000 0.000000 0.000000 0.000000 0.000000 0.000000 0.000000 0.000000 0.000000 0.000000 0.000000 0.000000 0.000000 0.000000 0.000000 0.000000 0.000000 0.000000 0.000000 0.000000 0.000000 0.000000 0.000000 0.000000 0.000000 0.000000 0.000000 0.000000 0.000000 0.000000 0.000000 0.000000 0.000000 0.000000 0.000000 0.000000 0.000000 0.000000 0.000000 0.000000 0.000000 0.000000 0.000000 0.000000 0.000000 0.000000 0.000000 0.000000 0.000000 0.000000 0.000000 0.000000 0.000000 0.000000 0.000000 0.000000 0.000000 0.000000 0.000000 0.000000 0.000000 0.000000 0.000000 0.000000 0.000000 0.000000 0.000000 0.000000 0.000000 0.000000 0.000000 0.000000 0.000000 0.000000 0.000000 0.000000 0.000000 0.000000 0.000000 0.000000 0.000000 0.000000 0.000000 0.000000 0.000000 0.000000 0.000000 0.000000 0.000000 0.000000 0.000000 0.000000 0.000000 0.000000 0.000000 0.000000 0.000000 0.000000 0.000000 0.000000 0.000000 0.000000 0.000000 0.000000 0.000000 0.000000 0.000000 0.000000 0.000000 0.000000 0.000000 0.000000 0.000000 0.000000 0.000000 0.000000 0.000000 0.000000 0.000000 0.000000 0.000000 0.000000 0.000000 0.000000 0.000000 0.000000 0.000000 0.000000 0.000000 0.000000 0.000000 0.000000 0.000000 0.000000 0.000000 0.000000 0.000000 0.000000 0.000000 0.000000 0.000000 0.000000 0.000000 0.000000 0.000000 0.000000 0.000000 0.000000 0.000000 0.000000 0.000000 0.000000 
0.853967 0.059002 0.681571 0.000000 0.000000 0.000000 0.000000 0.000000 0.000000 0.000000 0.000000 0.000000 0.528646 0.687851 0.873876 0.000000 0.000000 0.000000 0.000000 0.000000 0.000000 0.000000 0.000000 0.000000 0.237515 0.552036 0.090646 0.000000 0.000000 0.000000 0.000000 0.000000 0.000000 0.000000 0.000000 0.000000 0.266389 0.908717 0.389080 0.000000 0.000000 0.000000 0.000000 0.000000 0.000000 0.000000 0.000000 0.000000 0.839625 0.971657 0.586205 0.000000 0.000000 0.000000 0.000000 0.000000 0.000000 0.000000 0.000000 0.000000 0.463862 0.004975 0.102623 0.000000 0.000000 0.000000 0.000000 0.000000 0.000000 0.000000 0.000000 0.000000 0.000000 0.000000 0.000000 0.000000 0.000000 0.000000 0.000000 0.000000 0.000000 0.000000 0.000000 0.000000 0.000000 0.000000 0.000000 0.000000 0.000000 0.000000 0.000000 0.000000 0.000000 0.000000 0.000000 0.000000 0.000000 0.000000 0.000000 0.000000 0.000000 0.000000 0.000000 0.000000 0.000000 0.000000 0.000000 0.000000 0.000000 0.000000 0.000000 0.000000 0.000000 0.000000 0.000000 0.000000 0.000000 0.000000 0.000000 0.000000 0.000000 0.000000 0.000000 0.000000 0.000000 0.000000 0.000000 0.000000 0.000000 0.000000 0.000000 0.000000 0.000000 0.000000 0.000000 0.000000 0.000000 0.000000 0.000000 0.000000 0.000000 0.000000 0.000000 0.000000 0.000000 0.000000 0.000000 0.000000 0.000000 0.000000 0.000000 0.000000 0.000000 0.000000 0.000000 0.000000 0.000000 0.000000 0.000000 0.000000 0.000000 0.000000 0.000000 0.000000 0.000000 0.000000 0.000000 0.000000 0.000000 0.000000 0.000000 0.000000 0.000000 0.000000 0.000000 0.000000 0.000000 0.000000 0.000000 0.000000 0.000000 0.000000 0.000000 0.000000 0.000000 0.000000 0.000000 0.000000 0.000000 0.000000 0.000000 0.000000 0.000000 0.000000 0.000000 0.000000 0.000000 0.000000 0.000000 0.000000 0.000000 0.000000 0.000000 0.000000 0.000000 0.000000 0.000000 0.000000 0.000000 0.000000 0.000000 0.000000 0.000000 0.000000 0.000000 0.000000 
0.773965 0.009182 0.654159 0.000000 0.000000 0.000000 0.000000 0.000000 0.000000 0.000000 0.000000 0.000000 0.258255 0.028168 0.426893 0.000000 0.000000 0.000000 0.000000 0.000000 0.000000 0.000000 0.000000 0.000000 0.611262 0.363671 0.223899 0.000000 0.000000 0.000000 0.000000 0.000000 0.000000 0.000000 0.000000 0.000000 0.725136 0.285735 0.041837 0.000000 0.000000 0.000000 0.000000 0.000000 0.000000 0.000000 0.000000 0.000000 0.973529 0.782728 0.367663 0.000000 0.000000 0.000000 0.000000 0.000000 0.000000 0.000000 0.000000 0.000000 0.555353 0.655093 0.022378 0.000000 0.000000 0.000000 0.000000 0.000000 0.000000 0.000000 0.000000 0.000000 0.000000 0.000000 0.000000 0.000000 0.000000 0.000000 0.000000 0.000000 0.000000 0.000000 0.000000 0.000000 0.000000 0.000000 0.000000 0.000000 0.000000 0.000000 0.000000 0.000000 0.000000 0.000000 0.000000 0.000000 0.000000 0.000000 0.000000 0.000000 0.000000 0.000000 0.000000 0.000000 0.000000 0.000000 0.000000 0.000000 0.000000 0.000000 0.000000 0.000000 0.000000 0.000000 0.000000 0.000000 0.000000 0.000000 0.000000 0.000000 0.000000 0.000000 0.000000 0.000000 0.000000 0.000000 0.000000 0.000000 0.000000 0.000000 0.000000 0.000000 0.000000 0.000000 0.000000 0.000000 0.000000 0.000000 0.000000 0.000000 0.000000 0.000000 0.000000 0.000000 0.000000 0.000000 0.000000 0.000000 0.000000 0.000000 0.000000 0.000000 0.000000 0.000000 0.000000 0.000000 0.000000 0.000000 0.000000 0.000000 0.000000 0.000000 0.000000 0.000000 0.000000 0.000000 0.000000 0.000000 0.000000 0.000000 0.000000 0.000000 0.000000 0.000000 0.000000 0.000000 0.000000 0.000000 0.000000 0.000000 0.000000 0.000000 0.000000 0.000000 0.000000 0.000000 0.000000 0.000000 0.000000 0.000000 0.000000 0.000000 0.000000 0.000000 0.000000 0.000000 0.000000 0.000000 0.000000 0.000000 0.000000 0.000000 0.000000 0.000000 0.000000 0.000000 0.000000 0.000000 0.000000 0.000000 0.000000 0.000000 0.000000 0.000000 0.000000 0.000000 
0.014717 0.654019 0.037962 0.000000 0.000000 0.000000 0.000000 0.000000 0.000000 0.000000 0.000000 0.000000 0.657304 0.371753 0.404914 0.000000 0.000000 0.000000 0.000000 0.000000 0.000000 0.000000 0.000000 0.000000 0.180096 0.601434 0.590226 0.000000 0.000000 0.000000 0.000000 0.000000 0.000000 0.000000 0.000000 0.000000 0.915067 0.736834 0.511954 0.000000 0.000000 0.000000 0.000000 0.000000 0.000000 0.000000 0.000000 0.000000 0.468667 0.901764 0.558916 0.000000 0.000000 0.000000 0.000000 0.000000 0.000000 0.000000 0.000000 0.000000 0.065569 0.043830 0.434446 0.000000 0.000000 0.000000 0.000000 0.000000 0.000000 0.000000 0.000000 0.000000 0.000000 0.000000 0.000000 0.000000 0.000000 0.000000 0.000000 0.000000 0.000000 0.000000 0.000000 0.000000 0.000000 0.000000 0.000000 0.000000 0.000000 0.000000 0.000000 0.000000 0.000000 0.000000 0.000000 0.000000 0.000000 0.000000 0.000000 0.000000 0.000000 0.000000 0.000000 0.000000 0.000000 0.000000 0.000000 0.000000 0.000000 0.000000 0.000000 0.000000 0.000000 0.000000 0.000000 0.000000 0.000000 0.000000 0.000000 0.000000 0.000000 0.000000 0.000000 0.000000 0.000000 0.000000 0.000000 0.000000 0.000000 0.000000 0.000000 0.000000 0.000000 0.000000 0.000000 0.000000 0.000000 0.000000 0.000000 0.000000 0.000000 0.000000 0.000000 0.000000 0.000000 0.000000 0.000000 0.000000 0.000000 0.000000 0.000000 0.000000 0.000000 0.000000 0.000000 0.000000 0.000000 0.000000 0.000000 0.000000 0.000000 0.000000 0.000000 0.000000 0.000000 0.000000 0.000000 0.000000 0.000000 0.000000 0.000000 0.000000 0.000000 0.000000 0.000000 0.000000 0.000000 0.000000 0.000000 0.000000 0.000000 0.000000 0.000000 0.000000 0.000000 0.000000 0.000000 0.000000 0.000000 0.000000 0.000000 0.000000 0.000000 0.000000 0.000000 0.000000 0.000000 0.000000 0.000000 0.000000 0.000000 0.000000 0.000000 0.000000 0.000000 0.000000 0.000000 0.000000 0.000000 0.000000 0.000000 0.000000 0.000000 0.000000 0.000000 0.000000 
0.724702 0.750416 0.948387 0.000000 0.000000 0.000000 0.000000 0.000000 0.000000 0.000000 0.000000 0.000000 0.665999 0.867274 0.209897 0.000000 0.000000 0.000000 0.000000 0.000000 0.000000 0.000000 0.000000 0.000000 0.844583 0.587194 0.471584 0.000000 0.000000 0.000000 0.000000 0.000000 0.000000 0.000000 0.000000 0.000000 0.147004 0.069762 0.336080 0.000000 0.000000 0.000000 0.000000 0.000000 0.000000 0.000000 0.000000 0.000000 0.777251 0.466326 0.107250 0.000000 0.000000 0.000000 0.000000 0.000000 0.000000 0.000000 0.000000 0.000000 0.600509 0.013745 0.633945 0.000000 0.000000 0.000000 0.000000 0.000000 0.000000 0.000000 0.000000 0.000000 0.000000 0.000000 0.000000 0.000000 0.000000 0.000000 0.000000 0.000000 0.000000 0.000000 0.000000 0.000000 0.000000 0.000000 0.000000 0.000000 0.000000 0.000000 0.000000 0.000000 0.000000 0.000000 0.000000 0.000000 0.000000 0.000000 0.000000 0.000000 0.000000 0.000000 0.000000 0.000000 0.000000 0.000000 0.000000 0.000000 0.000000 0.000000 0.000000 0.000000 0.000000 0.000000 0.000000 0.000000 0.000000 0.000000 0.000000 0.000000 0.000000 0.000000 0.000000 0.000000 0.000000 0.000000 0.000000 0.000000 0.000000 0.000000 0.000000 0.000000 0.000000 0.000000 0.000000 0.000000 0.000000 0.000000 0.000000 0.000000 0.000000 0.000000 0.000000 0.000000 0.000000 0.000000 0.000000 0.000000 0.000000 0.000000 0.000000 0.000000 0.000000 0.000000 0.000000 0.000000 0.000000 0.000000 0.000000 0.000000 0.000000 0.000000 0.000000 0.000000 0.000000 0.000000 0.000000 0.000000 0.000000 0.000000 0.000000 0.000000 0.000000 0.000000 0.000000 0.000000 0.000000 0.000000 0.000000 0.000000 0.000000 0.000000 0.000000 0.000000 0.000000 0.000000 0.000000 0.000000 0.000000 0.000000 0.000000 0.000000 0.000000 0.000000 0.000000 0.000000 0.000000 0.000000 0.000000 0.000000 0.000000 0.000000 0.000000 0.000000 0.000000 0.000000 0.000000 0.000000 0.000000 0.000000 0.000000 0.000000 0.000000 0.000000 0.000000 0.000000 
0.564353 0.977622 0.006006 0.000000 0.000000 0.000000 0.000000 0.000000 0.000000 0.000000 0.000000 0.000000 0.773443 0.490307 0.186674 0.000000 0.000000 0.000000 0.000000 0.000000 0.000000 0.000000 0.000000 0.000000 0.751298 0.940692 0.253162 0.000000 0.000000 0.000000 0.000000 0.000000 0.000000 0.000000 0.000000 0.000000 0.335035 0.427520 0.037115 0.000000 0.000000 0.000000 0.000000 0.000000 0.000000 0.000000 0.000000 0.000000 0.972183 0.553013 0.551878 0.000000 0.000000 0.000000 0.000000 0.000000 0.000000 0.000000 0.000000 0.000000 0.064433 0.516621 0.836250 0.000000 0.000000 0.000000 0.000000 0.000000 0.000000 0.000000 0.000000 0.000000 0.000000 0.000000 0.000000 0.000000 0.000000 0.000000 0.000000 0.000000 0.000000 0.000000 0.000000 0.000000 0.000000 0.000000 0.000000 0.000000 0.000000 0.000000 0.000000 0.000000 0.000000 0.000000 0.000000 0.000000 0.000000 0.000000 0.000000 0.000000 0.000000 0.000000 0.000000 0.000000 0.000000 0.000000 0.000000 0.000000 0.000000 0.000000 0.000000 0.000000 0.000000 0.000000 0.000000 0.000000 0.000000 0.000000 0.000000 0.000000 0.000000 0.000000 0.000000 0.000000 0.000000 0.000000 0.000000 0.000000 0.000000 0.000000 0.000000 0.000000 0.000000 0.000000 0.000000 0.000000 0.000000 0.000000 0.000000 0.000000 0.000000 0.000000 0.000000 0.000000 0.000000 0.000000 0.000000 0.000000 0.000000 0.000000 0.000000 0.000000 0.000000 0.000000 0.000000 0.000000 0.000000 0.000000 0.000000 0.000000 0.000000 0.000000 0.000000 0.000000 0.000000 0.000000 0.000000 0.000000 0.000000 0.000000 0.000000 0.000000 0.000000 0.000000 0.000000 0.000000 0.000000 0.000000 0.000000 0.000000 0.000000 0.000000 0.000000 0.000000 0.000000 0.000000 0.000000 0.000000 0.000000 0.000000 0.000000 0.000000 0.000000 0.000000 0.000000 0.000000 0.000000 0.000000 0.000000 0.000000 0.000000 0.000000 0.000000 0.000000 0.000000 0.000000 0.000000 0.000000 0.000000 0.000000 0.000000 0.000000 0.000000 0.000000 0.000000 0.000000 
0.364602 0.920261 0.752707 0.000000 0.000000 0.000000 0.000000 0.000000 0.000000 0.000000 0.000000 0.000000 0.240409 0.745245 0.053819 0.000000 0.000000 0.000000 0.000000 0.000000 0.000000 0.000000 0.000000 0.000000 0.300612 0.666101 0.969032 0.000000 0.000000 0.000000 0.000000 0.000000 0.000000 0.000000 0.000000 0.000000 0.597538 0.572789 0.261455 0.000000 0.000000 0.000000 0.000000 0.000000 0.000000 0.000000 0.000000 0.000000 0.527081 0.886825 0.745774 0.000000 0.000000 0.000000 0.000000 0.000000 0.000000 0.000000 0.000000 0.000000 0.297452 0.780031 0.256998 0.000000 0.000000 0.000000 0.000000 0.000000 0.000000 0.000000 0.000000 0.000000 0.000000 0.000000 0.000000 0.000000 0.000000 0.000000 0.000000 0.000000 0.000000 0.000000 0.000000 0.000000 0.000000 0.000000 0.000000 0.000000 0.000000 0.000000 0.000000 0.000000 0.000000 0.000000 0.000000 0.000000 0.000000 0.000000 0.000000 0.000000 0.000000 0.000000 0.000000 0.000000 0.000000 0.000000 0.000000 0.000000 0.000000 0.000000 0.000000 0.000000 0.000000 0.000000 0.000000 0.000000 0.000000 0.000000 0.000000 0.000000 0.000000 0.000000 0.000000 0.000000 0.000000 0.000000 0.000000 0.000000 0.000000 0.000000 0.000000 0.000000 0.000000 0.000000 0.000000 0.000000 0.000000 0.000000 0.000000 0.000000 0.000000 0.000000 0.000000 0.000000 0.000000 0.000000 0.000000 0.000000 0.000000 0.000000 0.000000 0.000000 0.000000 0.000000 0.000000 0.000000 0.000000 0.000000 0.000000 0.000000 0.000000 0.000000 0.000000 0.000000 0.000000 0.000000 0.000000 0.000000 0.000000 0.000000 0.000000 0.000000 0.000000 0.000000 0.000000 0.000000 0.000000 0.000000 0.000000 0.000000 0.000000 0.000000 0.000000 0.000000 0.000000 0.000000 0.000000 0.000000 0.000000 0.000000 0.000000 0.000000 0.000000 0.000000 0.000000 0.000000 0.000000 0.000000 0.000000 0.000000 0.000000 0.000000 0.000000 0.000000 0.000000 0.000000 0.000000 0.000000 0.000000 0.000000 0.000000 0.000000 0.000000 0.000000 0.000000 0.000000 
0.876312 0.464211 0.126987 0.000000 0.000000 0.000000 0.000000 0.000000 0.000000 0.000000 0.000000 0.000000 0.915601 0.506180 0.104943 0.000000 0.000000 0.000000 0.000000 0.000000 0.000000 0.000000 0.000000 0.000000 0.945305 0.622832 0.235276 0.000000 0.000000 0.000000 0.000000 0.000000 0.000000 0.000000 0.000000 0.000000 0.503814 0.282047 0.226753 0.000000 0.000000 0.000000 0.000000 0.000000 0.000000 0.000000 0.000000 0.000000 0.906675 0.760606 0.710808 0.000000 0.000000 0.000000 0.000000 0.000000 0.000000 0.000000 0.000000 0.000000 0.715349 0.362936 0.210294 0.000000 0.000000 0.000000 0.000000 0.000000 0.000000 0.000000 0.000000 0.000000 0.000000 0.000000 0.000000 0.000000 0.000000 0.000000 0.000000 0.000000 0.000000 0.000000 0.000000 0.000000 0.000000 0.000000 0.000000 0.000000 0.000000 0.000000 0.000000 0.000000 0.000000 0.000000 0.000000 0.000000 0.000000 0.000000 0.000000 0.000000 0.000000 0.000000 0.000000 0.000000 0.000000 0.000000 0.000000 0.000000 0.000000 0.000000 0.000000 0.000000 0.000000 0.000000 0.000000 0.000000 0.000000 0.000000 0.000000 0.000000 0.000000 0.000000 0.000000 0.000000 0.000000 0.000000 0.000000 0.000000 0.000000 0.000000 0.000000 0.000000 0.000000 0.000000 0.000000 0.000000 0.000000 0.000000 0.000000 0.000000 0.000000 0.000000 0.000000 0.000000 0.000000 0.000000 0.000000 0.000000 0.000000 0.000000 0.000000 0.000000 0.000000 0.000000 0.000000 0.000000 0.000000 0.000000 0.000000 0.000000 0.000000 0.000000 0.000000 0.000000 0.000000 0.000000 0.000000 0.000000 0.000000 0.000000 0.000000 0.000000 0.000000 0.000000 0.000000 0.000000 0.000000 0.000000 0.000000 0.000000 0.000000 0.000000 0.000000 0.000000 0.000000 0.000000 0.000000 0.000000 0.000000 0.000000 0.000000 0.000000 0.000000 0.000000 0.000000 0.000000 0.000000 0.000000 0.000000 0.000000 0.000000 0.000000 0.000000 0.000000 0.000000 0.000000 0.000000 0.000000 0.000000 0.000000 0.000000 0.000000 0.000000 0.000000 0.000000 0.000000 
0.525972 0.143217 0.942626 0.000000 0.000000 0.000000 0.000000 0.000000 0.000000 0.000000 0.000000 0.000000 0.329879 0.360733 0.397100 0.000000 0.000000 0.000000 0.000000 0.000000 0.000000 0.000000 0.000000 0.000000 0.707502 0.999364 0.157721 0.000000 0.000000 0.000000 0.000000 0.000000 0.000000 0.000000 0.000000 0.000000 0.815614 0.717704 0.690921 0.000000 0.000000 0.000000 0.000000 0.000000 0.000000 0.000000 0.000000 0.000000 0.271743 0.510586 0.506897 0.000000 0.000000 0.000000 0.000000 0.000000 0.000000 0.000000 0.000000 0.000000 0.622922 0.927838 0.128356 0.000000 0.000000 0.000000 0.000000 0.000000 0.000000 0.000000 0.000000 0.000000 0.000000 0.000000 0.000000 0.000000 0.000000 0.000000 0.000000 0.000000 0.000000 0.000000 0.000000 0.000000 0.000000 0.000000 0.000000 0.000000 0.000000 0.000000 0.000000 0.000000 0.000000 0.000000 0.000000 0.000000 0.000000 0.000000 0.000000 0.000000 0.000000 0.000000 0.000000 0.000000 0.000000 0.000000 0.000000 0.000000 0.000000 0.000000 0.000000 0.000000 0.000000 0.000000 0.000000 0.000000 0.000000 0.000000 0.000000 0.000000 0.000000 0.000000 0.000000 0.000000 0.000000 0.000000 0.000000 0.000000 0.000000 0.000000 0.000000 0.000000 0.000000 0.000000 0.000000 0.000000 0.000000 0.000000 0.000000 0.000000 0.000000 0.000000 0.000000 0.000000 0.000000 0.000000 0.000000 0.000000 0.000000 0.000000 0.000000 0.000000 0.000000 0.000000 0.000000 0.000000 0.000000 0.000000 0.000000 0.000000 0.000000 0.000000 0.000000 0.000000 0.000000 0.000000 0.000000 0.000000 0.000000 0.000000 0.000000 0.000000 0.000000 0.000000 0.000000 0.000000 0.000000 0.000000 0.000000 0.000000 0.000000 0.000000 0.000000 0.000000 0.000000 0.000000 0.000000 0.000000 0.000000 0.000000 0.000000 0.000000 0.000000 0.000000 0.000000 0.000000 0.000000 0.000000 0.000000 0.000000 0.000000 0.000000 0.000000 0.000000 0.000000 0.000000 0.000000 0.000000 0.000000 0.000000 0.000000 0.000000 0.000000 0.000000 0.000000 0.000000 
0.174644 0.119801 0.811796 0.000000 0.000000 0.000000 0.000000 0.000000 0.000000 0.000000 0.000000 0.000000 0.312893 0.688702 0.863814 0.000000 0.000000 0.000000 0.000000 0.000000 0.000000 0.000000 0.000000 0.000000 0.927368 0.635386 0.899379 0.000000 0.000000 0.000000 0.000000 0.000000 0.000000 0.000000 0.000000 0.000000 0.581803 0.328198 0.110855 0.000000 0.000000 0.000000 0.000000 0.000000 0.000000 0.000000 0.000000 0.000000 0.234278 0.249074 0.105459 0.000000 0.000000 0.000000 0.000000 0.000000 0.000000 0.000000 0.000000 0.000000 0.705974 0.212282 0.874018 0.000000 0.000000 0.000000 0.000000 0.000000 0.000000 0.000000 0.000000 0.000000 0.000000 0.000000 0.000000 0.000000 0.000000 0.000000 0.000000 0.000000 0.000000 0.000000 0.000000 0.000000 0.000000 0.000000 0.000000 0.000000 0.000000 0.000000 0.000000 0.000000 0.000000 0.000000 0.000000 0.000000 0.000000 0.000000 0.000000 0.000000 0.000000 0.000000 0.000000 0.000000 0.000000 0.000000 0.000000 0.000000 0.000000 0.000000 0.000000 0.000000 0.000000 0.000000 0.000000 0.000000 0.000000 0.000000 0.000000 0.000000 0.000000 0.000000 0.000000 0.000000 0.000000 0.000000 0.000000 0.000000 0.000000 0.000000 0.000000 0.000000 0.000000 0.000000 0.000000 0.000000 0.000000 0.000000 0.000000 0.000000 0.000000 0.000000 0.000000 0.000000 0.000000 0.000000 0.000000 0.000000 0.000000 0.000000 0.000000 0.000000 0.000000 0.000000 0.000000 0.000000 0.000000 0.000000 0.000000 0.000000 0.000000 0.000000 0.000000 0.000000 0.000000 0.000000 0.000000 0.000000 0.000000 0.000000 0.000000 0.000000 0.000000 0.000000 0.000000 0.000000 0.000000 0.000000 0.000000 0.000000 0.000000 0.000000 0.000000 0.000000 0.000000 0.000000 0.000000 0.000000 0.000000 0.000000 0.000000 0.000000 0.000000 0.000000 0.000000 0.000000 0.000000 0.000000 0.000000 0.000000 0.000000 0.000000 0.000000 0.000000 0.000000 0.000000 0.000000 0.000000 0.000000 0.000000 0.000000 0.000000 0.000000 0.000000 0.000000 0.000000 
0.274311 0.951453 0.355701 0.000000 0.000000 0.000000 0.000000 0.000000 0.000000 0.000000 0.000000 0.000000 0.879562 0.417493 0.732294 0.000000 0.000000 0.000000 0.000000 0.000000 0.000000 0.000000 0.000000 0.000000 0.431724 0.559112 0.721142 0.000000 0.000000 0.000000 0.000000 0.000000 0.000000 0.000000 0.000000 0.000000 0.346313 0.879704 0.365050 0.000000 0.000000 0.000000 0.000000 0.000000 0.000000 0.000000 0.000000 0.000000 0.616789 0.023596 0.742770 0.000000 0.000000 0.000000 0.000000 0.000000 0.000000 0.000000 0.000000 0.000000 0.283301 0.994792 0.937756 0.000000 0.000000 0.000000 0.000000 0.000000 0.000000 0.000000 0.000000 0.000000 0.000000 0.000000 0.000000 0.000000 0.000000 0.000000 0.000000 0.000000 0.000000 0.000000 0.000000 0.000000 0.000000 0.000000 0.000000 0.000000 0.000000 0.000000 0.000000 0.000000 0.000000 0.000000 0.000000 0.000000 0.000000 0.000000 0.000000 0.000000 0.000000 0.000000 0.000000 0.000000 0.000000 0.000000 0.000000 0.000000 0.000000 0.000000 0.000000 0.000000 0.000000 0.000000 0.000000 0.000000 0.000000 0.000000 0.000000 0.000000 0.000000 0.000000 0.000000 0.000000 0.000000 0.000000 0.000000 0.000000 0.000000 0.000000 0.000000 0.000000 0.000000 0.000000 0.000000 0.000000 0.000000 0.000000 0.000000 0.000000 0.000000 0.000000 0.000000 0.000000 0.000000 0.000000 0.000000 0.000000 0.000000 0.000000 0.000000 0.000000 0.000000 0.000000 0.000000 0.000000 0.000000 0.000000 0.000000 0.000000 0.000000 0.000000 0.000000 0.000000 0.000000 0.000000 0.000000 0.000000 0.000000 0.000000 0.000000 0.000000 0.000000 0.000000 0.000000 0.000000 0.000000 0.000000 0.000000 0.000000 0.000000 0.000000 0.000000 0.000000 0.000000 0.000000 0.000000 0.000000 0.000000 0.000000 0.000000 0.000000 0.000000 0.000000 0.000000 0.000000 0.000000 0.000000 0.000000 0.000000 0.000000 0.000000 0.000000 0.000000 0.000000 0.000000 0.000000 0.000000 0.000000 0.000000 0.000000 0.000000 0.000000 0.000000 0.000000 0.000000 
0.686701 0.545893 0.190257 0.000000 0.000000 0.000000 0.000000 0.000000 0.000000 0.000000 0.000000 0.000000 0.996661 0.897791 0.808443 0.000000 0.000000 0.000000 0.000000 0.000000 0.000000 0.000000 0.000000 0.000000 0.998382 0.533374 0.316103 0.000000 0.000000 0.000000 0.000000 0.000000 0.000000 0.000000 0.000000 0.000000 0.060241 0.422625 0.887244 0.000000 0.000000 0.000000 0.000000 0.000000 0.000000 0.000000 0.000000 0.000000 0.562146 0.953805 0.602915 0.000000 0.000000 0.000000 0.000000 0.000000 0.000000 0.000000 0.000000 0.000000 0.364295 0.152198 0.419960 0.000000 0.000000 0.000000 0.000000 0.000000 0.000000 0.000000 0.000000 0.000000 0.000000 0.000000 0.000000 0.000000 0.000000 0.000000 0.000000 0.000000 0.000000 0.000000 0.000000 0.000000 0.000000 0.000000 0.000000 0.000000 0.000000 0.000000 0.000000 0.000000 0.000000 0.000000 0.000000 0.000000 0.000000 0.000000 0.000000 0.000000 0.000000 0.000000 0.000000 0.000000 0.000000 0.000000 0.000000 0.000000 0.000000 0.000000 0.000000 0.000000 0.000000 0.000000 0.000000 0.000000 0.000000 0.000000 0.000000 0.000000 0.000000 0.000000 0.000000 0.000000 0.000000 0.000000 0.000000 0.000000 0.000000 0.000000 0.000000 0.000000 0.000000 0.000000 0.000000 0.000000 0.000000 0.000000 0.000000 0.000000 0.000000 0.000000 0.000000 0.000000 0.000000 0.000000 0.000000 0.000000 0.000000 0.000000 0.000000 0.000000 0.000000 0.000000 0.000000 0.000000 0.000000 0.000000 0.000000 0.000000 0.000000 0.000000 0.000000 0.000000 0.000000 0.000000 0.000000 0.000000 0.000000 0.000000 0.000000 0.000000 0.000000 0.000000 0.000000 0.000000 0.000000 0.000000 0.000000 0.000000 0.000000 0.000000 0.000000 0.000000 0.000000 0.000000 0.000000 0.000000 0.000000 0.000000 0.000000 0.000000 0.000000 0.000000 0.000000 0.000000 0.000000 0.000000 0.000000 0.000000 0.000000 0.000000 0.000000 0.000000 0.000000 0.000000 0.000000 0.000000 0.000000 0.000000 0.000000 0.000000 0.000000 0.000000 0.000000 0.000000 
0.306141 0.713813 0.353495 0.000000 0.000000 0.000000 0.000000 0.000000 0.000000 0.000000 0.000000 0.000000 0.872171 0.845470 0.422319 0.000000 0.000000 0.000000 0.000000 0.000000 0.000000 0.000000 0.000000 0.000000 0.062006 0.136681 0.023083 0.000000 0.000000 0.000000 0.000000 0.000000 0.000000 0.000000 0.000000 0.000000 0.954203 0.261815 0.898007 0.000000 0.000000 0.000000 0.000000 0.000000 0.000000 0.000000 0.000000 0.000000 0.322448 0.840860 0.817450 0.000000 0.000000 0.000000 0.000000 0.000000 0.000000 0.000000 0.000000 0.000000 0.104308 0.658170 0.548656 0.000000 0.000000 0.000000 0.000000 0.000000 0.000000 0.000000 0.000000 0.000000 0.000000 0.000000 0.000000 0.000000 0.000000 0.000000 0.000000 0.000000 0.000000 0.000000 0.000000 0.000000 0.000000 0.000000 0.000000 0.000000 0.000000 0.000000 0.000000 0.000000 0.000000 0.000000 0.000000 0.000000 0.000000 0.000000 0.000000 0.000000 0.000000 0.000000 0.000000 0.000000 0.000000 0.000000 0.000000 0.000000 0.000000 0.000000 0.000000 0.000000 0.000000 0.000000 0.000000 0.000000 0.000000 0.000000 0.000000 0.000000 0.000000 0.000000 0.000000 0.000000 0.000000 0.000000 0.000000 0.000000 0.000000 0.000000 0.000000 0.000000 0.000000 0.000000 0.000000 0.000000 0.000000 0.000000 0.000000 0.000000 0.000000 0.000000 0.000000 0.000000 0.000000 0.000000 0.000000 0.000000 0.000000 0.000000 0.000000 0.000000 0.000000 0.000000 0.000000 0.000000 0.000000 0.000000 0.000000 0.000000 0.000000 0.000000 0.000000 0.000000 0.000000 0.000000 0.000000 0.000000 0.000000 0.000000 0.000000 0.000000 0.000000 0.000000 0.000000 0.000000 0.000000 0.000000 0.000000 0.000000 0.000000 0.000000 0.000000 0.000000 0.000000 0.000000 0.000000 0.000000 0.000000 0.000000 0.000000 0.000000 0.000000 0.000000 0.000000 0.000000 0.000000 0.000000 0.000000 0.000000 0.000000 0.000000 0.000000 0.000000 0.000000 0.000000 0.000000 0.000000 0.000000 0.000000 0.000000 0.000000 0.000000 0.000000 0.000000 0.000000 
0.576262 0.502689 0.202012 0.000000 0.000000 0.000000 0.000000 0.000000 0.000000 0.000000 0.000000 0.000000 0.857243 0.533305 0.061407 0.000000 0.000000 0.000000 0.000000 0.000000 0.000000 0.000000 0.000000 0.000000 0.751321 0.562849 0.946721 0.000000 0.000000 0.000000 0.000000 0.000000 0.000000 0.000000 0.000000 0.000000 0.460809 0.114120 0.761651 0.000000 0.000000 0.000000 0.000000 0.000000 0.000000 0.000000 0.000000 0.000000 0.816743 0.432875 0.809125 0.000000 0.000000 0.000000 0.000000 0.000000 0.000000 0.000000 0.000000 0.000000 0.747632 0.706583 0.760052 0.000000 0.000000 0.000000 0.000000 0.000000 0.000000 0.000000 0.000000 0.000000 0.000000 0.000000 0.000000 0.000000 0.000000 0.000000 0.000000 0.000000 0.000000 0.000000 0.000000 0.000000 0.000000 0.000000 0.000000 0.000000 0.000000 0.000000 0.000000 0.000000 0.000000 0.000000 0.000000 0.000000 0.000000 0.000000 0.000000 0.000000 0.000000 0.000000 0.000000 0.000000 0.000000 0.000000 0.000000 0.000000 0.000000 0.000000 0.000000 0.000000 0.000000 0.000000 0.000000 0.000000 0.000000 0.000000 0.000000 0.000000 0.000000 0.000000 0.000000 0.000000 0.000000 0.000000 0.000000 0.000000 0.000000 0.000000 0.000000 0.000000 0.000000 0.000000 0.000000 0.000000 0.000000 0.000000 0.000000 0.000000 0.000000 0.000000 0.000000 0.000000 0.000000 0.000000 0.000000 0.000000 0.000000 0.000000 0.000000 0.000000 0.000000 0.000000 0.000000 0.000000 0.000000 0.000000 0.000000 0.000000 0.000000 0.000000 0.000000 0.000000 0.000000 0.000000 0.000000 0.000000 0.000000 0.000000 0.000000 0.000000 0.000000 0.000000 0.000000 0.000000 0.000000 0.000000 0.000000 0.000000 0.000000 0.000000 0.000000 0.000000 0.000000 0.000000 0.000000 0.000000 0.000000 0.000000 0.000000 0.000000 0.000000 0.000000 0.000000 0.000000 0.000000 0.000000 0.000000 0.000000 0.000000 0.000000 0.000000 0.000000 0.000000 0.000000 0.000000 0.000000 0.000000 0.000000 0.000000 0.000000 0.000000 0.000000 0.000000 0.000000 
0.091331 0.515431 0.006229 0.000000 0.000000 0.000000 0.000000 0.000000 0.000000 0.000000 0.000000 0.000000 0.763515 0.218530 0.105162 0.000000 0.000000 0.000000 0.000000 0.000000 0.000000 0.000000 0.000000 0.000000 0.340710 0.306156 0.106800 0.000000 0.000000 0.000000 0.000000 0.000000 0.000000 0.000000 0.000000 0.000000 0.448744 0.851269 0.515637 0.000000 0.000000 0.000000 0.000000 0.000000 0.000000 0.000000 0.000000 0.000000 0.380984 0.835098 0.176563 0.000000 0.000000 0.000000 0.000000 0.000000 0.000000 0.000000 0.000000 0.000000 0.192091 0.990881 0.868607 0.000000 0.000000 0.000000 0.000000 0.000000 0.000000 0.000000 0.000000 0.000000 0.000000 0.000000 0.000000 0.000000 0.000000 0.000000 0.000000 0.000000 0.000000 0.000000 0.000000 0.000000 0.000000 0.000000 0.000000 0.000000 0.000000 0.000000 0.000000 0.000000 0.000000 0.000000 0.000000 0.000000 0.000000 0.000000 0.000000 0.000000 0.000000 0.000000 0.000000 0.000000 0.000000 0.000000 0.000000 0.000000 0.000000 0.000000 0.000000 0.000000 0.000000 0.000000 0.000000 0.000000 0.000000 0.000000 0.000000 0.000000 0.000000 0.000000 0.000000 0.000000 0.000000 0.000000 0.000000 0.000000 0.000000 0.000000 0.000000 0.000000 0.000000 0.000000 0.000000 0.000000 0.000000 0.000000 0.000000 0.000000 0.000000 0.000000 0.000000 0.000000 0.000000 0.000000 0.000000 0.000000 0.000000 0.000000 0.000000 0.000000 0.000000 0.000000 0.000000 0.000000 0.000000 0.000000 0.000000 0.000000 0.000000 0.000000 0.000000 0.000000 0.000000 0.000000 0.000000 0.000000 0.000000 0.000000 0.000000 0.000000 0.000000 0.000000 0.000000 0.000000 0.000000 0.000000 0.000000 0.000000 0.000000 0.000000 0.000000 0.000000 0.000000 0.000000 0.000000 0.000000 0.000000 0.000000 0.000000 0.000000 0.000000 0.000000 0.000000 0.000000 0.000000 0.000000 0.000000 0.000000 0.000000 0.000000 0.000000 0.000000 0.000000 0.000000 0.000000 0.000000 0.000000 0.000000 0.000000 0.000000 0.000000 0.000000 0.000000 0.000000 
0.370995 0.569185 0.004090 0.000000 0.000000 0.000000 0.000000 0.000000 0.000000 0.000000 0.000000 0.000000 0.504929 0.818314 0.416033 0.000000 0.000000 0.000000 0.000000 0.000000 0.000000 0.000000 0.000000 0.000000 0.714289 0.527660 0.357432 0.000000 0.000000 0.000000 0.000000 0.000000 0.000000 0.000000 0.000000 0.000000 0.882905 0.634451 0.624113 0.000000 0.000000 0.000000 0.000000 0.000000 0.000000 0.000000 0.000000 0.000000 0.823868 0.214648 0.301509 0.000000 0.000000 0.000000 0.000000 0.000000 0.000000 0.000000 0.000000 0.000000 0.373279 0.326693 0.358419 0.000000 0.000000 0.000000 0.000000 0.000000 0.000000 0.000000 0.000000 0.000000 0.000000 0.000000 0.000000 0.000000 0.000000 0.000000 0.000000 0.000000 0.000000 0.000000 0.000000 0.000000 0.000000 0.000000 0.000000 0.000000 0.000000 0.000000 0.000000 0.000000 0.000000 0.000000 0.000000 0.000000 0.000000 0.000000 0.000000 0.000000 0.000000 0.000000 0.000000 0.000000 0.000000 0.000000 0.000000 0.000000 0.000000 0.000000 0.000000 0.000000 0.000000 0.000000 0.000000 0.000000 0.000000 0.000000 0.000000 0.000000 0.000000 0.000000 0.000000 0.000000 0.000000 0.000000 0.000000 0.000000 0.000000 0.000000 0.000000 0.000000 0.000000 0.000000 0.000000 0.000000 0.000000 0.000000 0.000000 0.000000 0.000000 0.000000 0.000000 0.000000 0.000000 0.000000 0.000000 0.000000 0.000000 0.000000 0.000000 0.000000 0.000000 0.000000 0.000000 0.000000 0.000000 0.000000 0.000000 0.000000 0.000000 0.000000 0.000000 0.000000 0.000000 0.000000 0.000000 0.000000 0.000000 0.000000 0.000000 0.000000 0.000000 0.000000 0.000000 0.000000 0.000000 0.000000 0.000000 0.000000 0.000000 0.000000 0.000000 0.000000 0.000000 0.000000 0.000000 0.000000 0.000000 0.000000 0.000000 0.000000 0.000000 0.000000 0.000000 0.000000 0.000000 0.000000 0.000000 0.000000 0.000000 0.000000 0.000000 0.000000 0.000000 0.000000 0.000000 0.000000 0.000000 0.000000 0.000000 0.000000 0.000000 0.000000 0.000000 0.000000 
0.728417 0.610460 0.388025 0.000000 0.000000 0.000000 0.000000 0.000000 0.000000 0.000000 0.000000 0.000000 0.143644 0.707908 0.727059 0.000000 0.000000 0.000000 0.000000 0.000000 0.000000 0.000000 0.000000 0.000000 0.516010 0.598802 0.165792 0.000000 0.000000 0.000000 0.000000 0.000000 0.000000 0.000000 0.000000 0.000000 0.660686 0.129071 0.550655 0.000000 0.000000 0.000000 0.000000 0.000000 0.000000 0.000000 0.000000 0.000000 0.833826 0.763841 0.216907 0.000000 0.000000 0.000000 0.000000 0.000000 0.000000 0.000000 0.000000 0.000000 0.826312 0.431193 0.582388 0.000000 0.000000 0.000000 0.000000 0.000000 0.000000 0.000000 0.000000 0.000000 0.000000 0.000000 0.000000 0.000000 0.000000 0.000000 0.000000 0.000000 0.000000 0.000000 0.000000 0.000000 0.000000 0.000000 0.000000 0.000000 0.000000 0.000000 0.000000 0.000000 0.000000 0.000000 0.000000 0.000000 0.000000 0.000000 0.000000 0.000000 0.000000 0.000000 0.000000 0.000000 0.000000 0.000000 0.000000 0.000000 0.000000 0.000000 0.000000 0.000000 0.000000 0.000000 0.000000 0.000000 0.000000 0.000000 0.000000 0.000000 0.000000 0.000000 0.000000 0.000000 0.000000 0.000000 0.000000 0.000000 0.000000 0.000000 0.000000 0.000000 0.000000 0.000000 0.000000 0.000000 0.000000 0.000000 0.000000 0.000000 0.000000 0.000000 0.000000 0.000000 0.000000 0.000000 0.000000 0.000000 0.000000 0.000000 0.000000 0.000000 0.000000 0.000000 0.000000 0.000000 0.000000 0.000000 0.000000 0.000000 0.000000 0.000000 0.000000 0.000000 0.000000 0.000000 0.000000 0.000000 0.000000 0.000000 0.000000 0.000000 0.000000 0.000000 0.000000 0.000000 0.000000 0.000000 0.000000 0.000000 0.000000 0.000000 0.000000 0.000000 0.000000 0.000000 0.000000 0.000000 0.000000 0.000000 0.000000 0.000000 0.000000 0.000000 0.000000 0.000000 0.000000 0.000000 0.000000 0.000000 0.000000 0.000000 0.000000 0.000000 0.000000 0.000000 0.000000 0.000000 0.000000 0.000000 0.000000 0.000000 0.000000 0.000000 0.000000 0.000000 
0.019770 0.547801 0.642215 0.000000 0.000000 0.000000 0.000000 0.000000 0.000000 0.000000 0.000000 0.000000 0.901156 0.808773 0.478475 0.000000 0.000000 0.000000 0.000000 0.000000 0.000000 0.000000 0.000000 0.000000 0.309434 0.055217 0.321905 0.000000 0.000000 0.000000 0.000000 0.000000 0.000000 0.000000 0.000000 0.000000 0.195711 0.867443 0.860067 0.000000 0.000000 0.000000 0.000000 0.000000 0.000000 0.000000 0.000000 0.000000 0.713790 0.175432 0.718574 0.000000 0.000000 0.000000 0.000000 0.000000 0.000000 0.000000 0.000000 0.000000 0.313925 0.102582 0.054836 0.000000 0.000000 0.000000 0.000000 0.000000 0.000000 0.000000 0.000000 0.000000 0.000000 0.000000 0.000000 0.000000 0.000000 0.000000 0.000000 0.000000 0.000000 0.000000 0.000000 0.000000 0.000000 0.000000 0.000000 0.000000 0.000000 0.000000 0.000000 0.000000 0.000000 0.000000 0.000000 0.000000 0.000000 0.000000 0.000000 0.000000 0.000000 0.000000 0.000000 0.000000 0.000000 0.000000 0.000000 0.000000 0.000000 0.000000 0.000000 0.000000 0.000000 0.000000 0.000000 0.000000 0.000000 0.000000 0.000000 0.000000 0.000000 0.000000 0.000000 0.000000 0.000000 0.000000 0.000000 0.000000 0.000000 0.000000 0.000000 0.000000 0.000000 0.000000 0.000000 0.000000 0.000000 0.000000 0.000000 0.000000 0.000000 0.000000 0.000000 0.000000 0.000000 0.000000 0.000000 0.000000 0.000000 0.000000 0.000000 0.000000 0.000000 0.000000 0.000000 0.000000 0.000000 0.000000 0.000000 0.000000 0.000000 0.000000 0.000000 0.000000 0.000000 0.000000 0.000000 0.000000 0.000000 0.000000 0.000000 0.000000 0.000000 0.000000 0.000000 0.000000 0.000000 0.000000 0.000000 0.000000 0.000000 0.000000 0.000000 0.000000 0.000000 0.000000 0.000000 0.000000 0.000000 0.000000 0.000000 0.000000 0.000000 0.000000 0.000000 0.000000 0.000000 0.000000 0.000000 0.000000 0.000000 0.000000 0.000000 0.000000 0.000000 0.000000 0.000000 0.000000 0.000000 0.000000 0.000000 0.000000 0.000000 0.000000 0.000000 0.000000 
0.044742 0.990755 0.586702 0.000000 0.000000 0.000000 0.000000 0.000000 0.000000 0.000000 0.000000 0.000000 0.215200 0.900804 0.275132 0.000000 0.000000 0.000000 0.000000 0.000000 0.000000 0.000000 0.000000 0.000000 0.213500 0.671062 0.238074 0.000000 0.000000 0.000000 0.000000 0.000000 0.000000 0.000000 0.000000 0.000000 0.862519 0.223155 0.826002 0.000000 0.000000 0.000000 0.000000 0.000000 0.000000 0.000000 0.000000 0.000000 0.199555 0.808846 0.026655 0.000000 0.000000 0.000000 0.000000 0.000000 0.000000 0.000000 0.000000 0.000000 0.570069 0.853789 0.058794 0.000000 0.000000 0.000000 0.000000 0.000000 0.000000 0.000000 0.000000 0.000000 0.000000 0.000000 0.000000 0.000000 0.000000 0.000000 0.000000 0.000000 0.000000 0.000000 0.000000 0.000000 0.000000 0.000000 0.000000 0.000000 0.000000 0.000000 0.000000 0.000000 0.000000 0.000000 0.000000 0.000000 0.000000 0.000000 0.000000 0.000000 0.000000 0.000000 0.000000 0.000000 0.000000 0.000000 0.000000 0.000000 0.000000 0.000000 0.000000 0.000000 0.000000 0.000000 0.000000 0.000000 0.000000 0.000000 0.000000 0.000000 0.000000 0.000000 0.000000 0.000000 0.000000 0.000000 0.000000 0.000000 0.000000 0.000000 0.000000 0.000000 0.000000 0.000000 0.000000 0.000000 0.000000 0.000000 0.000000 0.000000 0.000000 0.000000 0.000000 0.000000 0.000000 0.000000 0.000000 0.000000 0.000000 0.000000 0.000000 0.000000 0.000000 0.000000 0.000000 0.000000 0.000000 0.000000 0.000000 0.000000 0.000000 0.000000 0.000000 0.000000 0.000000 0.000000 0.000000 0.000000 0.000000 0.000000 0.000000 0.000000 0.000000 0.000000 0.000000 0.000000 0.000000 0.000000 0.000000 0.000000 0.000000 0.000000 0.000000 0.000000 0.000000 0.000000 0.000000 0.000000 0.000000 0.000000 0.000000 0.000000 0.000000 0.000000 0.000000 0.000000 0.000000 0.000000 0.000000 0.000000 0.000000 0.000000 0.000000 0.000000 0.000000 0.000000 0.000000 0.000000 0.000000 0.000000 0.000000 0.000000 0.000000 0.000000 0.000000 0.000000 
0.844568 0.798389 0.276666 0.000000 0.000000 0.000000 0.000000 0.000000 0.000000 0.000000 0.000000 0.000000 0.092966 0.245560 0.161266 0.000000 0.000000 0.000000 0.000000 0.000000 0.000000 0.000000 0.000000 0.000000 0.060906 0.906955 0.349143 0.000000 0.000000 0.000000 0.000000 0.000000 0.000000 0.000000 0.000000 0.000000 0.710131 0.433698 0.706708 0.000000 0.000000 0.000000 0.000000 0.000000 0.000000 0.000000 0.000000 0.000000 0.478518 0.037525 0.686858 0.000000 0.000000 0.000000 0.000000 0.000000 0.000000 0.000000 0.000000 0.000000 0.373828 0.334524 0.922727 0.000000 0.000000 0.000000 0.000000 0.000000 0.000000 0.000000 0.000000 0.000000 0.000000 0.000000 0.000000 0.000000 0.000000 0.000000 0.000000 0.000000 0.000000 0.000000 0.000000 0.000000 0.000000 0.000000 0.000000 0.000000 0.000000 0.000000 0.000000 0.000000 0.000000 0.000000 0.000000 0.000000 0.000000 0.000000 0.000000 0.000000 0.000000 0.000000 0.000000 0.000000 0.000000 0.000000 0.000000 0.000000 0.000000 0.000000 0.000000 0.000000 0.000000 0.000000 0.000000 0.000000 0.000000 0.000000 0.000000 0.000000 0.000000 0.000000 0.000000 0.000000 0.000000 0.000000 0.000000 0.000000 0.000000 0.000000 0.000000 0.000000 0.000000 0.000000 0.000000 0.000000 0.000000 0.000000 0.000000 0.000000 0.000000 0.000000 0.000000 0.000000 0.000000 0.000000 0.000000 0.000000 0.000000 0.000000 0.000000 0.000000 0.000000 0.000000 0.000000 0.000000 0.000000 0.000000 0.000000 0.000000 0.000000 0.000000 0.000000 0.000000 0.000000 0.000000 0.000000 0.000000 0.000000 0.000000 0.000000 0.000000 0.000000 0.000000 0.000000 0.000000 0.000000 0.000000 0.000000 0.000000 0.000000 0.000000 0.000000 0.000000 0.000000 0.000000 0.000000 0.000000 0.000000 0.000000 0.000000 0.000000 0.000000 0.000000 0.000000 0.000000 0.000000 0.000000 0.000000 0.000000 0.000000 0.000000 0.000000 0.000000 0.000000 0.000000 0.000000 0.000000 0.000000 0.000000 0.000000 0.000000 0.000000 0.000000 0.000000 0.000000 
0.106581 0.971132 0.016996 0.000000 0.000000 0.000000 0.000000 0.000000 0.000000 0.000000 0.000000 0.000000 0.914567 0.646554 0.854310 0.000000 0.000000 0.000000 0.000000 0.000000 0.000000 0.000000 0.000000 0.000000 0.350515 0.888720 0.315544 0.000000 0.000000 0.000000 0.000000 0.000000 0.000000 0.000000 0.000000 0.000000 0.313368 0.247689 0.667324 0.000000 0.000000 0.000000 0.000000 0.000000 0.000000 0.000000 0.000000 0.000000 0.689926 0.314596 0.961980 0.000000 0.000000 0.000000 0.000000 0.000000 0.000000 0.000000 0.000000 0.000000 0.448589 0.565405 0.631301 0.000000 0.000000 0.000000 0.000000 0.000000 0.000000 0.000000 0.000000 0.000000 0.000000 0.000000 0.000000 0.000000 0.000000 0.000000 0.000000 0.000000 0.000000 0.000000 0.000000 0.000000 0.000000 0.000000 0.000000 0.000000 0.000000 0.000000 0.000000 0.000000 0.000000 0.000000 0.000000 0.000000 0.000000 0.000000 0.000000 0.000000 0.000000 0.000000 0.000000 0.000000 0.000000 0.000000 0.000000 0.000000 0.000000 0.000000 0.000000 0.000000 0.000000 0.000000 0.000000 0.000000 0.000000 0.000000 0.000000 0.000000 0.000000 0.000000 0.000000 0.000000 0.000000 0.000000 0.000000 0.000000 0.000000 0.000000 0.000000 0.000000 0.000000 0.000000 0.000000 0.000000 0.000000 0.000000 0.000000 0.000000 0.000000 0.000000 0.000000 0.000000 0.000000 0.000000 0.000000 0.000000 0.000000 0.000000 0.000000 0.000000 0.000000 0.000000 0.000000 0.000000 0.000000 0.000000 0.000000 0.000000 0.000000 0.000000 0.000000 0.000000 0.000000 0.000000 0.000000 0.000000 0.000000 0.000000 0.000000 0.000000 0.000000 0.000000 0.000000 0.000000 0.000000 0.000000 0.000000 0.000000 0.000000 0.000000 0.000000 0.000000 0.000000 0.000000 0.000000 0.000000 0.000000 0.000000 0.000000 0.000000 0.000000 0.000000 0.000000 0.000000 0.000000 0.000000 0.000000 0.000000 0.000000 0.000000 0.000000 0.000000 0.000000 0.000000 0.000000 0.000000 0.000000 0.000000 0.000000 0.000000 0.000000 0.000000 0.000000 0.000000 
0.468223 0.897659 0.472639 0.000000 0.000000 0.000000 0.000000 0.000000 0.000000 0.000000 0.000000 0.000000 0.479736 0.958349 0.918223 0.000000 0.000000 0.000000 0.000000 0.000000 0.000000 0.000000 0.000000 0.000000 0.786716 0.928692 0.009612 0.000000 0.000000 0.000000 0.000000 0.000000 0.000000 0.000000 0.000000 0.000000 0.554900 0.208363 0.329174 0.000000 0.000000 0.000000 0.000000 0.000000 0.000000 0.000000 0.000000 0.000000 0.699598 0.968585 0.694201 0.000000 0.000000 0.000000 0.000000 0.000000 0.000000 0.000000 0.000000 0.000000 0.979441 0.995873 0.750661 0.000000 0.000000 0.000000 0.000000 0.000000 0.000000 0.000000 0.000000 0.000000 0.000000 0.000000 0.000000 0.000000 0.000000 0.000000 0.000000 0.000000 0.000000 0.000000 0.000000 0.000000 0.000000 0.000000 0.000000 0.000000 0.000000 0.000000 0.000000 0.000000 0.000000 0.000000 0.000000 0.000000 0.000000 0.000000 0.000000 0.000000 0.000000 0.000000 0.000000 0.000000 0.000000 0.000000 0.000000 0.000000 0.000000 0.000000 0.000000 0.000000 0.000000 0.000000 0.000000 0.000000 0.000000 0.000000 0.000000 0.000000 0.000000 0.000000 0.000000 0.000000 0.000000 0.000000 0.000000 0.000000 0.000000 0.000000 0.000000 0.000000 0.000000 0.000000 0.000000 0.000000 0.000000 0.000000 0.000000 0.000000 0.000000 0.000000 0.000000 0.000000 0.000000 0.000000 0.000000 0.000000 0.000000 0.000000 0.000000 0.000000 0.000000 0.000000 0.000000 0.000000 0.000000 0.000000 0.000000 0.000000 0.000000 0.000000 0.000000 0.000000 0.000000 0.000000 0.000000 0.000000 0.000000 0.000000 0.000000 0.000000 0.000000 0.000000 0.000000 0.000000 0.000000 0.000000 0.000000 0.000000 0.000000 0.000000 0.000000 0.000000 0.000000 0.000000 0.000000 0.000000 0.000000 0.000000 0.000000 0.000000 0.000000 0.000000 0.000000 0.000000 0.000000 0.000000 0.000000 0.000000 0.000000 0.000000 0.000000 0.000000 0.000000 0.000000 0.000000 0.000000 0.000000 0.000000 0.000000 0.000000 0.000000 0.000000 0.000000 0.000000 
0.092298 0.810429 0.624407 0.000000 0.000000 0.000000 0.000000 0.000000 0.000000 0.000000 0.000000 0.000000 0.768728 0.585460 0.529782 0.000000 0.000000 0.000000 0.000000 0.000000 0.000000 0.000000 0.000000 0.000000 0.009002 0.110096 0.090641 0.000000 0.000000 0.000000 0.000000 0.000000 0.000000 0.000000 0.000000 0.000000 0.514675 0.380732 0.245247 0.000000 0.000000 0.000000 0.000000 0.000000 0.000000 0.000000 0.000000 0.000000 0.593073 0.988304 0.378453 0.000000 0.000000 0.000000 0.000000 0.000000 0.000000 0.000000 0.000000 0.000000 0.376048 0.087044 0.040459 0.000000 0.000000 0.000000 0.000000 0.000000 0.000000 0.000000 0.000000 0.000000 0.000000 0.000000 0.000000 0.000000 0.000000 0.000000 0.000000 0.000000 0.000000 0.000000 0.000000 0.000000 0.000000 0.000000 0.000000 0.000000 0.000000 0.000000 0.000000 0.000000 0.000000 0.000000 0.000000 0.000000 0.000000 0.000000 0.000000 0.000000 0.000000 0.000000 0.000000 0.000000 0.000000 0.000000 0.000000 0.000000 0.000000 0.000000 0.000000 0.000000 0.000000 0.000000 0.000000 0.000000 0.000000 0.000000 0.000000 0.000000 0.000000 0.000000 0.000000 0.000000 0.000000 0.000000 0.000000 0.000000 0.000000 0.000000 0.000000 0.000000 0.000000 0.000000 0.000000 0.000000 0.000000 0.000000 0.000000 0.000000 0.000000 0.000000 0.000000 0.000000 0.000000 0.000000 0.000000 0.000000 0.000000 0.000000 0.000000 0.000000 0.000000 0.000000 0.000000 0.000000 0.000000 0.000000 0.000000 0.000000 0.000000 0.000000 0.000000 0.000000 0.000000 0.000000 0.000000 0.000000 0.000000 0.000000 0.000000 0.000000 0.000000 0.000000 0.000000 0.000000 0.000000 0.000000 0.000000 0.000000 0.000000 0.000000 0.000000 0.000000 0.000000 0.000000 0.000000 0.000000 0.000000 0.000000 0.000000 0.000000 0.000000 0.000000 0.000000 0.000000 0.000000 0.000000 0.000000 0.000000 0.000000 0.000000 0.000000 0.000000 0.000000 0.000000 0.000000 0.000000 0.000000 0.000000 0.000000 0.000000 0.000000 0.000000 0.000000 0.000000 
0.525252 0.512203 0.000503 0.000000 0.000000 0.000000 0.000000 0.000000 0.000000 0.000000 0.000000 0.000000 0.861768 0.059264 0.820584 0.000000 0.000000 0.000000 0.000000 0.000000 0.000000 0.000000 0.000000 0.000000 0.461379 0.797972 0.961916 0.000000 0.000000 0.000000 0.000000 0.000000 0.000000 0.000000 0.000000 0.000000 0.378459 0.878872 0.535527 0.000000 0.000000 0.000000 0.000000 0.000000 0.000000 0.000000 0.000000 0.000000 0.800500 0.168148 0.563884 0.000000 0.000000 0.000000 0.000000 0.000000 0.000000 0.000000 0.000000 0.000000 0.266862 0.216370 0.699641 0.000000 0.000000 0.000000 0.000000 0.000000 0.000000 0.000000 0.000000 0.000000 0.000000 0.000000 0.000000 0.000000 0.000000 0.000000 0.000000 0.000000 0.000000 0.000000 0.000000 0.000000 0.000000 0.000000 0.000000 0.000000 0.000000 0.000000 0.000000 0.000000 0.000000 0.000000 0.000000 0.000000 0.000000 0.000000 0.000000 0.000000 0.000000 0.000000 0.000000 0.000000 0.000000 0.000000 0.000000 0.000000 0.000000 0.000000 0.000000 0.000000 0.000000 0.000000 0.000000 0.000000 0.000000 0.000000 0.000000 0.000000 0.000000 0.000000 0.000000 0.000000 0.000000 0.000000 0.000000 0.000000 0.000000 0.000000 0.000000 0.000000 0.000000 0.000000 0.000000 0.000000 0.000000 0.000000 0.000000 0.000000 0.000000 0.000000 0.000000 0.000000 0.000000 0.000000 0.000000 0.000000 0.000000 0.000000 0.000000 0.000000 0.000000 0.000000 0.000000 0.000000 0.000000 0.000000 0.000000 0.000000 0.000000 0.000000 0.000000 0.000000 0.000000 0.000000 0.000000 0.000000 0.000000 0.000000 0.000000 0.000000 0.000000 0.000000 0.000000 0.000000 0.000000 0.000000 0.000000 0.000000 0.000000 0.000000 0.000000 0.000000 0.000000 0.000000 0.000000 0.000000 0.000000 0.000000 0.000000 0.000000 0.000000 0.000000 0.000000 0.000000 0.000000 0.000000 0.000000 0.000000 0.000000 0.000000 0.000000 0.000000 0.000000 0.000000 0.000000 0.000000 0.000000 0.000000 0.000000 0.000000 0.000000 0.000000 0.000000 0.000000 
0.266314 0.908283 0.930512 0.000000 0.000000 0.000000 0.000000 0.000000 0.000000 0.000000 0.000000 0.000000 0.375358 0.662554 0.697282 0.000000 0.000000 0.000000 0.000000 0.000000 0.000000 0.000000 0.000000 0.000000 0.897557 0.756520 0.734353 0.000000 0.000000 0.000000 0.000000 0.000000 0.000000 0.000000 0.000000 0.000000 0.884149 0.588139 0.336751 0.000000 0.000000 0.000000 0.000000 0.000000 0.000000 0.000000 0.000000 0.000000 0.296835 0.642102 0.425786 0.000000 0.000000 0.000000 0.000000 0.000000 0.000000 0.000000 0.000000 0.000000 0.226527 0.458580 0.267796 0.000000 0.000000 0.000000 0.000000 0.000000 0.000000 0.000000 0.000000 0.000000 0.000000 0.000000 0.000000 0.000000 0.000000 0.000000 0.000000 0.000000 0.000000 0.000000 0.000000 0.000000 0.000000 0.000000 0.000000 0.000000 0.000000 0.000000 0.000000 0.000000 0.000000 0.000000 0.000000 0.000000 0.000000 0.000000 0.000000 0.000000 0.000000 0.000000 0.000000 0.000000 0.000000 0.000000 0.000000 0.000000 0.000000 0.000000 0.000000 0.000000 0.000000 0.000000 0.000000 0.000000 0.000000 0.000000 0.000000 0.000000 0.000000 0.000000 0.000000 0.000000 0.000000 0.000000 0.000000 0.000000 0.000000 0.000000 0.000000 0.000000 0.000000 0.000000 0.000000 0.000000 0.000000 0.000000 0.000000 0.000000 0.000000 0.000000 0.000000 0.000000 0.000000 0.000000 0.000000 0.000000 0.000000 0.000000 0.000000 0.000000 0.000000 0.000000 0.000000 0.000000 0.000000 0.000000 0.000000 0.000000 0.000000 0.000000 0.000000 0.000000 0.000000 0.000000 0.000000 0.000000 0.000000 0.000000 0.000000 0.000000 0.000000 0.000000 0.000000 0.000000 0.000000 0.000000 0.000000 0.000000 0.000000 0.000000 0.000000 0.000000 0.000000 0.000000 0.000000 0.000000 0.000000 0.000000 0.000000 0.000000 0.000000 0.000000 0.000000 0.000000 0.000000 0.000000 0.000000 0.000000 0.000000 0.000000 0.000000 0.000000 0.000000 0.000000 0.000000 0.000000 0.000000 0.000000 0.000000 0.000000 0.000000 0.000000 0.000000 0.000000 
0.419054 0.341916 0.329342 0.000000 0.000000 0.000000 0.000000 0.000000 0.000000 0.000000 0.000000 0.000000 0.443719 0.524610 0.216758 0.000000 0.000000 0.000000 0.000000 0.000000 0.000000 0.000000 0.000000 0.000000 0.728931 0.469349 0.805478 0.000000 0.000000 0.000000 0.000000 0.000000 0.000000 0.000000 0.000000 0.000000 0.873085 0.071019 0.992008 0.000000 0.000000 0.000000 0.000000 0.000000 0.000000 0.000000 0.000000 0.000000 0.412383 0.932329 0.263978 0.000000 0.000000 0.000000 0.000000 0.000000 0.000000 0.000000 0.000000 0.000000 0.039581 0.332564 0.418896 0.000000 0.000000 0.000000 0.000000 0.000000 0.000000 0.000000 0.000000 0.000000 0.000000 0.000000 0.000000 0.000000 0.000000 0.000000 0.000000 0.000000 0.000000 0.000000 0.000000 0.000000 0.000000 0.000000 0.000000 0.000000 0.000000 0.000000 0.000000 0.000000 0.000000 0.000000 0.000000 0.000000 0.000000 0.000000 0.000000 0.000000 0.000000 0.000000 0.000000 0.000000 0.000000 0.000000 0.000000 0.000000 0.000000 0.000000 0.000000 0.000000 0.000000 0.000000 0.000000 0.000000 0.000000 0.000000 0.000000 0.000000 0.000000 0.000000 0.000000 0.000000 0.000000 0.000000 0.000000 0.000000 0.000000 0.000000 0.000000 0.000000 0.000000 0.000000 0.000000 0.000000 0.000000 0.000000 0.000000 0.000000 0.000000 0.000000 0.000000 0.000000 0.000000 0.000000 0.000000 0.000000 0.000000 0.000000 0.000000 0.000000 0.000000 0.000000 0.000000 0.000000 0.000000 0.000000 0.000000 0.000000 0.000000 0.000000 0.000000 0.000000 0.000000 0.000000 0.000000 0.000000 0.000000 0.000000 0.000000 0.000000 0.000000 0.000000 0.000000 0.000000 0.000000 0.000000 0.000000 0.000000 0.000000 0.000000 0.000000 0.000000 0.000000 0.000000 0.000000 0.000000 0.000000 0.000000 0.000000 0.000000 0.000000 0.000000 0.000000 0.000000 0.000000 0.000000 0.000000 0.000000 0.000000 0.000000 0.000000 0.000000 0.000000 0.000000 0.000000 0.000000 0.000000 0.000000 0.000000 0.000000 0.000000 0.000000 0.000000 0.000000 
0.601041 0.204940 0.391946 0.000000 0.000000 0.000000 0.000000 0.000000 0.000000 0.000000 0.000000 0.000000 0.665078 0.612354 0.335741 0.000000 0.000000 0.000000 0.000000 0.000000 0.000000 0.000000 0.000000 0.000000 0.019186 0.316299 0.643250 0.000000 0.000000 0.000000 0.000000 0.000000 0.000000 0.000000 0.000000 0.000000 0.265462 0.114347 0.636185 0.000000 0.000000 0.000000 0.000000 0.000000 0.000000 0.000000 0.000000 0.000000 0.221152 0.382989 0.442231 0.000000 0.000000 0.000000 0.000000 0.000000 0.000000 0.000000 0.000000 0.000000 0.137400 0.046384 0.713791 0.000000 0.000000 0.000000 0.000000 0.000000 0.000000 0.000000 0.000000 0.000000 0.000000 0.000000 0.000000 0.000000 0.000000 0.000000 0.000000 0.000000 0.000000 0.000000 0.000000 0.000000 0.000000 0.000000 0.000000 0.000000 0.000000 0.000000 0.000000 0.000000 0.000000 0.000000 0.000000 0.000000 0.000000 0.000000 0.000000 0.000000 0.000000 0.000000 0.000000 0.000000 0.000000 0.000000 0.000000 0.000000 0.000000 0.000000 0.000000 0.000000 0.000000 0.000000 0.000000 0.000000 0.000000 0.000000 0.000000 0.000000 0.000000 0.000000 0.000000 0.000000 0.000000 0.000000 0.000000 0.000000 0.000000 0.000000 0.000000 0.000000 0.000000 0.000000 0.000000 0.000000 0.000000 0.000000 0.000000 0.000000 0.000000 0.000000 0.000000 0.000000 0.000000 0.000000 0.000000 0.000000 0.000000 0.000000 0.000000 0.000000 0.000000 0.000000 0.000000 0.000000 0.000000 0.000000 0.000000 0.000000 0.000000 0.000000 0.000000 0.000000 0.000000 0.000000 0.000000 0.000000 0.000000 0.000000 0.000000 0.000000 0.000000 0.000000 0.000000 0.000000 0.000000 0.000000 0.000000 0.000000 0.000000 0.000000 0.000000 0.000000 0.000000 0.000000 0.000000 0.000000 0.000000 0.000000 0.000000 0.000000 0.000000 0.000000 0.000000 0.000000 0.000000 0.000000 0.000000 0.000000 0.000000 0.000000 0.000000 0.000000 0.000000 0.000000 0.000000 0.000000 0.000000 0.000000 0.000000 0.000000 0.000000 0.000000 0.000000 0.000000 
0.129647 0.726753 0.447314 0.000000 0.000000 0.000000 0.000000 0.000000 0.000000 0.000000 0.000000 0.000000 0.051626 0.412392 0.443031 0.000000 0.000000 0.000000 0.000000 0.000000 0.000000 0.000000 0.000000 0.000000 0.948419 0.898543 0.746505 0.000000 0.000000 0.000000 0.000000 0.000000 0.000000 0.000000 0.000000 0.000000 0.788616 0.447476 0.334639 0.000000 0.000000 0.000000 0.000000 0.000000 0.000000 0.000000 0.000000 0.000000 0.283298 0.021475 0.455152 0.000000 0.000000 0.000000 0.000000 0.000000 0.000000 0.000000 0.000000 0.000000 0.104792 0.251585 0.345322 0.000000 0.000000 0.000000 0.000000 0.000000 0.000000 0.000000 0.000000 0.000000 0.000000 0.000000 0.000000 0.000000 0.000000 0.000000 0.000000 0.000000 0.000000 0.000000 0.000000 0.000000 0.000000 0.000000 0.000000 0.000000 0.000000 0.000000 0.000000 0.000000 0.000000 0.000000 0.000000 0.000000 0.000000 0.000000 0.000000 0.000000 0.000000 0.000000 0.000000 0.000000 0.000000 0.000000 0.000000 0.000000 0.000000 0.000000 0.000000 0.000000 0.000000 0.000000 0.000000 0.000000 0.000000 0.000000 0.000000 0.000000 0.000000 0.000000 0.000000 0.000000 0.000000 0.000000 0.000000 0.000000 0.000000 0.000000 0.000000 0.000000 0.000000 0.000000 0.000000 0.000000 0.000000 0.000000 0.000000 0.000000 0.000000 0.000000 0.000000 0.000000 0.000000 0.000000 0.000000 0.000000 0.000000 0.000000 0.000000 0.000000 0.000000 0.000000 0.000000 0.000000 0.000000 0.000000 0.000000 0.000000 0.000000 0.000000 0.000000 0.000000 0.000000 0.000000 0.000000 0.000000 0.000000 0.000000 0.000000 0.000000 0.000000 0.000000 0.000000 0.000000 0.000000 0.000000 0.000000 0.000000 0.000000 0.000000 0.000000 0.000000 0.000000 0.000000 0.000000 0.000000 0.000000 0.000000 0.000000 0.000000 0.000000 0.000000 0.000000 0.000000 0.000000 0.000000 0.000000 0.000000 0.000000 0.000000 0.000000 0.000000 0.000000 0.000000 0.000000 0.000000 0.000000 0.000000 0.000000 0.000000 0.000000 0.000000 0.000000 0.000000 
0.910780 0.029212 0.973425 0.000000 0.000000 0.000000 0.000000 0.000000 0.000000 0.000000 0.000000 0.000000 0.151167 0.097727 0.021409 0.000000 0.000000 0.000000 0.000000 0.000000 0.000000 0.000000 0.000000 0.000000 0.917694 0.067121 0.703843 0.000000 0.000000 0.000000 0.000000 0.000000 0.000000 0.000000 0.000000 0.000000 0.814484 0.382626 0.289052 0.000000 0.000000 0.000000 0.000000 0.000000 0.000000 0.000000 0.000000 0.000000 0.965501 0.560578 0.031017 0.000000 0.000000 0.000000 0.000000 0.000000 0.000000 0.000000 0.000000 0.000000 0.233293 0.157172 0.888123 0.000000 0.000000 0.000000 0.000000 0.000000 0.000000 0.000000 0.000000 0.000000 0.000000 0.000000 0.000000 0.000000 0.000000 0.000000 0.000000 0.000000 0.000000 0.000000 0.000000 0.000000 0.000000 0.000000 0.000000 0.000000 0.000000 0.000000 0.000000 0.000000 0.000000 0.000000 0.000000 0.000000 0.000000 0.000000 0.000000 0.000000 0.000000 0.000000 0.000000 0.000000 0.000000 0.000000 0.000000 0.000000 0.000000 0.000000 0.000000 0.000000 0.000000 0.000000 0.000000 0.000000 0.000000 0.000000 0.000000 0.000000 0.000000 0.000000 0.000000 0.000000 0.000000 0.000000 0.000000 0.000000 0.000000 0.000000 0.000000 0.000000 0.000000 0.000000 0.000000 0.000000 0.000000 0.000000 0.000000 0.000000 0.000000 0.000000 0.000000 0.000000 0.000000 0.000000 0.000000 0.000000 0.000000 0.000000 0.000000 0.000000 0.000000 0.000000 0.000000 0.000000 0.000000 0.000000 0.000000 0.000000 0.000000 0.000000 0.000000 0.000000 0.000000 0.000000 0.000000 0.000000 0.000000 0.000000 0.000000 0.000000 0.000000 0.000000 0.000000 0.000000 0.000000 0.000000 0.000000 0.000000 0.000000 0.000000 0.000000 0.000000 0.000000 0.000000 0.000000 0.000000 0.000000 0.000000 0.000000 0.000000 0.000000 0.000000 0.000000 0.000000 0.000000 0.000000 0.000000 0.000000 0.000000 0.000000 0.000000 0.000000 0.000000 0.000000 0.000000 0.000000 0.000000 0.000000 0.000000 0.000000 0.000000 0.000000 0.000000 0.000000 
0.464160 0.724808 0.644231 0.000000 0.000000 0.000000 0.000000 0.000000 0.000000 0.000000 0.000000 0.000000 0.774054 0.456499 0.310355 0.000000 0.000000 0.000000 0.000000 0.000000 0.000000 0.000000 0.000000 0.000000 0.727639 0.932247 0.222067 0.000000 0.000000 0.000000 0.000000 0.000000 0.000000 0.000000 0.000000 0.000000 0.739870 0.654755 0.981592 0.000000 0.000000 0.000000 0.000000 0.000000 0.000000 0.000000 0.000000 0.000000 0.772882 0.818926 0.141654 0.000000 0.000000 0.000000 0.000000 0.000000 0.000000 0.000000 0.000000 0.000000 0.554739 0.280614 0.924229 0.000000 0.000000 0.000000 0.000000 0.000000 0.000000 0.000000 0.000000 0.000000 0.000000 0.000000 0.000000 0.000000 0.000000 0.000000 0.000000 0.000000 0.000000 0.000000 0.000000 0.000000 0.000000 0.000000 0.000000 0.000000 0.000000 0.000000 0.000000 0.000000 0.000000 0.000000 0.000000 0.000000 0.000000 0.000000 0.000000 0.000000 0.000000 0.000000 0.000000 0.000000 0.000000 0.000000 0.000000 0.000000 0.000000 0.000000 0.000000 0.000000 0.000000 0.000000 0.000000 0.000000 0.000000 0.000000 0.000000 0.000000 0.000000 0.000000 0.000000 0.000000 0.000000 0.000000 0.000000 0.000000 0.000000 0.000000 0.000000 0.000000 0.000000 0.000000 0.000000 0.000000 0.000000 0.000000 0.000000 0.000000 0.000000 0.000000 0.000000 0.000000 0.000000 0.000000 0.000000 0.000000 0.000000 0.000000 0.000000 0.000000 0.000000 0.000000 0.000000 0.000000 0.000000 0.000000 0.000000 0.000000 0.000000 0.000000 0.000000 0.000000 0.000000 0.000000 0.000000 0.000000 0.000000 0.000000 0.000000 0.000000 0.000000 0.000000 0.000000 0.000000 0.000000 0.000000 0.000000 0.000000 0.000000 0.000000 0.000000 0.000000 0.000000 0.000000 0.000000 0.000000 0.000000 0.000000 0.000000 0.000000 0.000000 0.000000 0.000000 0.000000 0.000000 0.000000 0.000000 0.000000 0.000000 0.000000 0.000000 0.000000 0.000000 0.000000 0.000000 0.000000 0.000000 0.000000 0.000000 0.000000 0.000000 0.000000 0.000000 0.000000 
0.487217 0.188420 0.126462 0.000000 0.000000 0.000000 0.000000 0.000000 0.000000 0.000000 0.000000 0.000000 0.542360 0.240793 0.572954 0.000000 0.000000 0.000000 0.000000 0.000000 0.000000 0.000000 0.000000 0.000000 0.827981 0.927995 0.440025 0.000000 0.000000 0.000000 0.000000 0.000000 0.000000 0.000000 0.000000 0.000000 0.423550 0.944195 0.456917 0.000000 0.000000 0.000000 0.000000 0.000000 0.000000 0.000000 0.000000 0.000000 0.406646 0.507551 0.500391 0.000000 0.000000 0.000000 0.000000 0.000000 0.000000 0.000000 0.000000 0.000000 0.696702 0.953954 0.938484 0.000000 0.000000 0.000000 0.000000 0.000000 0.000000 0.000000 0.000000 0.000000 0.000000 0.000000 0.000000 0.000000 0.000000 0.000000 0.000000 0.000000 0.000000 0.000000 0.000000 0.000000 0.000000 0.000000 0.000000 0.000000 0.000000 0.000000 0.000000 0.000000 0.000000 0.000000 0.000000 0.000000 0.000000 0.000000 0.000000 0.000000 0.000000 0.000000 0.000000 0.000000 0.000000 0.000000 0.000000 0.000000 0.000000 0.000000 0.000000 0.000000 0.000000 0.000000 0.000000 0.000000 0.000000 0.000000 0.000000 0.000000 0.000000 0.000000 0.000000 0.000000 0.000000 0.000000 0.000000 0.000000 0.000000 0.000000 0.000000 0.000000 0.000000 0.000000 0.000000 0.000000 0.000000 0.000000 0.000000 0.000000 0.000000 0.000000 0.000000 0.000000 0.000000 0.000000 0.000000 0.000000 0.000000 0.000000 0.000000 0.000000 0.000000 0.000000 0.000000 0.000000 0.000000 0.000000 0.000000 0.000000 0.000000 0.000000 0.000000 0.000000 0.000000 0.000000 0.000000 0.000000 0.000000 0.000000 0.000000 0.000000 0.000000 0.000000 0.000000 0.000000 0.000000 0.000000 0.000000 0.000000 0.000000 0.000000 0.000000 0.000000 0.000000 0.000000 0.000000 0.000000 0.000000 0.000000 0.000000 0.000000 0.000000 0.000000 0.000000 0.000000 0.000000 0.000000 0.000000 0.000000 0.000000 0.000000 0.000000 0.000000 0.000000 0.000000 0.000000 0.000000 0.000000 0.000000 0.000000 0.000000 0.000000 0.000000 0.000000 0.000000 
0.427835 0.586510 0.192952 0.000000 0.000000 0.000000 0.000000 0.000000 0.000000 0.000000 0.000000 0.000000 0.923538 0.575870 0.260122 0.000000 0.000000 0.000000 0.000000 0.000000 0.000000 0.000000 0.000000 0.000000 0.336545 0.697903 0.074642 0.000000 0.000000 0.000000 0.000000 0.000000 0.000000 0.000000 0.000000 0.000000 0.324947 0.914181 0.756020 0.000000 0.000000 0.000000 0.000000 0.000000 0.000000 0.000000 0.000000 0.000000 0.025411 0.909480 0.239252 0.000000 0.000000 0.000000 0.000000 0.000000 0.000000 0.000000 0.000000 0.000000 0.896931 0.685536 0.618578 0.000000 0.000000 0.000000 0.000000 0.000000 0.000000 0.000000 0.000000 0.000000 0.000000 0.000000 0.000000 0.000000 0.000000 0.000000 0.000000 0.000000 0.000000 0.000000 0.000000 0.000000 0.000000 0.000000 0.000000 0.000000 0.000000 0.000000 0.000000 0.000000 0.000000 0.000000 0.000000 0.000000 0.000000 0.000000 0.000000 0.000000 0.000000 0.000000 0.000000 0.000000 0.000000 0.000000 0.000000 0.000000 0.000000 0.000000 0.000000 0.000000 0.000000 0.000000 0.000000 0.000000 0.000000 0.000000 0.000000 0.000000 0.000000 0.000000 0.000000 0.000000 0.000000 0.000000 0.000000 0.000000 0.000000 0.000000 0.000000 0.000000 0.000000 0.000000 0.000000 0.000000 0.000000 0.000000 0.000000 0.000000 0.000000 0.000000 0.000000 0.000000 0.000000 0.000000 0.000000 0.000000 0.000000 0.000000 0.000000 0.000000 0.000000 0.000000 0.000000 0.000000 0.000000 0.000000 0.000000 0.000000 0.000000 0.000000 0.000000 0.000000 0.000000 0.000000 0.000000 0.000000 0.000000 0.000000 0.000000 0.000000 0.000000 0.000000 0.000000 0.000000 0.000000 0.000000 0.000000 0.000000 0.000000 0.000000 0.000000 0.000000 0.000000 0.000000 0.000000 0.000000 0.000000 0.000000 0.000000 0.000000 0.000000 0.000000 0.000000 0.000000 0.000000 0.000000 0.000000 0.000000 0.000000 0.000000 0.000000 0.000000 0.000000 0.000000 0.000000 0.000000 0.000000 0.000000 0.000000 0.000000 0.000000 0.000000 0.000000 0.000000 
0.783484 0.774415 0.911384 0.000000 0.000000 0.000000 0.000000 0.000000 0.000000 0.000000 0.000000 0.000000 0.744665 0.397451 0.631985 0.000000 0.000000 0.000000 0.000000 0.000000 0.000000 0.000000 0.000000 0.000000 0.916574 0.991894 0.827632 0.000000 0.000000 0.000000 0.000000 0.000000 0.000000 0.000000 0.000000 0.000000 0.986607 0.202245 0.482220 0.000000 0.000000 0.000000 0.000000 0.000000 0.000000 0.000000 0.000000 0.000000 0.851203 0.845430 0.313102 0.000000 0.000000 0.000000 0.000000 0.000000 0.000000 0.000000 0.000000 0.000000 0.459600 0.504550 0.114843 0.000000 0.000000 0.000000 0.000000 0.000000 0.000000 0.000000 0.000000 0.000000 0.000000 0.000000 0.000000 0.000000 0.000000 0.000000 0.000000 0.000000 0.000000 0.000000 0.000000 0.000000 0.000000 0.000000 0.000000 0.000000 0.000000 0.000000 0.000000 0.000000 0.000000 0.000000 0.000000 0.000000 0.000000 0.000000 0.000000 0.000000 0.000000 0.000000 0.000000 0.000000 0.000000 0.000000 0.000000 0.000000 0.000000 0.000000 0.000000 0.000000 0.000000 0.000000 0.000000 0.000000 0.000000 0.000000 0.000000 0.000000 0.000000 0.000000 0.000000 0.000000 0.000000 0.000000 0.000000 0.000000 0.000000 0.000000 0.000000 0.000000 0.000000 0.000000 0.000000 0.000000 0.000000 0.000000 0.000000 0.000000 0.000000 0.000000 0.000000 0.000000 0.000000 0.000000 0.000000 0.000000 0.000000 0.000000 0.000000 0.000000 0.000000 0.000000 0.000000 0.000000 0.000000 0.000000 0.000000 0.000000 0.000000 0.000000 0.000000 0.000000 0.000000 0.000000 0.000000 0.000000 0.000000 0.000000 0.000000 0.000000 0.000000 0.000000 0.000000 0.000000 0.000000 0.000000 0.000000 0.000000 0.000000 0.000000 0.000000 0.000000 0.000000 0.000000 0.000000 0.000000 0.000000 0.000000 0.000000 0.000000 0.000000 0.000000 0.000000 0.000000 0.000000 0.000000 0.000000 0.000000 0.000000 0.000000 0.000000 0.000000 0.000000 0.000000 0.000000 0.000000 0.000000 0.000000 0.000000 0.000000 0.000000 0.000000 0.000000 0.000000 
0.296370 0.456812 0.737553 0.000000 0.000000 0.000000 0.000000 0.000000 0.000000 0.000000 0.000000 0.000000 0.079153 0.583177 0.772772 0.000000 0.000000 0.000000 0.000000 0.000000 0.000000 0.000000 0.000000 0.000000 0.999725 0.211341 0.722877 0.000000 0.000000 0.000000 0.000000 0.000000 0.000000 0.000000 0.000000 0.000000 0.006721 0.115513 0.191521 0.000000 0.000000 0.000000 0.000000 0.000000 0.000000 0.000000 0.000000 0.000000 0.238288 0.941544 0.683786 0.000000 0.000000 0.000000 0.000000 0.000000 0.000000 0.000000 0.000000 0.000000 0.865837 0.800681 0.949931 0.000000 0.000000 0.000000 0.000000 0.000000 0.000000 0.000000 0.000000 0.000000 0.000000 0.000000 0.000000 0.000000 0.000000 0.000000 0.000000 0.000000 0.000000 0.000000 0.000000 0.000000 0.000000 0.000000 0.000000 0.000000 0.000000 0.000000 0.000000 0.000000 0.000000 0.000000 0.000000 0.000000 0.000000 0.000000 0.000000 0.000000 0.000000 0.000000 0.000000 0.000000 0.000000 0.000000 0.000000 0.000000 0.000000 0.000000 0.000000 0.000000 0.000000 0.000000 0.000000 0.000000 0.000000 0.000000 0.000000 0.000000 0.000000 0.000000 0.000000 0.000000 0.000000 0.000000 0.000000 0.000000 0.000000 0.000000 0.000000 0.000000 0.000000 0.000000 0.000000 0.000000 0.000000 0.000000 0.000000 0.000000 0.000000 0.000000 0.000000 0.000000 0.000000 0.000000 0.000000 0.000000 0.000000 0.000000 0.000000 0.000000 0.000000 0.000000 0.000000 0.000000 0.000000 0.000000 0.000000 0.000000 0.000000 0.000000 0.000000 0.000000 0.000000 0.000000 0.000000 0.000000 0.000000 0.000000 0.000000 0.000000 0.000000 0.000000 0.000000 0.000000 0.000000 0.000000 0.000000 0.000000 0.000000 0.000000 0.000000 0.000000 0.000000 0.000000 0.000000 0.000000 0.000000 0.000000 0.000000 0.000000 0.000000 0.000000 0.000000 0.000000 0.000000 0.000000 0.000000 0.000000 0.000000 0.000000 0.000000 0.000000 0.000000 0.000000 0.000000 0.000000 0.000000 0.000000 0.000000 0.000000 0.000000 0.000000 0.000000 0.000000 
0.514091 0.604093 0.033850 0.000000 0.000000 0.000000 0.000000 0.000000 0.000000 0.000000 0.000000 0.000000 0.625837 0.834165 0.314019 0.000000 0.000000 0.000000 0.000000 0.000000 0.000000 0.000000 0.000000 0.000000 0.435767 0.517762 0.007432 0.000000 0.000000 0.000000 0.000000 0.000000 0.000000 0.000000 0.000000 0.000000 0.166936 0.036828 0.374121 0.000000 0.000000 0.000000 0.000000 0.000000 0.000000 0.000000 0.000000 0.000000 0.462383 0.594168 0.993518 0.000000 0.000000 0.000000 0.000000 0.000000 0.000000 0.000000 0.000000 0.000000 0.228877 0.807202 0.108199 0.000000 0.000000 0.000000 0.000000 0.000000 0.000000 0.000000 0.000000 0.000000 0.000000 0.000000 0.000000 0.000000 0.000000 0.000000 0.000000 0.000000 0.000000 0.000000 0.000000 0.000000 0.000000 0.000000 0.000000 0.000000 0.000000 0.000000 0.000000 0.000000 0.000000 0.000000 0.000000 0.000000 0.000000 0.000000 0.000000 0.000000 0.000000 0.000000 0.000000 0.000000 0.000000 0.000000 0.000000 0.000000 0.000000 0.000000 0.000000 0.000000 0.000000 0.000000 0.000000 0.000000 0.000000 0.000000 0.000000 0.000000 0.000000 0.000000 0.000000 0.000000 0.000000 0.000000 0.000000 0.000000 0.000000 0.000000 0.000000 0.000000 0.000000 0.000000 0.000000 0.000000 0.000000 0.000000 0.000000 0.000000 0.000000 0.000000 0.000000 0.000000 0.000000 0.000000 0.000000 0.000000 0.000000 0.000000 0.000000 0.000000 0.000000 0.000000 0.000000 0.000000 0.000000 0.000000 0.000000 0.000000 0.000000 0.000000 0.000000 0.000000 0.000000 0.000000 0.000000 0.000000 0.000000 0.000000 0.000000 0.000000 0.000000 0.000000 0.000000 0.000000 0.000000 0.000000 0.000000 0.000000 0.000000 0.000000 0.000000 0.000000 0.000000 0.000000 0.000000 0.000000 0.000000 0.000000 0.000000 0.000000 0.000000 0.000000 0.000000 0.000000 0.000000 0.000000 0.000000 0.000000 0.000000 0.000000 0.000000 0.000000 0.000000 0.000000 0.000000 0.000000 0.000000 0.000000 0.000000 0.000000 0.000000 0.000000 0.000000 0.000000 
0.059656 0.253315 0.649382 0.000000 0.000000 0.000000 0.000000 0.000000 0.000000 0.000000 0.000000 0.000000 0.022452 0.570197 0.690954 0.000000 0.000000 0.000000 0.000000 0.000000 0.000000 0.000000 0.000000 0.000000 0.599510 0.572246 0.834178 0.000000 0.000000 0.000000 0.000000 0.000000 0.000000 0.000000 0.000000 0.000000 0.082739 0.758419 0.313337 0.000000 0.000000 0.000000 0.000000 0.000000 0.000000 0.000000 0.000000 0.000000 0.664502 0.647751 0.350081 0.000000 0.000000 0.000000 0.000000 0.000000 0.000000 0.000000 0.000000 0.000000 0.281363 0.373111 0.497176 0.000000 0.000000 0.000000 0.000000 0.000000 0.000000 0.000000 0.000000 0.000000 0.000000 0.000000 0.000000 0.000000 0.000000 0.000000 0.000000 0.000000 0.000000 0.000000 0.000000 0.000000 0.000000 0.000000 0.000000 0.000000 0.000000 0.000000 0.000000 0.000000 0.000000 0.000000 0.000000 0.000000 0.000000 0.000000 0.000000 0.000000 0.000000 0.000000 0.000000 0.000000 0.000000 0.000000 0.000000 0.000000 0.000000 0.000000 0.000000 0.000000 0.000000 0.000000 0.000000 0.000000 0.000000 0.000000 0.000000 0.000000 0.000000 0.000000 0.000000 0.000000 0.000000 0.000000 0.000000 0.000000 0.000000 0.000000 0.000000 0.000000 0.000000 0.000000 0.000000 0.000000 0.000000 0.000000 0.000000 0.000000 0.000000 0.000000 0.000000 0.000000 0.000000 0.000000 0.000000 0.000000 0.000000 0.000000 0.000000 0.000000 0.000000 0.000000 0.000000 0.000000 0.000000 0.000000 0.000000 0.000000 0.000000 0.000000 0.000000 0.000000 0.000000 0.000000 0.000000 0.000000 0.000000 0.000000 0.000000 0.000000 0.000000 0.000000 0.000000 0.000000 0.000000 0.000000 0.000000 0.000000 0.000000 0.000000 0.000000 0.000000 0.000000 0.000000 0.000000 0.000000 0.000000 0.000000 0.000000 0.000000 0.000000 0.000000 0.000000 0.000000 0.000000 0.000000 0.000000 0.000000 0.000000 0.000000 0.000000 0.000000 0.000000 0.000000 0.000000 0.000000 0.000000 0.000000 0.000000 0.000000 0.000000 0.000000 0.000000 0.000000 
0.740914 0.264289 0.762359 0.000000 0.000000 0.000000 0.000000 0.000000 0.000000 0.000000 0.000000 0.000000 0.092266 0.623799 0.254909 0.000000 0.000000 0.000000 0.000000 0.000000 0.000000 0.000000 0.000000 0.000000 0.524647 0.917522 0.394255 0.000000 0.000000 0.000000 0.000000 0.000000 0.000000 0.000000 0.000000 0.000000 0.974507 0.301954 0.988052 0.000000 0.000000 0.000000 0.000000 0.000000 0.000000 0.000000 0.000000 0.000000 0.009216 0.402890 0.749290 0.000000 0.000000 0.000000 0.000000 0.000000 0.000000 0.000000 0.000000 0.000000 0.670813 0.909173 0.640043 0.000000 0.000000 0.000000 0.000000 0.000000 0.000000 0.000000 0.000000 0.000000 0.000000 0.000000 0.000000 0.000000 0.000000 0.000000 0.000000 0.000000 0.000000 0.000000 0.000000 0.000000 0.000000 0.000000 0.000000 0.000000 0.000000 0.000000 0.000000 0.000000 0.000000 0.000000 0.000000 0.000000 0.000000 0.000000 0.000000 0.000000 0.000000 0.000000 0.000000 0.000000 0.000000 0.000000 0.000000 0.000000 0.000000 0.000000 0.000000 0.000000 0.000000 0.000000 0.000000 0.000000 0.000000 0.000000 0.000000 0.000000 0.000000 0.000000 0.000000 0.000000 0.000000 0.000000 0.000000 0.000000 0.000000 0.000000 0.000000 0.000000 0.000000 0.000000 0.000000 0.000000 0.000000 0.000000 0.000000 0.000000 0.000000 0.000000 0.000000 0.000000 0.000000 0.000000 0.000000 0.000000 0.000000 0.000000 0.000000 0.000000 0.000000 0.000000 0.000000 0.000000 0.000000 0.000000 0.000000 0.000000 0.000000 0.000000 0.000000 0.000000 0.000000 0.000000 0.000000 0.000000 0.000000 0.000000 0.000000 0.000000 0.000000 0.000000 0.000000 0.000000 0.000000 0.000000 0.000000 0.000000 0.000000 0.000000 0.000000 0.000000 0.000000 0.000000 0.000000 0.000000 0.000000 0.000000 0.000000 0.000000 0.000000 0.000000 0.000000 0.000000 0.000000 0.000000 0.000000 0.000000 0.000000 0.000000 0.000000 0.000000 0.000000 0.000000 0.000000 0.000000 0.000000 0.000000 0.000000 0.000000 0.000000 0.000000 0.000000 0.000000 
0.761121 0.261282 0.933968 0.000000 0.000000 0.000000 0.000000 0.000000 0.000000 0.000000 0.000000 0.000000 0.285605 0.963680 0.190960 0.000000 0.000000 0.000000 0.000000 0.000000 0.000000 0.000000 0.000000 0.000000 0.326240 0.233135 0.448470 0.000000 0.000000 0.000000 0.000000 0.000000 0.000000 0.000000 0.000000 0.000000 0.820949 0.455459 0.967897 0.000000 0.000000 0.000000 0.000000 0.000000 0.000000 0.000000 0.000000 0.000000 0.319043 0.184982 0.083943 0.000000 0.000000 0.000000 0.000000 0.000000 0.000000 0.000000 0.000000 0.000000 0.824972 0.738303 0.548363 0.000000 0.000000 0.000000 0.000000 0.000000 0.000000 0.000000 0.000000 0.000000 0.000000 0.000000 0.000000 0.000000 0.000000 0.000000 0.000000 0.000000 0.000000 0.000000 0.000000 0.000000 0.000000 0.000000 0.000000 0.000000 0.000000 0.000000 0.000000 0.000000 0.000000 0.000000 0.000000 0.000000 0.000000 0.000000 0.000000 0.000000 0.000000 0.000000 0.000000 0.000000 0.000000 0.000000 0.000000 0.000000 0.000000 0.000000 0.000000 0.000000 0.000000 0.000000 0.000000 0.000000 0.000000 0.000000 0.000000 0.000000 0.000000 0.000000 0.000000 0.000000 0.000000 0.000000 0.000000 0.000000 0.000000 0.000000 0.000000 0.000000 0.000000 0.000000 0.000000 0.000000 0.000000 0.000000 0.000000 0.000000 0.000000 0.000000 0.000000 0.000000 0.000000 0.000000 0.000000 0.000000 0.000000 0.000000 0.000000 0.000000 0.000000 0.000000 0.000000 0.000000 0.000000 0.000000 0.000000 0.000000 0.000000 0.000000 0.000000 0.000000 0.000000 0.000000 0.000000 0.000000 0.000000 0.000000 0.000000 0.000000 0.000000 0.000000 0.000000 0.000000 0.000000 0.000000 0.000000 0.000000 0.000000 0.000000 0.000000 0.000000 0.000000 0.000000 0.000000 0.000000 0.000000 0.000000 0.000000 0.000000 0.000000 0.000000 0.000000 0.000000 0.000000 0.000000 0.000000 0.000000 0.000000 0.000000 0.000000 0.000000 0.000000 0.000000 0.000000 0.000000 0.000000 0.000000 0.000000 0.000000 0.000000 0.000000 0.000000 0.000000 
0.526750 0.886314 0.617550 0.000000 0.000000 0.000000 0.000000 0.000000 0.000000 0.000000 0.000000 0.000000 0.481051 0.884460 0.114494 0.000000 0.000000 0.000000 0.000000 0.000000 0.000000 0.000000 0.000000 0.000000 0.366578 0.939546 0.380172 0.000000 0.000000 0.000000 0.000000 0.000000 0.000000 0.000000 0.000000 0.000000 0.072678 0.691683 0.129918 0.000000 0.000000 0.000000 0.000000 0.000000 0.000000 0.000000 0.000000 0.000000 0.876210 0.239296 0.252709 0.000000 0.000000 0.000000 0.000000 0.000000 0.000000 0.000000 0.000000 0.000000 0.410292 0.857873 0.279918 0.000000 0.000000 0.000000 0.000000 0.000000 0.000000 0.000000 0.000000 0.000000 0.000000 0.000000 0.000000 0.000000 0.000000 0.000000 0.000000 0.000000 0.000000 0.000000 0.000000 0.000000 0.000000 0.000000 0.000000 0.000000 0.000000 0.000000 0.000000 0.000000 0.000000 0.000000 0.000000 0.000000 0.000000 0.000000 0.000000 0.000000 0.000000 0.000000 0.000000 0.000000 0.000000 0.000000 0.000000 0.000000 0.000000 0.000000 0.000000 0.000000 0.000000 0.000000 0.000000 0.000000 0.000000 0.000000 0.000000 0.000000 0.000000 0.000000 0.000000 0.000000 0.000000 0.000000 0.000000 0.000000 0.000000 0.000000 0.000000 0.000000 0.000000 0.000000 0.000000 0.000000 0.000000 0.000000 0.000000 0.000000 0.000000 0.000000 0.000000 0.000000 0.000000 0.000000 0.000000 0.000000 0.000000 0.000000 0.000000 0.000000 0.000000 0.000000 0.000000 0.000000 0.000000 0.000000 0.000000 0.000000 0.000000 0.000000 0.000000 0.000000 0.000000 0.000000 0.000000 0.000000 0.000000 0.000000 0.000000 0.000000 0.000000 0.000000 0.000000 0.000000 0.000000 0.000000 0.000000 0.000000 0.000000 0.000000 0.000000 0.000000 0.000000 0.000000 0.000000 0.000000 0.000000 0.000000 0.000000 0.000000 0.000000 0.000000 0.000000 0.000000 0.000000 0.000000 0.000000 0.000000 0.000000 0.000000 0.000000 0.000000 0.000000 0.000000 0.000000 0.000000 0.000000 0.000000 0.000000 0.000000 0.000000 0.000000 0.000000 0.000000 
0.542743 0.738759 0.586780 0.000000 0.000000 0.000000 0.000000 0.000000 0.000000 0.000000 0.000000 0.000000 0.015347 0.861748 0.148330 0.000000 0.000000 0.000000 0.000000 0.000000 0.000000 0.000000 0.000000 0.000000 0.825957 0.237892 0.151216 0.000000 0.000000 0.000000 0.000000 0.000000 0.000000 0.000000 0.000000 0.000000 0.132817 0.322161 0.736531 0.000000 0.000000 0.000000 0.000000 0.000000 0.000000 0.000000 0.000000 0.000000 0.852777 0.742681 0.027603 0.000000 0.000000 0.000000 0.000000 0.000000 0.000000 0.000000 0.000000 0.000000 0.630043 0.019485 0.598752 0.000000 0.000000 0.000000 0.000000 0.000000 0.000000 0.000000 0.000000 0.000000 0.000000 0.000000 0.000000 0.000000 0.000000 0.000000 0.000000 0.000000 0.000000 0.000000 0.000000 0.000000 0.000000 0.000000 0.000000 0.000000 0.000000 0.000000 0.000000 0.000000 0.000000 0.000000 0.000000 0.000000 0.000000 0.000000 0.000000 0.000000 0.000000 0.000000 0.000000 0.000000 0.000000 0.000000 0.000000 0.000000 0.000000 0.000000 0.000000 0.000000 0.000000 0.000000 0.000000 0.000000 0.000000 0.000000 0.000000 0.000000 0.000000 0.000000 0.000000 0.000000 0.000000 0.000000 0.000000 0.000000 0.000000 0.000000 0.000000 0.000000 0.000000 0.000000 0.000000 0.000000 0.000000 0.000000 0.000000 0.000000 0.000000 0.000000 0.000000 0.000000 0.000000 0.000000 0.000000 0.000000 0.000000 0.000000 0.000000 0.000000 0.000000 0.000000 0.000000 0.000000 0.000000 0.000000 0.000000 0.000000 0.000000 0.000000 0.000000 0.000000 0.000000 0.000000 0.000000 0.000000 0.000000 0.000000 0.000000 0.000000 0.000000 0.000000 0.000000 0.000000 0.000000 0.000000 0.000000 0.000000 0.000000 0.000000 0.000000 0.000000 0.000000 0.000000 0.000000 0.000000 0.000000 0.000000 0.000000 0.000000 0.000000 0.000000 0.000000 0.000000 0.000000 0.000000 0.000000 0.000000 0.000000 0.000000 0.000000 0.000000 0.000000 0.000000 0.000000 0.000000 0.000000 0.000000 0.000000 0.000000 0.000000 0.000000 0.000000 0.000000 
0.468044 0.366065 0.337718 0.000000 0.000000 0.000000 0.000000 0.000000 0.000000 0.000000 0.000000 0.000000 0.729884 0.013741 0.123042 0.000000 0.000000 0.000000 0.000000 0.000000 0.000000 0.000000 0.000000 0.000000 0.146312 0.616913 0.974665 0.000000 0.000000 0.000000 0.000000 0.000000 0.000000 0.000000 0.000000 0.000000 0.518981 0.987886 0.388634 0.000000 0.000000 0.000000 0.000000 0.000000 0.000000 0.000000 0.000000 0.000000 0.029245 0.076970 0.901832 0.000000 0.000000 0.000000 0.000000 0.000000 0.000000 0.000000 0.000000 0.000000 0.206907 0.691221 0.560723 0.000000 0.000000 0.000000 0.000000 0.000000 0.000000 0.000000 0.000000 0.000000 0.000000 0.000000 0.000000 0.000000 0.000000 0.000000 0.000000 0.000000 0.000000 0.000000 0.000000 0.000000 0.000000 0.000000 0.000000 0.000000 0.000000 0.000000 0.000000 0.000000 0.000000 0.000000 0.000000 0.000000 0.000000 0.000000 0.000000 0.000000 0.000000 0.000000 0.000000 0.000000 0.000000 0.000000 0.000000 0.000000 0.000000 0.000000 0.000000 0.000000 0.000000 0.000000 0.000000 0.000000 0.000000 0.000000 0.000000 0.000000 0.000000 0.000000 0.000000 0.000000 0.000000 0.000000 0.000000 0.000000 0.000000 0.000000 0.000000 0.000000 0.000000 0.000000 0.000000 0.000000 0.000000 0.000000 0.000000 0.000000 0.000000 0.000000 0.000000 0.000000 0.000000 0.000000 0.000000 0.000000 0.000000 0.000000 0.000000 0.000000 0.000000 0.000000 0.000000 0.000000 0.000000 0.000000 0.000000 0.000000 0.000000 0.000000 0.000000 0.000000 0.000000 0.000000 0.000000 0.000000 0.000000 0.000000 0.000000 0.000000 0.000000 0.000000 0.000000 0.000000 0.000000 0.000000 0.000000 0.000000 0.000000 0.000000 0.000000 0.000000 0.000000 0.000000 0.000000 0.000000 0.000000 0.000000 0.000000 0.000000 0.000000 0.000000 0.000000 0.000000 0.000000 0.000000 0.000000 0.000000 0.000000 0.000000 0.000000 0.000000 0.000000 0.000000 0.000000 0.000000 0.000000 0.000000 0.000000 0.000000 0.000000 0.000000 0.000000 0.000000 
0.378232 0.588122 0.823483 0.000000 0.000000 0.000000 0.000000 0.000000 0.000000 0.000000 0.000000 0.000000 0.136992 0.683919 0.102704 0.000000 0.000000 0.000000 0.000000 0.000000 0.000000 0.000000 0.000000 0.000000 0.255177 0.458750 0.479585 0.000000 0.000000 0.000000 0.000000 0.000000 0.000000 0.000000 0.000000 0.000000 0.708614 0.030990 0.390581 0.000000 0.000000 0.000000 0.000000 0.000000 0.000000 0.000000 0.000000 0.000000 0.723922 0.871859 0.621574 0.000000 0.000000 0.000000 0.000000 0.000000 0.000000 0.000000 0.000000 0.000000 0.747261 0.524171 0.776622 0.000000 0.000000 0.000000 0.000000 0.000000 0.000000 0.000000 0.000000 0.000000 0.000000 0.000000 0.000000 0.000000 0.000000 0.000000 0.000000 0.000000 0.000000 0.000000 0.000000 0.000000 0.000000 0.000000 0.000000 0.000000 0.000000 0.000000 0.000000 0.000000 0.000000 0.000000 0.000000 0.000000 0.000000 0.000000 0.000000 0.000000 0.000000 0.000000 0.000000 0.000000 0.000000 0.000000 0.000000 0.000000 0.000000 0.000000 0.000000 0.000000 0.000000 0.000000 0.000000 0.000000 0.000000 0.000000 0.000000 0.000000 0.000000 0.000000 0.000000 0.000000 0.000000 0.000000 0.000000 0.000000 0.000000 0.000000 0.000000 0.000000 0.000000 0.000000 0.000000 0.000000 0.000000 0.000000 0.000000 0.000000 0.000000 0.000000 0.000000 0.000000 0.000000 0.000000 0.000000 0.000000 0.000000 0.000000 0.000000 0.000000 0.000000 0.000000 0.000000 0.000000 0.000000 0.000000 0.000000 0.000000 0.000000 0.000000 0.000000 0.000000 0.000000 0.000000 0.000000 0.000000 0.000000 0.000000 0.000000 0.000000 0.000000 0.000000 0.000000 0.000000 0.000000 0.000000 0.000000 0.000000 0.000000 0.000000 0.000000 0.000000 0.000000 0.000000 0.000000 0.000000 0.000000 0.000000 0.000000 0.000000 0.000000 0.000000 0.000000 0.000000 0.000000 0.000000 0.000000 0.000000 0.000000 0.000000 0.000000 0.000000 0.000000 0.000000 0.000000 0.000000 0.000000 0.000000 0.000000 0.000000 0.000000 0.000000 0.000000 0.000000 
0.630215 0.935652 0.285516 0.000000 0.000000 0.000000 0.000000 0.000000 0.000000 0.000000 0.000000 0.000000 0.792525 0.757822 0.218391 0.000000 0.000000 0.000000 0.000000 0.000000 0.000000 0.000000 0.000000 0.000000 0.905344 0.819621 0.972757 0.000000 0.000000 0.000000 0.000000 0.000000 0.000000 0.000000 0.000000 0.000000 0.805679 0.900472 0.167178 0.000000 0.000000 0.000000 0.000000 0.000000 0.000000 0.000000 0.000000 0.000000 0.702425 0.597488 0.328234 0.000000 0.000000 0.000000 0.000000 0.000000 0.000000 0.000000 0.000000 0.000000 0.145116 0.044221 0.359277 0.000000 0.000000 0.000000 0.000000 0.000000 0.000000 0.000000 0.000000 0.000000 0.000000 0.000000 0.000000 0.000000 0.000000 0.000000 0.000000 0.000000 0.000000 0.000000 0.000000 0.000000 0.000000 0.000000 0.000000 0.000000 0.000000 0.000000 0.000000 0.000000 0.000000 0.000000 0.000000 0.000000 0.000000 0.000000 0.000000 0.000000 0.000000 0.000000 0.000000 0.000000 0.000000 0.000000 0.000000 0.000000 0.000000 0.000000 0.000000 0.000000 0.000000 0.000000 0.000000 0.000000 0.000000 0.000000 0.000000 0.000000 0.000000 0.000000 0.000000 0.000000 0.000000 0.000000 0.000000 0.000000 0.000000 0.000000 0.000000 0.000000 0.000000 0.000000 0.000000 0.000000 0.000000 0.000000 0.000000 0.000000 0.000000 0.000000 0.000000 0.000000 0.000000 0.000000 0.000000 0.000000 0.000000 0.000000 0.000000 0.000000 0.000000 0.000000 0.000000 0.000000 0.000000 0.000000 0.000000 0.000000 0.000000 0.000000 0.000000 0.000000 0.000000 0.000000 0.000000 0.000000 0.000000 0.000000 0.000000 0.000000 0.000000 0.000000 0.000000 0.000000 0.000000 0.000000 0.000000 0.000000 0.000000 0.000000 0.000000 0.000000 0.000000 0.000000 0.000000 0.000000 0.000000 0.000000 0.000000 0.000000 0.000000 0.000000 0.000000 0.000000 0.000000 0.000000 0.000000 0.000000 0.000000 0.000000 0.000000 0.000000 0.000000 0.000000 0.000000 0.000000 0.000000 0.000000 0.000000 0.000000 0.000000 0.000000 0.000000 0.000000 
0.013072 0.255246 0.151123 0.000000 0.000000 0.000000 0.000000 0.000000 0.000000 0.000000 0.000000 0.000000 0.933532 0.290063 0.029097 0.000000 0.000000 0.000000 0.000000 0.000000 0.000000 0.000000 0.000000 0.000000 0.549341 0.828797 0.012970 0.000000 0.000000 0.000000 0.000000 0.000000 0.000000 0.000000 0.000000 0.000000 0.401953 0.073152 0.801359 0.000000 0.000000 0.000000 0.000000 0.000000 0.000000 0.000000 0.000000 0.000000 0.775801 0.757365 0.809495 0.000000 0.000000 0.000000 0.000000 0.000000 0.000000 0.000000 0.000000 0.000000 0.667051 0.866951 0.637973 0.000000 0.000000 0.000000 0.000000 0.000000 0.000000 0.000000 0.000000 0.000000 0.000000 0.000000 0.000000 0.000000 0.000000 0.000000 0.000000 0.000000 0.000000 0.000000 0.000000 0.000000 0.000000 0.000000 0.000000 0.000000 0.000000 0.000000 0.000000 0.000000 0.000000 0.000000 0.000000 0.000000 0.000000 0.000000 0.000000 0.000000 0.000000 0.000000 0.000000 0.000000 0.000000 0.000000 0.000000 0.000000 0.000000 0.000000 0.000000 0.000000 0.000000 0.000000 0.000000 0.000000 0.000000 0.000000 0.000000 0.000000 0.000000 0.000000 0.000000 0.000000 0.000000 0.000000 0.000000 0.000000 0.000000 0.000000 0.000000 0.000000 0.000000 0.000000 0.000000 0.000000 0.000000 0.000000 0.000000 0.000000 0.000000 0.000000 0.000000 0.000000 0.000000 0.000000 0.000000 0.000000 0.000000 0.000000 0.000000 0.000000 0.000000 0.000000 0.000000 0.000000 0.000000 0.000000 0.000000 0.000000 0.000000 0.000000 0.000000 0.000000 0.000000 0.000000 0.000000 0.000000 0.000000 0.000000 0.000000 0.000000 0.000000 0.000000 0.000000 0.000000 0.000000 0.000000 0.000000 0.000000 0.000000 0.000000 0.000000 0.000000 0.000000 0.000000 0.000000 0.000000 0.000000 0.000000 0.000000 0.000000 0.000000 0.000000 0.000000 0.000000 0.000000 0.000000 0.000000 0.000000 0.000000 0.000000 0.000000 0.000000 0.000000 0.000000 0.000000 0.000000 0.000000 0.000000 0.000000 0.000000 0.000000 0.000000 0.000000 0.000000 
0.239058 0.018311 0.861975 0.000000 0.000000 0.000000 0.000000 0.000000 0.000000 0.000000 0.000000 0.000000 0.674812 0.803995 0.532371 0.000000 0.000000 0.000000 0.000000 0.000000 0.000000 0.000000 0.000000 0.000000 0.991565 0.729000 0.353783 0.000000 0.000000 0.000000 0.000000 0.000000 0.000000 0.000000 0.000000 0.000000 0.434727 0.584789 0.659081 0.000000 0.000000 0.000000 0.000000 0.000000 0.000000 0.000000 0.000000 0.000000 0.613782 0.660201 0.556345 0.000000 0.000000 0.000000 0.000000 0.000000 0.000000 0.000000 0.000000 0.000000 0.471040 0.460201 0.397611 0.000000 0.000000 0.000000 0.000000 0.000000 0.000000 0.000000 0.000000 0.000000 0.000000 0.000000 0.000000 0.000000 0.000000 0.000000 0.000000 0.000000 0.000000 0.000000 0.000000 0.000000 0.000000 0.000000 0.000000 0.000000 0.000000 0.000000 0.000000 0.000000 0.000000 0.000000 0.000000 0.000000 0.000000 0.000000 0.000000 0.000000 0.000000 0.000000 0.000000 0.000000 0.000000 0.000000 0.000000 0.000000 0.000000 0.000000 0.000000 0.000000 0.000000 0.000000 0.000000 0.000000 0.000000 0.000000 0.000000 0.000000 0.000000 0.000000 0.000000 0.000000 0.000000 0.000000 0.000000 0.000000 0.000000 0.000000 0.000000 0.000000 0.000000 0.000000 0.000000 0.000000 0.000000 0.000000 0.000000 0.000000 0.000000 0.000000 0.000000 0.000000 0.000000 0.000000 0.000000 0.000000 0.000000 0.000000 0.000000 0.000000 0.000000 0.000000 0.000000 0.000000 0.000000 0.000000 0.000000 0.000000 0.000000 0.000000 0.000000 0.000000 0.000000 0.000000 0.000000 0.000000 0.000000 0.000000 0.000000 0.000000 0.000000 0.000000 0.000000 0.000000 0.000000 0.000000 0.000000 0.000000 0.000000 0.000000 0.000000 0.000000 0.000000 0.000000 0.000000 0.000000 0.000000 0.000000 0.000000 0.000000 0.000000 0.000000 0.000000 0.000000 0.000000 0.000000 0.000000 0.000000 0.000000 0.000000 0.000000 0.000000 0.000000 0.000000 0.000000 0.000000 0.000000 0.000000 0.000000 0.000000 0.000000 0.000000 0.000000 0.000000 
0.302084 0.455035 0.098426 0.000000 0.000000 0.000000 0.000000 0.000000 0.000000 0.000000 0.000000 0.000000 0.291724 0.385154 0.289511 0.000000 0.000000 0.000000 0.000000 0.000000 0.000000 0.000000 0.000000 0.000000 0.345400 0.679310 0.719603 0.000000 0.000000 0.000000 0.000000 0.000000 0.000000 0.000000 0.000000 0.000000 0.568241 0.292458 0.566275 0.000000 0.000000 0.000000 0.000000 0.000000 0.000000 0.000000 0.000000 0.000000 0.300543 0.891771 0.090904 0.000000 0.000000 0.000000 0.000000 0.000000 0.000000 0.000000 0.000000 0.000000 0.086522 0.575391 0.107418 0.000000 0.000000 0.000000 0.000000 0.000000 0.000000 0.000000 0.000000 0.000000 0.000000 0.000000 0.000000 0.000000 0.000000 0.000000 0.000000 0.000000 0.000000 0.000000 0.000000 0.000000 0.000000 0.000000 0.000000 0.000000 0.000000 0.000000 0.000000 0.000000 0.000000 0.000000 0.000000 0.000000 0.000000 0.000000 0.000000 0.000000 0.000000 0.000000 0.000000 0.000000 0.000000 0.000000 0.000000 0.000000 0.000000 0.000000 0.000000 0.000000 0.000000 0.000000 0.000000 0.000000 0.000000 0.000000 0.000000 0.000000 0.000000 0.000000 0.000000 0.000000 0.000000 0.000000 0.000000 0.000000 0.000000 0.000000 0.000000 0.000000 0.000000 0.000000 0.000000 0.000000 0.000000 0.000000 0.000000 0.000000 0.000000 0.000000 0.000000 0.000000 0.000000 0.000000 0.000000 0.000000 0.000000 0.000000 0.000000 0.000000 0.000000 0.000000 0.000000 0.000000 0.000000 0.000000 0.000000 0.000000 0.000000 0.000000 0.000000 0.000000 0.000000 0.000000 0.000000 0.000000 0.000000 0.000000 0.000000 0.000000 0.000000 0.000000 0.000000 0.000000 0.000000 0.000000 0.000000 0.000000 0.000000 0.000000 0.000000 0.000000 0.000000 0.000000 0.000000 0.000000 0.000000 0.000000 0.000000 0.000000 0.000000 0.000000 0.000000 0.000000 0.000000 0.000000 0.000000 0.000000 0.000000 0.000000 0.000000 0.000000 0.000000 0.000000 0.000000 0.000000 0.000000 0.000000 0.000000 0.000000 0.000000 0.000000 0.000000 0.000000 
0.454433 0.570614 0.770928 0.000000 0.000000 0.000000 0.000000 0.000000 0.000000 0.000000 0.000000 0.000000 0.414380 0.396093 0.042568 0.000000 0.000000 0.000000 0.000000 0.000000 0.000000 0.000000 0.000000 0.000000 0.876902 0.410016 0.711056 0.000000 0.000000 0.000000 0.000000 0.000000 0.000000 0.000000 0.000000 0.000000 0.879651 0.823838 0.453058 0.000000 0.000000 0.000000 0.000000 0.000000 0.000000 0.000000 0.000000 0.000000 0.417860 0.273883 0.091298 0.000000 0.000000 0.000000 0.000000 0.000000 0.000000 0.000000 0.000000 0.000000 0.038092 0.165088 0.688305 0.000000 0.000000 0.000000 0.000000 0.000000 0.000000 0.000000 0.000000 0.000000 0.000000 0.000000 0.000000 0.000000 0.000000 0.000000 0.000000 0.000000 0.000000 0.000000 0.000000 0.000000 0.000000 0.000000 0.000000 0.000000 0.000000 0.000000 0.000000 0.000000 0.000000 0.000000 0.000000 0.000000 0.000000 0.000000 0.000000 0.000000 0.000000 0.000000 0.000000 0.000000 0.000000 0.000000 0.000000 0.000000 0.000000 0.000000 0.000000 0.000000 0.000000 0.000000 0.000000 0.000000 0.000000 0.000000 0.000000 0.000000 0.000000 0.000000 0.000000 0.000000 0.000000 0.000000 0.000000 0.000000 0.000000 0.000000 0.000000 0.000000 0.000000 0.000000 0.000000 0.000000 0.000000 0.000000 0.000000 0.000000 0.000000 0.000000 0.000000 0.000000 0.000000 0.000000 0.000000 0.000000 0.000000 0.000000 0.000000 0.000000 0.000000 0.000000 0.000000 0.000000 0.000000 0.000000 0.000000 0.000000 0.000000 0.000000 0.000000 0.000000 0.000000 0.000000 0.000000 0.000000 0.000000 0.000000 0.000000 0.000000 0.000000 0.000000 0.000000 0.000000 0.000000 0.000000 0.000000 0.000000 0.000000 0.000000 0.000000 0.000000 0.000000 0.000000 0.000000 0.000000 0.000000 0.000000 0.000000 0.000000 0.000000 0.000000 0.000000 0.000000 0.000000 0.000000 0.000000 0.000000 0.000000 0.000000 0.000000 0.000000 0.000000 0.000000 0.000000 0.000000 0.000000 0.000000 0.000000 0.000000 0.000000 0.000000 0.000000 0.000000 
0.667979 0.871689 0.374959 0.000000 0.000000 0.000000 0.000000 0.000000 0.000000 0.000000 0.000000 0.000000 0.289962 0.551174 0.013878 0.000000 0.000000 0.000000 0.000000 0.000000 0.000000 0.000000 0.000000 0.000000 0.585883 0.203092 0.173880 0.000000 0.000000 0.000000 0.000000 0.000000 0.000000 0.000000 0.000000 0.000000 0.618121 0.666958 0.591635 0.000000 0.000000 0.000000 0.000000 0.000000 0.000000 0.000000 0.000000 0.000000 0.855856 0.125124 0.286590 0.000000 0.000000 0.000000 0.000000 0.000000 0.000000 0.000000 0.000000 0.000000 0.768814 0.446525 0.654717 0.000000 0.000000 0.000000 0.000000 0.000000 0.000000 0.000000 0.000000 0.000000 0.000000 0.000000 0.000000 0.000000 0.000000 0.000000 0.000000 0.000000 0.000000 0.000000 0.000000 0.000000 0.000000 0.000000 0.000000 0.000000 0.000000 0.000000 0.000000 0.000000 0.000000 0.000000 0.000000 0.000000 0.000000 0.000000 0.000000 0.000000 0.000000 0.000000 0.000000 0.000000 0.000000 0.000000 0.000000 0.000000 0.000000 0.000000 0.000000 0.000000 0.000000 0.000000 0.000000 0.000000 0.000000 0.000000 0.000000 0.000000 0.000000 0.000000 0.000000 0.000000 0.000000 0.000000 0.000000 0.000000 0.000000 0.000000 0.000000 0.000000 0.000000 0.000000 0.000000 0.000000 0.000000 0.000000 0.000000 0.000000 0.000000 0.000000 0.000000 0.000000 0.000000 0.000000 0.000000 0.000000 0.000000 0.000000 0.000000 0.000000 0.000000 0.000000 0.000000 0.000000 0.000000 0.000000 0.000000 0.000000 0.000000 0.000000 0.000000 0.000000 0.000000 0.000000 0.000000 0.000000 0.000000 0.000000 0.000000 0.000000 0.000000 0.000000 0.000000 0.000000 0.000000 0.000000 0.000000 0.000000 0.000000 0.000000 0.000000 0.000000 0.000000 0.000000 0.000000 0.000000 0.000000 0.000000 0.000000 0.000000 0.000000 0.000000 0.000000 0.000000 0.000000 0.000000 0.000000 0.000000 0.000000 0.000000 0.000000 0.000000 0.000000 0.000000 0.000000 0.000000 0.000000 0.000000 0.000000 0.000000 0.000000 0.000000 0.000000 0.000000 
0.196997 0.944288 0.532812 0.000000 0.000000 0.000000 0.000000 0.000000 0.000000 0.000000 0.000000 0.000000 0.731954 0.407951 0.733361 0.000000 0.000000 0.000000 0.000000 0.000000 0.000000 0.000000 0.000000 0.000000 0.698158 0.099701 0.046047 0.000000 0.000000 0.000000 0.000000 0.000000 0.000000 0.000000 0.000000 0.000000 0.254493 0.867485 0.800260 0.000000 0.000000 0.000000 0.000000 0.000000 0.000000 0.000000 0.000000 0.000000 0.665862 0.070053 0.994886 0.000000 0.000000 0.000000 0.000000 0.000000 0.000000 0.000000 0.000000 0.000000 0.896932 0.920709 0.392056 0.000000 0.000000 0.000000 0.000000 0.000000 0.000000 0.000000 0.000000 0.000000 0.000000 0.000000 0.000000 0.000000 0.000000 0.000000 0.000000 0.000000 0.000000 0.000000 0.000000 0.000000 0.000000 0.000000 0.000000 0.000000 0.000000 0.000000 0.000000 0.000000 0.000000 0.000000 0.000000 0.000000 0.000000 0.000000 0.000000 0.000000 0.000000 0.000000 0.000000 0.000000 0.000000 0.000000 0.000000 0.000000 0.000000 0.000000 0.000000 0.000000 0.000000 0.000000 0.000000 0.000000 0.000000 0.000000 0.000000 0.000000 0.000000 0.000000 0.000000 0.000000 0.000000 0.000000 0.000000 0.000000 0.000000 0.000000 0.000000 0.000000 0.000000 0.000000 0.000000 0.000000 0.000000 0.000000 0.000000 0.000000 0.000000 0.000000 0.000000 0.000000 0.000000 0.000000 0.000000 0.000000 0.000000 0.000000 0.000000 0.000000 0.000000 0.000000 0.000000 0.000000 0.000000 0.000000 0.000000 0.000000 0.000000 0.000000 0.000000 0.000000 0.000000 0.000000 0.000000 0.000000 0.000000 0.000000 0.000000 0.000000 0.000000 0.000000 0.000000 0.000000 0.000000 0.000000 0.000000 0.000000 0.000000 0.000000 0.000000 0.000000 0.000000 0.000000 0.000000 0.000000 0.000000 0.000000 0.000000 0.000000 0.000000 0.000000 0.000000 0.000000 0.000000 0.000000 0.000000 0.000000 0.000000 0.000000 0.000000 0.000000 0.000000 0.000000 0.000000 0.000000 0.000000 0.000000 0.000000 0.000000 0.000000 0.000000 0.000000 0.000000 
0.418716 0.585150 0.721261 0.000000 0.000000 0.000000 0.000000 0.000000 0.000000 0.000000 0.000000 0.000000 0.535290 0.460254 0.207741 0.000000 0.000000 0.000000 0.000000 0.000000 0.000000 0.000000 0.000000 0.000000 0.484168 0.090265 0.260901 0.000000 0.000000 0.000000 0.000000 0.000000 0.000000 0.000000 0.000000 0.000000 0.623765 0.993182 0.866816 0.000000 0.000000 0.000000 0.000000 0.000000 0.000000 0.000000 0.000000 0.000000 0.367732 0.615774 0.317775 0.000000 0.000000 0.000000 0.000000 0.000000 0.000000 0.000000 0.000000 0.000000 0.778708 0.677334 0.306032 0.000000 0.000000 0.000000 0.000000 0.000000 0.000000 0.000000 0.000000 0.000000 0.000000 0.000000 0.000000 0.000000 0.000000 0.000000 0.000000 0.000000 0.000000 0.000000 0.000000 0.000000 0.000000 0.000000 0.000000 0.000000 0.000000 0.000000 0.000000 0.000000 0.000000 0.000000 0.000000 0.000000 0.000000 0.000000 0.000000 0.000000 0.000000 0.000000 0.000000 0.000000 0.000000 0.000000 0.000000 0.000000 0.000000 0.000000 0.000000 0.000000 0.000000 0.000000 0.000000 0.000000 0.000000 0.000000 0.000000 0.000000 0.000000 0.000000 0.000000 0.000000 0.000000 0.000000 0.000000 0.000000 0.000000 0.000000 0.000000 0.000000 0.000000 0.000000 0.000000 0.000000 0.000000 0.000000 0.000000 0.000000 0.000000 0.000000 0.000000 0.000000 0.000000 0.000000 0.000000 0.000000 0.000000 0.000000 0.000000 0.000000 0.000000 0.000000 0.000000 0.000000 0.000000 0.000000 0.000000 0.000000 0.000000 0.000000 0.000000 0.000000 0.000000 0.000000 0.000000 0.000000 0.000000 0.000000 0.000000 0.000000 0.000000 0.000000 0.000000 0.000000 0.000000 0.000000 0.000000 0.000000 0.000000 0.000000 0.000000 0.000000 0.000000 0.000000 0.000000 0.000000 0.000000 0.000000 0.000000 0.000000 0.000000 0.000000 0.000000 0.000000 0.000000 0.000000 0.000000 0.000000 0.000000 0.000000 0.000000 0.000000 0.000000 0.000000 0.000000 0.000000 0.000000 0.000000 0.000000 0.000000 0.000000 0.000000 0.000000 0.000000 
0.180893 0.559567 0.091604 0.000000 0.000000 0.000000 0.000000 0.000000 0.000000 0.000000 0.000000 0.000000 0.345951 0.606587 0.607551 0.000000 0.000000 0.000000 0.000000 0.000000 0.000000 0.000000 0.000000 0.000000 0.574822 0.791155 0.096282 0.000000 0.000000 0.000000 0.000000 0.000000 0.000000 0.000000 0.000000 0.000000 0.559730 0.244192 0.795772 0.000000 0.000000 0.000000 0.000000 0.000000 0.000000 0.000000 0.000000 0.000000 0.247353 0.693359 0.136929 0.000000 0.000000 0.000000 0.000000 0.000000 0.000000 0.000000 0.000000 0.000000 0.432578 0.806807 0.837343 0.000000 0.000000 0.000000 0.000000 0.000000 0.000000 0.000000 0.000000 0.000000 0.000000 0.000000 0.000000 0.000000 0.000000 0.000000 0.000000 0.000000 0.000000 0.000000 0.000000 0.000000 0.000000 0.000000 0.000000 0.000000 0.000000 0.000000 0.000000 0.000000 0.000000 0.000000 0.000000 0.000000 0.000000 0.000000 0.000000 0.000000 0.000000 0.000000 0.000000 0.000000 0.000000 0.000000 0.000000 0.000000 0.000000 0.000000 0.000000 0.000000 0.000000 0.000000 0.000000 0.000000 0.000000 0.000000 0.000000 0.000000 0.000000 0.000000 0.000000 0.000000 0.000000 0.000000 0.000000 0.000000 0.000000 0.000000 0.000000 0.000000 0.000000 0.000000 0.000000 0.000000 0.000000 0.000000 0.000000 0.000000 0.000000 0.000000 0.000000 0.000000 0.000000 0.000000 0.000000 0.000000 0.000000 0.000000 0.000000 0.000000 0.000000 0.000000 0.000000 0.000000 0.000000 0.000000 0.000000 0.000000 0.000000 0.000000 0.000000 0.000000 0.000000 0.000000 0.000000 0.000000 0.000000 0.000000 0.000000 0.000000 0.000000 0.000000 0.000000 0.000000 0.000000 0.000000 0.000000 0.000000 0.000000 0.000000 0.000000 0.000000 0.000000 0.000000 0.000000 0.000000 0.000000 0.000000 0.000000 0.000000 0.000000 0.000000 0.000000 0.000000 0.000000 0.000000 0.000000 0.000000 0.000000 0.000000 0.000000 0.000000 0.000000 0.000000 0.000000 0.000000 0.000000 0.000000 0.000000 0.000000 0.000000 0.000000 0.000000 0.000000 
0.391159 0.138354 0.487155 0.000000 0.000000 0.000000 0.000000 0.000000 0.000000 0.000000 0.000000 0.000000 0.063295 0.832116 0.542918 0.000000 0.000000 0.000000 0.000000 0.000000 0.000000 0.000000 0.000000 0.000000 0.926818 0.021698 0.458611 0.000000 0.000000 0.000000 0.000000 0.000000 0.000000 0.000000 0.000000 0.000000 0.173289 0.675066 0.850575 0.000000 0.000000 0.000000 0.000000 0.000000 0.000000 0.000000 0.000000 0.000000 0.697942 0.274893 0.664800 0.000000 0.000000 0.000000 0.000000 0.000000 0.000000 0.000000 0.000000 0.000000 0.693436 0.162313 0.270677 0.000000 0.000000 0.000000 0.000000 0.000000 0.000000 0.000000 0.000000 0.000000 0.000000 0.000000 0.000000 0.000000 0.000000 0.000000 0.000000 0.000000 0.000000 0.000000 0.000000 0.000000 0.000000 0.000000 0.000000 0.000000 0.000000 0.000000 0.000000 0.000000 0.000000 0.000000 0.000000 0.000000 0.000000 0.000000 0.000000 0.000000 0.000000 0.000000 0.000000 0.000000 0.000000 0.000000 0.000000 0.000000 0.000000 0.000000 0.000000 0.000000 0.000000 0.000000 0.000000 0.000000 0.000000 0.000000 0.000000 0.000000 0.000000 0.000000 0.000000 0.000000 0.000000 0.000000 0.000000 0.000000 0.000000 0.000000 0.000000 0.000000 0.000000 0.000000 0.000000 0.000000 0.000000 0.000000 0.000000 0.000000 0.000000 0.000000 0.000000 0.000000 0.000000 0.000000 0.000000 0.000000 0.000000 0.000000 0.000000 0.000000 0.000000 0.000000 0.000000 0.000000 0.000000 0.000000 0.000000 0.000000 0.000000 0.000000 0.000000 0.000000 0.000000 0.000000 0.000000 0.000000 0.000000 0.000000 0.000000 0.000000 0.000000 0.000000 0.000000 0.000000 0.000000 0.000000 0.000000 0.000000 0.000000 0.000000 0.000000 0.000000 0.000000 0.000000 0.000000 0.000000 0.000000 0.000000 0.000000 0.000000 0.000000 0.000000 0.000000 0.000000 0.000000 0.000000 0.000000 0.000000 0.000000 0.000000 0.000000 0.000000 0.000000 0.000000 0.000000 0.000000 0.000000 0.000000 0.000000 0.000000 0.000000 0.000000 0.000000 0.000000 
0.651344 0.080676 0.405130 0.000000 0.000000 0.000000 0.000000 0.000000 0.000000 0.000000 0.000000 0.000000 0.131121 0.930262 0.627505 0.000000 0.000000 0.000000 0.000000 0.000000 0.000000 0.000000 0.000000 0.000000 0.520446 0.014542 0.798884 0.000000 0.000000 0.000000 0.000000 0.000000 0.000000 0.000000 0.000000 0.000000 0.706990 0.643897 0.571688 0.000000 0.000000 0.000000 0.000000 0.000000 0.000000 0.000000 0.000000 0.000000 0.981322 0.811383 0.314705 0.000000 0.000000 0.000000 0.000000 0.000000 0.000000 0.000000 0.000000 0.000000 0.630651 0.536488 0.206844 0.000000 0.000000 0.000000 0.000000 0.000000 0.000000 0.000000 0.000000 0.000000 0.000000 0.000000 0.000000 0.000000 0.000000 0.000000 0.000000 0.000000 0.000000 0.000000 0.000000 0.000000 0.000000 0.000000 0.000000 0.000000 0.000000 0.000000 0.000000 0.000000 0.000000 0.000000 0.000000 0.000000 0.000000 0.000000 0.000000 0.000000 0.000000 0.000000 0.000000 0.000000 0.000000 0.000000 0.000000 0.000000 0.000000 0.000000 0.000000 0.000000 0.000000 0.000000 0.000000 0.000000 0.000000 0.000000 0.000000 0.000000 0.000000 0.000000 0.000000 0.000000 0.000000 0.000000 0.000000 0.000000 0.000000 0.000000 0.000000 0.000000 0.000000 0.000000 0.000000 0.000000 0.000000 0.000000 0.000000 0.000000 0.000000 0.000000 0.000000 0.000000 0.000000 0.000000 0.000000 0.000000 0.000000 0.000000 0.000000 0.000000 0.000000 0.000000 0.000000 0.000000 0.000000 0.000000 0.000000 0.000000 0.000000 0.000000 0.000000 0.000000 0.000000 0.000000 0.000000 0.000000 0.000000 0.000000 0.000000 0.000000 0.000000 0.000000 0.000000 0.000000 0.000000 0.000000 0.000000 0.000000 0.000000 0.000000 0.000000 0.000000 0.000000 0.000000 0.000000 0.000000 0.000000 0.000000 0.000000 0.000000 0.000000 0.000000 0.000000 0.000000 0.000000 0.000000 0.000000 0.000000 0.000000 0.000000 0.000000 0.000000 0.000000 0.000000 0.000000 0.000000 0.000000 0.000000 0.000000 0.000000 0.000000 0.000000 0.000000 0.000000 
0.417257 0.261958 0.570898 0.000000 0.000000 0.000000 0.000000 0.000000 0.000000 0.000000 0.000000 0.000000 0.197939 0.463136 0.998560 0.000000 0.000000 0.000000 0.000000 0.000000 0.000000 0.000000 0.000000 0.000000 0.270338 0.458608 0.328522 0.000000 0.000000 0.000000 0.000000 0.000000 0.000000 0.000000 0.000000 0.000000 0.446268 0.687791 0.438247 0.000000 0.000000 0.000000 0.000000 0.000000 0.000000 0.000000 0.000000 0.000000 0.889655 0.690745 0.558289 0.000000 0.000000 0.000000 0.000000 0.000000 0.000000 0.000000 0.000000 0.000000 0.710287 0.451930 0.366036 0.000000 0.000000 0.000000 0.000000 0.000000 0.000000 0.000000 0.000000 0.000000 0.000000 0.000000 0.000000 0.000000 0.000000 0.000000 0.000000 0.000000 0.000000 0.000000 0.000000 0.000000 0.000000 0.000000 0.000000 0.000000 0.000000 0.000000 0.000000 0.000000 0.000000 0.000000 0.000000 0.000000 0.000000 0.000000 0.000000 0.000000 0.000000 0.000000 0.000000 0.000000 0.000000 0.000000 0.000000 0.000000 0.000000 0.000000 0.000000 0.000000 0.000000 0.000000 0.000000 0.000000 0.000000 0.000000 0.000000 0.000000 0.000000 0.000000 0.000000 0.000000 0.000000 0.000000 0.000000 0.000000 0.000000 0.000000 0.000000 0.000000 0.000000 0.000000 0.000000 0.000000 0.000000 0.000000 0.000000 0.000000 0.000000 0.000000 0.000000 0.000000 0.000000 0.000000 0.000000 0.000000 0.000000 0.000000 0.000000 0.000000 0.000000 0.000000 0.000000 0.000000 0.000000 0.000000 0.000000 0.000000 0.000000 0.000000 0.000000 0.000000 0.000000 0.000000 0.000000 0.000000 0.000000 0.000000 0.000000 0.000000 0.000000 0.000000 0.000000 0.000000 0.000000 0.000000 0.000000 0.000000 0.000000 0.000000 0.000000 0.000000 0.000000 0.000000 0.000000 0.000000 0.000000 0.000000 0.000000 0.000000 0.000000 0.000000 0.000000 0.000000 0.000000 0.000000 0.000000 0.000000 0.000000 0.000000 0.000000 0.000000 0.000000 0.000000 0.000000 0.000000 0.000000 0.000000 0.000000 0.000000 0.000000 0.000000 0.000000 0.000000 
0.233178 0.076775 0.186536 0.000000 0.000000 0.000000 0.000000 0.000000 0.000000 0.000000 0.000000 0.000000 0.073568 0.056503 0.500902 0.000000 0.000000 0.000000 0.000000 0.000000 0.000000 0.000000 0.000000 0.000000 0.273700 0.213394 0.937598 0.000000 0.000000 0.000000 0.000000 0.000000 0.000000 0.000000 0.000000 0.000000 0.190676 0.695405 0.108709 0.000000 0.000000 0.000000 0.000000 0.000000 0.000000 0.000000 0.000000 0.000000 0.901626 0.054607 0.390301 0.000000 0.000000 0.000000 0.000000 0.000000 0.000000 0.000000 0.000000 0.000000 0.922462 0.715937 0.141164 0.000000 0.000000 0.000000 0.000000 0.000000 0.000000 0.000000 0.000000 0.000000 0.000000 0.000000 0.000000 0.000000 0.000000 0.000000 0.000000 0.000000 0.000000 0.000000 0.000000 0.000000 0.000000 0.000000 0.000000 0.000000 0.000000 0.000000 0.000000 0.000000 0.000000 0.000000 0.000000 0.000000 0.000000 0.000000 0.000000 0.000000 0.000000 0.000000 0.000000 0.000000 0.000000 0.000000 0.000000 0.000000 0.000000 0.000000 0.000000 0.000000 0.000000 0.000000 0.000000 0.000000 0.000000 0.000000 0.000000 0.000000 0.000000 0.000000 0.000000 0.000000 0.000000 0.000000 0.000000 0.000000 0.000000 0.000000 0.000000 0.000000 0.000000 0.000000 0.000000 0.000000 0.000000 0.000000 0.000000 0.000000 0.000000 0.000000 0.000000 0.000000 0.000000 0.000000 0.000000 0.000000 0.000000 0.000000 0.000000 0.000000 0.000000 0.000000 0.000000 0.000000 0.000000 0.000000 0.000000 0.000000 0.000000 0.000000 0.000000 0.000000 0.000000 0.000000 0.000000 0.000000 0.000000 0.000000 0.000000 0.000000 0.000000 0.000000 0.000000 0.000000 0.000000 0.000000 0.000000 0.000000 0.000000 0.000000 0.000000 0.000000 0.000000 0.000000 0.000000 0.000000 0.000000 0.000000 0.000000 0.000000 0.000000 0.000000 0.000000 0.000000 0.000000 0.000000 0.000000 0.000000 0.000000 0.000000 0.000000 0.000000 0.000000 0.000000 0.000000 0.000000 0.000000 0.000000 0.000000 0.000000 0.000000 0.000000 0.000000 0.000000 
0.171142 0.577967 0.026786 0.000000 0.000000 0.000000 0.000000 0.000000 0.000000 0.000000 0.000000 0.000000 0.239358 0.828654 0.221272 0.000000 0.000000 0.000000 0.000000 0.000000 0.000000 0.000000 0.000000 0.000000 0.890016 0.578003 0.679416 0.000000 0.000000 0.000000 0.000000 0.000000 0.000000 0.000000 0.000000 0.000000 0.093412 0.569162 0.659339 0.000000 0.000000 0.000000 0.000000 0.000000 0.000000 0.000000 0.000000 0.000000 0.504720 0.007988 0.085483 0.000000 0.000000 0.000000 0.000000 0.000000 0.000000 0.000000 0.000000 0.000000 0.182736 0.031797 0.767362 0.000000 0.000000 0.000000 0.000000 0.000000 0.000000 0.000000 0.000000 0.000000 0.000000 0.000000 0.000000 0.000000 0.000000 0.000000 0.000000 0.000000 0.000000 0.000000 0.000000 0.000000 0.000000 0.000000 0.000000 0.000000 0.000000 0.000000 0.000000 0.000000 0.000000 0.000000 0.000000 0.000000 0.000000 0.000000 0.000000 0.000000 0.000000 0.000000 0.000000 0.000000 0.000000 0.000000 0.000000 0.000000 0.000000 0.000000 0.000000 0.000000 0.000000 0.000000 0.000000 0.000000 0.000000 0.000000 0.000000 0.000000 0.000000 0.000000 0.000000 0.000000 0.000000 0.000000 0.000000 0.000000 0.000000 0.000000 0.000000 0.000000 0.000000 0.000000 0.000000 0.000000 0.000000 0.000000 0.000000 0.000000 0.000000 0.000000 0.000000 0.000000 0.000000 0.000000 0.000000 0.000000 0.000000 0.000000 0.000000 0.000000 0.000000 0.000000 0.000000 0.000000 0.000000 0.000000 0.000000 0.000000 0.000000 0.000000 0.000000 0.000000 0.000000 0.000000 0.000000 0.000000 0.000000 0.000000 0.000000 0.000000 0.000000 0.000000 0.000000 0.000000 0.000000 0.000000 0.000000 0.000000 0.000000 0.000000 0.000000 0.000000 0.000000 0.000000 0.000000 0.000000 0.000000 0.000000 0.000000 0.000000 0.000000 0.000000 0.000000 0.000000 0.000000 0.000000 0.000000 0.000000 0.000000 0.000000 0.000000 0.000000 0.000000 0.000000 0.000000 0.000000 0.000000 0.000000 0.000000 0.000000 0.000000 0.000000 0.000000 0.000000 
0.447177 0.884822 0.702077 0.000000 0.000000 0.000000 0.000000 0.000000 0.000000 0.000000 0.000000 0.000000 0.173760 0.667512 0.168706 0.000000 0.000000 0.000000 0.000000 0.000000 0.000000 0.000000 0.000000 0.000000 0.828978 0.089603 0.077588 0.000000 0.000000 0.000000 0.000000 0.000000 0.000000 0.000000 0.000000 0.000000 0.070055 0.199887 0.648797 0.000000 0.000000 0.000000 0.000000 0.000000 0.000000 0.000000 0.000000 0.000000 0.453934 0.818454 0.921071 0.000000 0.000000 0.000000 0.000000 0.000000 0.000000 0.000000 0.000000 0.000000 0.156030 0.005448 0.970563 0.000000 0.000000 0.000000 0.000000 0.000000 0.000000 0.000000 0.000000 0.000000 0.000000 0.000000 0.000000 0.000000 0.000000 0.000000 0.000000 0.000000 0.000000 0.000000 0.000000 0.000000 0.000000 0.000000 0.000000 0.000000 0.000000 0.000000 0.000000 0.000000 0.000000 0.000000 0.000000 0.000000 0.000000 0.000000 0.000000 0.000000 0.000000 0.000000 0.000000 0.000000 0.000000 0.000000 0.000000 0.000000 0.000000 0.000000 0.000000 0.000000 0.000000 0.000000 0.000000 0.000000 0.000000 0.000000 0.000000 0.000000 0.000000 0.000000 0.000000 0.000000 0.000000 0.000000 0.000000 0.000000 0.000000 0.000000 0.000000 0.000000 0.000000 0.000000 0.000000 0.000000 0.000000 0.000000 0.000000 0.000000 0.000000 0.000000 0.000000 0.000000 0.000000 0.000000 0.000000 0.000000 0.000000 0.000000 0.000000 0.000000 0.000000 0.000000 0.000000 0.000000 0.000000 0.000000 0.000000 0.000000 0.000000 0.000000 0.000000 0.000000 0.000000 0.000000 0.000000 0.000000 0.000000 0.000000 0.000000 0.000000 0.000000 0.000000 0.000000 0.000000 0.000000 0.000000 0.000000 0.000000 0.000000 0.000000 0.000000 0.000000 0.000000 0.000000 0.000000 0.000000 0.000000 0.000000 0.000000 0.000000 0.000000 0.000000 0.000000 0.000000 0.000000 0.000000 0.000000 0.000000 0.000000 0.000000 0.000000 0.000000 0.000000 0.000000 0.000000 0.000000 0.000000 0.000000 0.000000 0.000000 0.000000 0.000000 0.000000 0.000000 
0.138448 0.069927 0.657982 0.000000 0.000000 0.000000 0.000000 0.000000 0.000000 0.000000 0.000000 0.000000 0.642834 0.759754 0.230993 0.000000 0.000000 0.000000 0.000000 0.000000 0.000000 0.000000 0.000000 0.000000 0.127023 0.725661 0.480124 0.000000 0.000000 0.000000 0.000000 0.000000 0.000000 0.000000 0.000000 0.000000 0.415148 0.688779 0.809570 0.000000 0.000000 0.000000 0.000000 0.000000 0.000000 0.000000 0.000000 0.000000 0.695904 0.700133 0.844533 0.000000 0.000000 0.000000 0.000000 0.000000 0.000000 0.000000 0.000000 0.000000 0.241302 0.609395 0.649972 0.000000 0.000000 0.000000 0.000000 0.000000 0.000000 0.000000 0.000000 0.000000 0.000000 0.000000 0.000000 0.000000 0.000000 0.000000 0.000000 0.000000 0.000000 0.000000 0.000000 0.000000 0.000000 0.000000 0.000000 0.000000 0.000000 0.000000 0.000000 0.000000 0.000000 0.000000 0.000000 0.000000 0.000000 0.000000 0.000000 0.000000 0.000000 0.000000 0.000000 0.000000 0.000000 0.000000 0.000000 0.000000 0.000000 0.000000 0.000000 0.000000 0.000000 0.000000 0.000000 0.000000 0.000000 0.000000 0.000000 0.000000 0.000000 0.000000 0.000000 0.000000 0.000000 0.000000 0.000000 0.000000 0.000000 0.000000 0.000000 0.000000 0.000000 0.000000 0.000000 0.000000 0.000000 0.000000 0.000000 0.000000 0.000000 0.000000 0.000000 0.000000 0.000000 0.000000 0.000000 0.000000 0.000000 0.000000 0.000000 0.000000 0.000000 0.000000 0.000000 0.000000 0.000000 0.000000 0.000000 0.000000 0.000000 0.000000 0.000000 0.000000 0.000000 0.000000 0.000000 0.000000 0.000000 0.000000 0.000000 0.000000 0.000000 0.000000 0.000000 0.000000 0.000000 0.000000 0.000000 0.000000 0.000000 0.000000 0.000000 0.000000 0.000000 0.000000 0.000000 0.000000 0.000000 0.000000 0.000000 0.000000 0.000000 0.000000 0.000000 0.000000 0.000000 0.000000 0.000000 0.000000 0.000000 0.000000 0.000000 0.000000 0.000000 0.000000 0.000000 0.000000 0.000000 0.000000 0.000000 0.000000 0.000000 0.000000 0.000000 0.000000 
0.278501 0.546866 0.444385 0.000000 0.000000 0.000000 0.000000 0.000000 0.000000 0.000000 0.000000 0.000000 0.630425 0.861440 0.579483 0.000000 0.000000 0.000000 0.000000 0.000000 0.000000 0.000000 0.000000 0.000000 0.350561 0.843438 0.061129 0.000000 0.000000 0.000000 0.000000 0.000000 0.000000 0.000000 0.000000 0.000000 0.316179 0.909281 0.606054 0.000000 0.000000 0.000000 0.000000 0.000000 0.000000 0.000000 0.000000 0.000000 0.483958 0.613878 0.804343 0.000000 0.000000 0.000000 0.000000 0.000000 0.000000 0.000000 0.000000 0.000000 0.608733 0.119378 0.338180 0.000000 0.000000 0.000000 0.000000 0.000000 0.000000 0.000000 0.000000 0.000000 0.000000 0.000000 0.000000 0.000000 0.000000 0.000000 0.000000 0.000000 0.000000 0.000000 0.000000 0.000000 0.000000 0.000000 0.000000 0.000000 0.000000 0.000000 0.000000 0.000000 0.000000 0.000000 0.000000 0.000000 0.000000 0.000000 0.000000 0.000000 0.000000 0.000000 0.000000 0.000000 0.000000 0.000000 0.000000 0.000000 0.000000 0.000000 0.000000 0.000000 0.000000 0.000000 0.000000 0.000000 0.000000 0.000000 0.000000 0.000000 0.000000 0.000000 0.000000 0.000000 0.000000 0.000000 0.000000 0.000000 0.000000 0.000000 0.000000 0.000000 0.000000 0.000000 0.000000 0.000000 0.000000 0.000000 0.000000 0.000000 0.000000 0.000000 0.000000 0.000000 0.000000 0.000000 0.000000 0.000000 0.000000 0.000000 0.000000 0.000000 0.000000 0.000000 0.000000 0.000000 0.000000 0.000000 0.000000 0.000000 0.000000 0.000000 0.000000 0.000000 0.000000 0.000000 0.000000 0.000000 0.000000 0.000000 0.000000 0.000000 0.000000 0.000000 0.000000 0.000000 0.000000 0.000000 0.000000 0.000000 0.000000 0.000000 0.000000 0.000000 0.000000 0.000000 0.000000 0.000000 0.000000 0.000000 0.000000 0.000000 0.000000 0.000000 0.000000 0.000000 0.000000 0.000000 0.000000 0.000000 0.000000 0.000000 0.000000 0.000000 0.000000 0.000000 0.000000 0.000000 0.000000 0.000000 0.000000 0.000000 0.000000 0.000000 0.000000 0.000000 
0.865676 0.482949 0.649658 0.000000 0.000000 0.000000 0.000000 0.000000 0.000000 0.000000 0.000000 0.000000 0.712304 0.267869 0.508058 0.000000 0.000000 0.000000 0.000000 0.000000 0.000000 0.000000 0.000000 0.000000 0.085836 0.456984 0.314558 0.000000 0.000000 0.000000 0.000000 0.000000 0.000000 0.000000 0.000000 0.000000 0.209160 0.841202 0.133096 0.000000 0.000000 0.000000 0.000000 0.000000 0.000000 0.000000 0.000000 0.000000 0.349420 0.408517 0.803306 0.000000 0.000000 0.000000 0.000000 0.000000 0.000000 0.000000 0.000000 0.000000 0.536756 0.812752 0.159268 0.000000 0.000000 0.000000 0.000000 0.000000 0.000000 0.000000 0.000000 0.000000 0.000000 0.000000 0.000000 0.000000 0.000000 0.000000 0.000000 0.000000 0.000000 0.000000 0.000000 0.000000 0.000000 0.000000 0.000000 0.000000 0.000000 0.000000 0.000000 0.000000 0.000000 0.000000 0.000000 0.000000 0.000000 0.000000 0.000000 0.000000 0.000000 0.000000 0.000000 0.000000 0.000000 0.000000 0.000000 0.000000 0.000000 0.000000 0.000000 0.000000 0.000000 0.000000 0.000000 0.000000 0.000000 0.000000 0.000000 0.000000 0.000000 0.000000 0.000000 0.000000 0.000000 0.000000 0.000000 0.000000 0.000000 0.000000 0.000000 0.000000 0.000000 0.000000 0.000000 0.000000 0.000000 0.000000 0.000000 0.000000 0.000000 0.000000 0.000000 0.000000 0.000000 0.000000 0.000000 0.000000 0.000000 0.000000 0.000000 0.000000 0.000000 0.000000 0.000000 0.000000 0.000000 0.000000 0.000000 0.000000 0.000000 0.000000 0.000000 0.000000 0.000000 0.000000 0.000000 0.000000 0.000000 0.000000 0.000000 0.000000 0.000000 0.000000 0.000000 0.000000 0.000000 0.000000 0.000000 0.000000 0.000000 0.000000 0.000000 0.000000 0.000000 0.000000 0.000000 0.000000 0.000000 0.000000 0.000000 0.000000 0.000000 0.000000 0.000000 0.000000 0.000000 0.000000 0.000000 0.000000 0.000000 0.000000 0.000000 0.000000 0.000000 0.000000 0.000000 0.000000 0.000000 0.000000 0.000000 0.000000 0.000000 0.000000 0.000000 0.000000 
0.368411 0.154636 0.867867 0.000000 0.000000 0.000000 0.000000 0.000000 0.000000 0.000000 0.000000 0.000000 0.895940 0.444886 0.773860 0.000000 0.000000 0.000000 0.000000 0.000000 0.000000 0.000000 0.000000 0.000000 0.863172 0.894317 0.518482 0.000000 0.000000 0.000000 0.000000 0.000000 0.000000 0.000000 0.000000 0.000000 0.537349 0.003776 0.453795 0.000000 0.000000 0.000000 0.000000 0.000000 0.000000 0.000000 0.000000 0.000000 0.444805 0.779788 0.859900 0.000000 0.000000 0.000000 0.000000 0.000000 0.000000 0.000000 0.000000 0.000000 0.089718 0.203302 0.163689 0.000000 0.000000 0.000000 0.000000 0.000000 0.000000 0.000000 0.000000 0.000000 0.000000 0.000000 0.000000 0.000000 0.000000 0.000000 0.000000 0.000000 0.000000 0.000000 0.000000 0.000000 0.000000 0.000000 0.000000 0.000000 0.000000 0.000000 0.000000 0.000000 0.000000 0.000000 0.000000 0.000000 0.000000 0.000000 0.000000 0.000000 0.000000 0.000000 0.000000 0.000000 0.000000 0.000000 0.000000 0.000000 0.000000 0.000000 0.000000 0.000000 0.000000 0.000000 0.000000 0.000000 0.000000 0.000000 0.000000 0.000000 0.000000 0.000000 0.000000 0.000000 0.000000 0.000000 0.000000 0.000000 0.000000 0.000000 0.000000 0.000000 0.000000 0.000000 0.000000 0.000000 0.000000 0.000000 0.000000 0.000000 0.000000 0.000000 0.000000 0.000000 0.000000 0.000000 0.000000 0.000000 0.000000 0.000000 0.000000 0.000000 0.000000 0.000000 0.000000 0.000000 0.000000 0.000000 0.000000 0.000000 0.000000 0.000000 0.000000 0.000000 0.000000 0.000000 0.000000 0.000000 0.000000 0.000000 0.000000 0.000000 0.000000 0.000000 0.000000 0.000000 0.000000 0.000000 0.000000 0.000000 0.000000 0.000000 0.000000 0.000000 0.000000 0.000000 0.000000 0.000000 0.000000 0.000000 0.000000 0.000000 0.000000 0.000000 0.000000 0.000000 0.000000 0.000000 0.000000 0.000000 0.000000 0.000000 0.000000 0.000000 0.000000 0.000000 0.000000 0.000000 0.000000 0.000000 0.000000 0.000000 0.000000 0.000000 0.000000 0.000000 
0.098524 0.960489 0.507583 0.000000 0.000000 0.000000 0.000000 0.000000 0.000000 0.000000 0.000000 0.000000 0.297004 0.036460 0.248398 0.000000 0.000000 0.000000 0.000000 0.000000 0.000000 0.000000 0.000000 0.000000 0.886705 0.549636 0.978476 0.000000 0.000000 0.000000 0.000000 0.000000 0.000000 0.000000 0.000000 0.000000 0.284197 0.702502 0.185172 0.000000 0.000000 0.000000 0.000000 0.000000 0.000000 0.000000 0.000000 0.000000 0.629990 0.761813 0.686223 0.000000 0.000000 0.000000 0.000000 0.000000 0.000000 0.000000 0.000000 0.000000 0.507279 0.527343 0.848500 0.000000 0.000000 0.000000 0.000000 0.000000 0.000000 0.000000 0.000000 0.000000 0.000000 0.000000 0.000000 0.000000 0.000000 0.000000 0.000000 0.000000 0.000000 0.000000 0.000000 0.000000 0.000000 0.000000 0.000000 0.000000 0.000000 0.000000 0.000000 0.000000 0.000000 0.000000 0.000000 0.000000 0.000000 0.000000 0.000000 0.000000 0.000000 0.000000 0.000000 0.000000 0.000000 0.000000 0.000000 0.000000 0.000000 0.000000 0.000000 0.000000 0.000000 0.000000 0.000000 0.000000 0.000000 0.000000 0.000000 0.000000 0.000000 0.000000 0.000000 0.000000 0.000000 0.000000 0.000000 0.000000 0.000000 0.000000 0.000000 0.000000 0.000000 0.000000 0.000000 0.000000 0.000000 0.000000 0.000000 0.000000 0.000000 0.000000 0.000000 0.000000 0.000000 0.000000 0.000000 0.000000 0.000000 0.000000 0.000000 0.000000 0.000000 0.000000 0.000000 0.000000 0.000000 0.000000 0.000000 0.000000 0.000000 0.000000 0.000000 0.000000 0.000000 0.000000 0.000000 0.000000 0.000000 0.000000 0.000000 0.000000 0.000000 0.000000 0.000000 0.000000 0.000000 0.000000 0.000000 0.000000 0.000000 0.000000 0.000000 0.000000 0.000000 0.000000 0.000000 0.000000 0.000000 0.000000 0.000000 0.000000 0.000000 0.000000 0.000000 0.000000 0.000000 0.000000 0.000000 0.000000 0.000000 0.000000 0.000000 0.000000 0.000000 0.000000 0.000000 0.000000 0.000000 0.000000 0.000000 0.000000 0.000000 0.000000 0.000000 0.000000 
0.831292 0.815274 0.496722 0.000000 0.000000 0.000000 0.000000 0.000000 0.000000 0.000000 0.000000 0.000000 0.526698 0.927216 0.724749 0.000000 0.000000 0.000000 0.000000 0.000000 0.000000 0.000000 0.000000 0.000000 0.608564 0.699112 0.290783 0.000000 0.000000 0.000000 0.000000 0.000000 0.000000 0.000000 0.000000 0.000000 0.670467 0.912952 0.758816 0.000000 0.000000 0.000000 0.000000 0.000000 0.000000 0.000000 0.000000 0.000000 0.258189 0.617876 0.935090 0.000000 0.000000 0.000000 0.000000 0.000000 0.000000 0.000000 0.000000 0.000000 0.213476 0.223925 0.711848 0.000000 0.000000 0.000000 0.000000 0.000000 0.000000 0.000000 0.000000 0.000000 0.000000 0.000000 0.000000 0.000000 0.000000 0.000000 0.000000 0.000000 0.000000 0.000000 0.000000 0.000000 0.000000 0.000000 0.000000 0.000000 0.000000 0.000000 0.000000 0.000000 0.000000 0.000000 0.000000 0.000000 0.000000 0.000000 0.000000 0.000000 0.000000 0.000000 0.000000 0.000000 0.000000 0.000000 0.000000 0.000000 0.000000 0.000000 0.000000 0.000000 0.000000 0.000000 0.000000 0.000000 0.000000 0.000000 0.000000 0.000000 0.000000 0.000000 0.000000 0.000000 0.000000 0.000000 0.000000 0.000000 0.000000 0.000000 0.000000 0.000000 0.000000 0.000000 0.000000 0.000000 0.000000 0.000000 0.000000 0.000000 0.000000 0.000000 0.000000 0.000000 0.000000 0.000000 0.000000 0.000000 0.000000 0.000000 0.000000 0.000000 0.000000 0.000000 0.000000 0.000000 0.000000 0.000000 0.000000 0.000000 0.000000 0.000000 0.000000 0.000000 0.000000 0.000000 0.000000 0.000000 0.000000 0.000000 0.000000 0.000000 0.000000 0.000000 0.000000 0.000000 0.000000 0.000000 0.000000 0.000000 0.000000 0.000000 0.000000 0.000000 0.000000 0.000000 0.000000 0.000000 0.000000 0.000000 0.000000 0.000000 0.000000 0.000000 0.000000 0.000000 0.000000 0.000000 0.000000 0.000000 0.000000 0.000000 0.000000 0.000000 0.000000 0.000000 0.000000 0.000000 0.000000 0.000000 0.000000 0.000000 0.000000 0.000000 0.000000 0.000000 
0.830779 0.964704 0.464765 0.000000 0.000000 0.000000 0.000000 0.000000 0.000000 0.000000 0.000000 0.000000 0.716462 0.124058 0.352915 0.000000 0.000000 0.000000 0.000000 0.000000 0.000000 0.000000 0.000000 0.000000 0.703631 0.556564 0.192994 0.000000 0.000000 0.000000 0.000000 0.000000 0.000000 0.000000 0.000000 0.000000 0.282963 0.822480 0.462820 0.000000 0.000000 0.000000 0.000000 0.000000 0.000000 0.000000 0.000000 0.000000 0.065312 0.135931 0.237931 0.000000 0.000000 0.000000 0.000000 0.000000 0.000000 0.000000 0.000000 0.000000 0.125463 0.458663 0.035332 0.000000 0.000000 0.000000 0.000000 0.000000 0.000000 0.000000 0.000000 0.000000 0.000000 0.000000 0.000000 0.000000 0.000000 0.000000 0.000000 0.000000 0.000000 0.000000 0.000000 0.000000 0.000000 0.000000 0.000000 0.000000 0.000000 0.000000 0.000000 0.000000 0.000000 0.000000 0.000000 0.000000 0.000000 0.000000 0.000000 0.000000 0.000000 0.000000 0.000000 0.000000 0.000000 0.000000 0.000000 0.000000 0.000000 0.000000 0.000000 0.000000 0.000000 0.000000 0.000000 0.000000 0.000000 0.000000 0.000000 0.000000 0.000000 0.000000 0.000000 0.000000 0.000000 0.000000 0.000000 0.000000 0.000000 0.000000 0.000000 0.000000 0.000000 0.000000 0.000000 0.000000 0.000000 0.000000 0.000000 0.000000 0.000000 0.000000 0.000000 0.000000 0.000000 0.000000 0.000000 0.000000 0.000000 0.000000 0.000000 0.000000 0.000000 0.000000 0.000000 0.000000 0.000000 0.000000 0.000000 0.000000 0.000000 0.000000 0.000000 0.000000 0.000000 0.000000 0.000000 0.000000 0.000000 0.000000 0.000000 0.000000 0.000000 0.000000 0.000000 0.000000 0.000000 0.000000 0.000000 0.000000 0.000000 0.000000 0.000000 0.000000 0.000000 0.000000 0.000000 0.000000 0.000000 0.000000 0.000000 0.000000 0.000000 0.000000 0.000000 0.000000 0.000000 0.000000 0.000000 0.000000 0.000000 0.000000 0.000000 0.000000 0.000000 0.000000 0.000000 0.000000 0.000000 0.000000 0.000000 0.000000 0.000000 0.000000 0.000000 0.000000 
0.728440 0.445171 0.971011 0.000000 0.000000 0.000000 0.000000 0.000000 0.000000 0.000000 0.000000 0.000000 0.556697 0.219446 0.028108 0.000000 0.000000 0.000000 0.000000 0.000000 0.000000 0.000000 0.000000 0.000000 0.747776 0.868316 0.728267 0.000000 0.000000 0.000000 0.000000 0.000000 0.000000 0.000000 0.000000 0.000000 0.976077 0.419269 0.148191 0.000000 0.000000 0.000000 0.000000 0.000000 0.000000 0.000000 0.000000 0.000000 0.454147 0.190383 0.567770 0.000000 0.000000 0.000000 0.000000 0.000000 0.000000 0.000000 0.000000 0.000000 0.276432 0.884072 0.313832 0.000000 0.000000 0.000000 0.000000 0.000000 0.000000 0.000000 0.000000 0.000000 0.000000 0.000000 0.000000 0.000000 0.000000 0.000000 0.000000 0.000000 0.000000 0.000000 0.000000 0.000000 0.000000 0.000000 0.000000 0.000000 0.000000 0.000000 0.000000 0.000000 0.000000 0.000000 0.000000 0.000000 0.000000 0.000000 0.000000 0.000000 0.000000 0.000000 0.000000 0.000000 0.000000 0.000000 0.000000 0.000000 0.000000 0.000000 0.000000 0.000000 0.000000 0.000000 0.000000 0.000000 0.000000 0.000000 0.000000 0.000000 0.000000 0.000000 0.000000 0.000000 0.000000 0.000000 0.000000 0.000000 0.000000 0.000000 0.000000 0.000000 0.000000 0.000000 0.000000 0.000000 0.000000 0.000000 0.000000 0.000000 0.000000 0.000000 0.000000 0.000000 0.000000 0.000000 0.000000 0.000000 0.000000 0.000000 0.000000 0.000000 0.000000 0.000000 0.000000 0.000000 0.000000 0.000000 0.000000 0.000000 0.000000 0.000000 0.000000 0.000000 0.000000 0.000000 0.000000 0.000000 0.000000 0.000000 0.000000 0.000000 0.000000 0.000000 0.000000 0.000000 0.000000 0.000000 0.000000 0.000000 0.000000 0.000000 0.000000 0.000000 0.000000 0.000000 0.000000 0.000000 0.000000 0.000000 0.000000 0.000000 0.000000 0.000000 0.000000 0.000000 0.000000 0.000000 0.000000 0.000000 0.000000 0.000000 0.000000 0.000000 0.000000 0.000000 0.000000 0.000000 0.000000 0.000000 0.000000 0.000000 0.000000 0.000000 0.000000 0.000000 
0.380847 0.818931 0.358774 0.000000 0.000000 0.000000 0.000000 0.000000 0.000000 0.000000 0.000000 0.000000 0.842087 0.276283 0.166173 0.000000 0.000000 0.000000 0.000000 0.000000 0.000000 0.000000 0.000000 0.000000 0.511578 0.864116 0.503812 0.000000 0.000000 0.000000 0.000000 0.000000 0.000000 0.000000 0.000000 0.000000 0.815312 0.297365 0.513588 0.000000 0.000000 0.000000 0.000000 0.000000 0.000000 0.000000 0.000000 0.000000 0.385403 0.468271 0.396053 0.000000 0.000000 0.000000 0.000000 0.000000 0.000000 0.000000 0.000000 0.000000 0.403825 0.540134 0.254165 0.000000 0.000000 0.000000 0.000000 0.000000 0.000000 0.000000 0.000000 0.000000 0.000000 0.000000 0.000000 0.000000 0.000000 0.000000 0.000000 0.000000 0.000000 0.000000 0.000000 0.000000 0.000000 0.000000 0.000000 0.000000 0.000000 0.000000 0.000000 0.000000 0.000000 0.000000 0.000000 0.000000 0.000000 0.000000 0.000000 0.000000 0.000000 0.000000 0.000000 0.000000 0.000000 0.000000 0.000000 0.000000 0.000000 0.000000 0.000000 0.000000 0.000000 0.000000 0.000000 0.000000 0.000000 0.000000 0.000000 0.000000 0.000000 0.000000 0.000000 0.000000 0.000000 0.000000 0.000000 0.000000 0.000000 0.000000 0.000000 0.000000 0.000000 0.000000 0.000000 0.000000 0.000000 0.000000 0.000000 0.000000 0.000000 0.000000 0.000000 0.000000 0.000000 0.000000 0.000000 0.000000 0.000000 0.000000 0.000000 0.000000 0.000000 0.000000 0.000000 0.000000 0.000000 0.000000 0.000000 0.000000 0.000000 0.000000 0.000000 0.000000 0.000000 0.000000 0.000000 0.000000 0.000000 0.000000 0.000000 0.000000 0.000000 0.000000 0.000000 0.000000 0.000000 0.000000 0.000000 0.000000 0.000000 0.000000 0.000000 0.000000 0.000000 0.000000 0.000000 0.000000 0.000000 0.000000 0.000000 0.000000 0.000000 0.000000 0.000000 0.000000 0.000000 0.000000 0.000000 0.000000 0.000000 0.000000 0.000000 0.000000 0.000000 0.000000 0.000000 0.000000 0.000000 0.000000 0.000000 0.000000 0.000000 0.000000 0.000000 0.000000 
0.452489 0.439128 0.925937 0.000000 0.000000 0.000000 0.000000 0.000000 0.000000 0.000000 0.000000 0.000000 0.250514 0.405708 0.070587 0.000000 0.000000 0.000000 0.000000 0.000000 0.000000 0.000000 0.000000 0.000000 0.259245 0.520703 0.545193 0.000000 0.000000 0.000000 0.000000 0.000000 0.000000 0.000000 0.000000 0.000000 0.505394 0.937958 0.804405 0.000000 0.000000 0.000000 0.000000 0.000000 0.000000 0.000000 0.000000 0.000000 0.139755 0.125346 0.466995 0.000000 0.000000 0.000000 0.000000 0.000000 0.000000 0.000000 0.000000 0.000000 0.780959 0.958514 0.159609 0.000000 0.000000 0.000000 0.000000 0.000000 0.000000 0.000000 0.000000 0.000000 0.000000 0.000000 0.000000 0.000000 0.000000 0.000000 0.000000 0.000000 0.000000 0.000000 0.000000 0.000000 0.000000 0.000000 0.000000 0.000000 0.000000 0.000000 0.000000 0.000000 0.000000 0.000000 0.000000 0.000000 0.000000 0.000000 0.000000 0.000000 0.000000 0.000000 0.000000 0.000000 0.000000 0.000000 0.000000 0.000000 0.000000 0.000000 0.000000 0.000000 0.000000 0.000000 0.000000 0.000000 0.000000 0.000000 0.000000 0.000000 0.000000 0.000000 0.000000 0.000000 0.000000 0.000000 0.000000 0.000000 0.000000 0.000000 0.000000 0.000000 0.000000 0.000000 0.000000 0.000000 0.000000 0.000000 0.000000 0.000000 0.000000 0.000000 0.000000 0.000000 0.000000 0.000000 0.000000 0.000000 0.000000 0.000000 0.000000 0.000000 0.000000 0.000000 0.000000 0.000000 0.000000 0.000000 0.000000 0.000000 0.000000 0.000000 0.000000 0.000000 0.000000 0.000000 0.000000 0.000000 0.000000 0.000000 0.000000 0.000000 0.000000 0.000000 0.000000 0.000000 0.000000 0.000000 0.000000 0.000000 0.000000 0.000000 0.000000 0.000000 0.000000 0.000000 0.000000 0.000000 0.000000 0.000000 0.000000 0.000000 0.000000 0.000000 0.000000 0.000000 0.000000 0.000000 0.000000 0.000000 0.000000 0.000000 0.000000 0.000000 0.000000 0.000000 0.000000 0.000000 0.000000 0.000000 0.000000 0.000000 0.000000 0.000000 0.000000 0.000000 
0.015057 0.467587 0.534280 0.000000 0.000000 0.000000 0.000000 0.000000 0.000000 0.000000 0.000000 0.000000 0.556107 0.261940 0.913377 0.000000 0.000000 0.000000 0.000000 0.000000 0.000000 0.000000 0.000000 0.000000 0.325443 0.283699 0.398833 0.000000 0.000000 0.000000 0.000000 0.000000 0.000000 0.000000 0.000000 0.000000 0.080863 0.408338 0.786856 0.000000 0.000000 0.000000 0.000000 0.000000 0.000000 0.000000 0.000000 0.000000 0.872217 0.212073 0.393248 0.000000 0.000000 0.000000 0.000000 0.000000 0.000000 0.000000 0.000000 0.000000 0.385160 0.065616 0.897154 0.000000 0.000000 0.000000 0.000000 0.000000 0.000000 0.000000 0.000000 0.000000 0.000000 0.000000 0.000000 0.000000 0.000000 0.000000 0.000000 0.000000 0.000000 0.000000 0.000000 0.000000 0.000000 0.000000 0.000000 0.000000 0.000000 0.000000 0.000000 0.000000 0.000000 0.000000 0.000000 0.000000 0.000000 0.000000 0.000000 0.000000 0.000000 0.000000 0.000000 0.000000 0.000000 0.000000 0.000000 0.000000 0.000000 0.000000 0.000000 0.000000 0.000000 0.000000 0.000000 0.000000 0.000000 0.000000 0.000000 0.000000 0.000000 0.000000 0.000000 0.000000 0.000000 0.000000 0.000000 0.000000 0.000000 0.000000 0.000000 0.000000 0.000000 0.000000 0.000000 0.000000 0.000000 0.000000 0.000000 0.000000 0.000000 0.000000 0.000000 0.000000 0.000000 0.000000 0.000000 0.000000 0.000000 0.000000 0.000000 0.000000 0.000000 0.000000 0.000000 0.000000 0.000000 0.000000 0.000000 0.000000 0.000000 0.000000 0.000000 0.000000 0.000000 0.000000 0.000000 0.000000 0.000000 0.000000 0.000000 0.000000 0.000000 0.000000 0.000000 0.000000 0.000000 0.000000 0.000000 0.000000 0.000000 0.000000 0.000000 0.000000 0.000000 0.000000 0.000000 0.000000 0.000000 0.000000 0.000000 0.000000 0.000000 0.000000 0.000000 0.000000 0.000000 0.000000 0.000000 0.000000 0.000000 0.000000 0.000000 0.000000 0.000000 0.000000 0.000000 0.000000 0.000000 0.000000 0.000000 0.000000 0.000000 0.000000 0.000000 0.000000 
0.026181 0.114352 0.036761 0.000000 0.000000 0.000000 0.000000 0.000000 0.000000 0.000000 0.000000 0.000000 0.315506 0.102613 0.627729 0.000000 0.000000 0.000000 0.000000 0.000000 0.000000 0.000000 0.000000 0.000000 0.759068 0.698749 0.239946 0.000000 0.000000 0.000000 0.000000 0.000000 0.000000 0.000000 0.000000 0.000000 0.257373 0.313825 0.821241 0.000000 0.000000 0.000000 0.000000 0.000000 0.000000 0.000000 0.000000 0.000000 0.420949 0.696366 0.444503 0.000000 0.000000 0.000000 0.000000 0.000000 0.000000 0.000000 0.000000 0.000000 0.914095 0.026113 0.151434 0.000000 0.000000 0.000000 0.000000 0.000000 0.000000 0.000000 0.000000 0.000000 0.000000 0.000000 0.000000 0.000000 0.000000 0.000000 0.000000 0.000000 0.000000 0.000000 0.000000 0.000000 0.000000 0.000000 0.000000 0.000000 0.000000 0.000000 0.000000 0.000000 0.000000 0.000000 0.000000 0.000000 0.000000 0.000000 0.000000 0.000000 0.000000 0.000000 0.000000 0.000000 0.000000 0.000000 0.000000 0.000000 0.000000 0.000000 0.000000 0.000000 0.000000 0.000000 0.000000 0.000000 0.000000 0.000000 0.000000 0.000000 0.000000 0.000000 0.000000 0.000000 0.000000 0.000000 0.000000 0.000000 0.000000 0.000000 0.000000 0.000000 0.000000 0.000000 0.000000 0.000000 0.000000 0.000000 0.000000 0.000000 0.000000 0.000000 0.000000 0.000000 0.000000 0.000000 0.000000 0.000000 0.000000 0.000000 0.000000 0.000000 0.000000 0.000000 0.000000 0.000000 0.000000 0.000000 0.000000 0.000000 0.000000 0.000000 0.000000 0.000000 0.000000 0.000000 0.000000 0.000000 0.000000 0.000000 0.000000 0.000000 0.000000 0.000000 0.000000 0.000000 0.000000 0.000000 0.000000 0.000000 0.000000 0.000000 0.000000 0.000000 0.000000 0.000000 0.000000 0.000000 0.000000 0.000000 0.000000 0.000000 0.000000 0.000000 0.000000 0.000000 0.000000 0.000000 0.000000 0.000000 0.000000 0.000000 0.000000 0.000000 0.000000 0.000000 0.000000 0.000000 0.000000 0.000000 0.000000 0.000000 0.000000 0.000000 0.000000 0.000000 
0.136846 0.016931 0.659436 0.000000 0.000000 0.000000 0.000000 0.000000 0.000000 0.000000 0.000000 0.000000 0.476542 0.332576 0.848987 0.000000 0.000000 0.000000 0.000000 0.000000 0.000000 0.000000 0.000000 0.000000 0.483204 0.869865 0.122629 0.000000 0.000000 0.000000 0.000000 0.000000 0.000000 0.000000 0.000000 0.000000 0.892918 0.920668 0.171118 0.000000 0.000000 0.000000 0.000000 0.000000 0.000000 0.000000 0.000000 0.000000 0.819758 0.001037 0.665741 0.000000 0.000000 0.000000 0.000000 0.000000 0.000000 0.000000 0.000000 0.000000 0.099540 0.944956 0.102062 0.000000 0.000000 0.000000 0.000000 0.000000 0.000000 0.000000 0.000000 0.000000 0.000000 0.000000 0.000000 0.000000 0.000000 0.000000 0.000000 0.000000 0.000000 0.000000 0.000000 0.000000 0.000000 0.000000 0.000000 0.000000 0.000000 0.000000 0.000000 0.000000 0.000000 0.000000 0.000000 0.000000 0.000000 0.000000 0.000000 0.000000 0.000000 0.000000 0.000000 0.000000 0.000000 0.000000 0.000000 0.000000 0.000000 0.000000 0.000000 0.000000 0.000000 0.000000 0.000000 0.000000 0.000000 0.000000 0.000000 0.000000 0.000000 0.000000 0.000000 0.000000 0.000000 0.000000 0.000000 0.000000 0.000000 0.000000 0.000000 0.000000 0.000000 0.000000 0.000000 0.000000 0.000000 0.000000 0.000000 0.000000 0.000000 0.000000 0.000000 0.000000 0.000000 0.000000 0.000000 0.000000 0.000000 0.000000 0.000000 0.000000 0.000000 0.000000 0.000000 0.000000 0.000000 0.000000 0.000000 0.000000 0.000000 0.000000 0.000000 0.000000 0.000000 0.000000 0.000000 0.000000 0.000000 0.000000 0.000000 0.000000 0.000000 0.000000 0.000000 0.000000 0.000000 0.000000 0.000000 0.000000 0.000000 0.000000 0.000000 0.000000 0.000000 0.000000 0.000000 0.000000 0.000000 0.000000 0.000000 0.000000 0.000000 0.000000 0.000000 0.000000 0.000000 0.000000 0.000000 0.000000 0.000000 0.000000 0.000000 0.000000 0.000000 0.000000 0.000000 0.000000 0.000000 0.000000 0.000000 0.000000 0.000000 0.000000 0.000000 0.000000 
0.931731 0.984891 0.000000 0.000000 0.000000 0.000000 0.000000 0.000000 0.000000 0.000000 0.000000 0.000000 0.507623 0.452420 0.000000 0.000000 0.000000 0.000000 0.000000 0.000000 0.000000 0.000000 0.000000 0.000000 0.764369 0.284144 0.000000 0.000000 0.000000 0.000000 0.000000 0.000000 0.000000 0.000000 0.000000 0.000000 0.621910 0.037287 0.000000 0.000000 0.000000 0.000000 0.000000 0.000000 0.000000 0.000000 0.000000 0.000000 0.884765 0.232269 0.000000 0.000000 0.000000 0.000000 0.000000 0.000000 0.000000 0.000000 0.000000 0.000000 0.710788 0.571455 0.000000 0.000000 0.000000 0.000000 0.000000 0.000000 0.000000 0.000000 0.000000 0.000000 0.000000 0.000000 0.000000 0.000000 0.000000 0.000000 0.000000 0.000000 0.000000 0.000000 0.000000 0.000000 0.000000 0.000000 0.000000 0.000000 0.000000 0.000000 0.000000 0.000000 0.000000 0.000000 0.000000 0.000000 0.000000 0.000000 0.000000 0.000000 0.000000 0.000000 0.000000 0.000000 0.000000 0.000000 0.000000 0.000000 0.000000 0.000000 0.000000 0.000000 0.000000 0.000000 0.000000 0.000000 0.000000 0.000000 0.000000 0.000000 0.000000 0.000000 0.000000 0.000000 0.000000 0.000000 0.000000 0.000000 0.000000 0.000000 0.000000 0.000000 0.000000 0.000000 0.000000 0.000000 0.000000 0.000000 0.000000 0.000000 0.000000 0.000000 0.000000 0.000000 0.000000 0.000000 0.000000 0.000000 0.000000 0.000000 0.000000 0.000000 0.000000 0.000000 0.000000 0.000000 0.000000 0.000000 0.000000 0.000000 0.000000 0.000000 0.000000 0.000000 0.000000 0.000000 0.000000 0.000000 0.000000 0.000000 0.000000 0.000000 0.000000 0.000000 0.000000 0.000000 0.000000 0.000000 0.000000 0.000000 0.000000 0.000000 0.000000 0.000000 0.000000 0.000000 0.000000 0.000000 0.000000 0.000000 0.000000 0.000000 0.000000 0.000000 0.000000 0.000000 0.000000 0.000000 0.000000 0.000000 0.000000 0.000000 0.000000 0.000000 0.000000 0.000000 0.000000 0.000000 0.000000 0.000000 0.000000 0.000000 0.000000 0.000000 0.000000 0.000000 
0.861905 0.333529 0.000000 0.000000 0.000000 0.000000 0.000000 0.000000 0.000000 0.000000 0.000000 0.000000 0.101573 0.710174 0.000000 0.000000 0.000000 0.000000 0.000000 0.000000 0.000000 0.000000 0.000000 0.000000 0.919677 0.900761 0.000000 0.000000 0.000000 0.000000 0.000000 0.000000 0.000000 0.000000 0.000000 0.000000 0.407030 0.649076 0.000000 0.000000 0.000000 0.000000 0.000000 0.000000 0.000000 0.000000 0.000000 0.000000 0.847622 0.814445 0.000000 0.000000 0.000000 0.000000 0.000000 0.000000 0.000000 0.000000 0.000000 0.000000 0.187369 0.590483 0.000000 0.000000 0.000000 0.000000 0.000000 0.000000 0.000000 0.000000 0.000000 0.000000 0.000000 0.000000 0.000000 0.000000 0.000000 0.000000 0.000000 0.000000 0.000000 0.000000 0.000000 0.000000 0.000000 0.000000 0.000000 0.000000 0.000000 0.000000 0.000000 0.000000 0.000000 0.000000 0.000000 0.000000 0.000000 0.000000 0.000000 0.000000 0.000000 0.000000 0.000000 0.000000 0.000000 0.000000 0.000000 0.000000 0.000000 0.000000 0.000000 0.000000 0.000000 0.000000 0.000000 0.000000 0.000000 0.000000 0.000000 0.000000 0.000000 0.000000 0.000000 0.000000 0.000000 0.000000 0.000000 0.000000 0.000000 0.000000 0.000000 0.000000 0.000000 0.000000 0.000000 0.000000 0.000000 0.000000 0.000000 0.000000 0.000000 0.000000 0.000000 0.000000 0.000000 0.000000 0.000000 0.000000 0.000000 0.000000 0.000000 0.000000 0.000000 0.000000 0.000000 0.000000 0.000000 0.000000 0.000000 0.000000 0.000000 0.000000 0.000000 0.000000 0.000000 0.000000 0.000000 0.000000 0.000000 0.000000 0.000000 0.000000 0.000000 0.000000 0.000000 0.000000 0.000000 0.000000 0.000000 0.000000 0.000000 0.000000 0.000000 0.000000 0.000000 0.000000 0.000000 0.000000 0.000000 0.000000 0.000000 0.000000 0.000000 0.000000 0.000000 0.000000 0.000000 0.000000 0.000000 0.000000 0.000000 0.000000 0.000000 0.000000 0.000000 0.000000 0.000000 0.000000 0.000000 0.000000 0.000000 0.000000 0.000000 0.000000 0.000000 0.000000 
0.966093 0.163028 0.000000 0.000000 0.000000 0.000000 0.000000 0.000000 0.000000 0.000000 0.000000 0.000000 0.685514 0.088817 0.000000 0.000000 0.000000 0.000000 0.000000 0.000000 0.000000 0.000000 0.000000 0.000000 0.992856 0.556957 0.000000 0.000000 0.000000 0.000000 0.000000 0.000000 0.000000 0.000000 0.000000 0.000000 0.641506 0.844964 0.000000 0.000000 0.000000 0.000000 0.000000 0.000000 0.000000 0.000000 0.000000 0.000000 0.136624 0.748236 0.000000 0.000000 0.000000 0.000000 0.000000 0.000000 0.000000 0.000000 0.000000 0.000000 0.203887 0.798805 0.000000 0.000000 0.000000 0.000000 0.000000 0.000000 0.000000 0.000000 0.000000 0.000000 0.000000 0.000000 0.000000 0.000000 0.000000 0.000000 0.000000 0.000000 0.000000 0.000000 0.000000 0.000000 0.000000 0.000000 0.000000 0.000000 0.000000 0.000000 0.000000 0.000000 0.000000 0.000000 0.000000 0.000000 0.000000 0.000000 0.000000 0.000000 0.000000 0.000000 0.000000 0.000000 0.000000 0.000000 0.000000 0.000000 0.000000 0.000000 0.000000 0.000000 0.000000 0.000000 0.000000 0.000000 0.000000 0.000000 0.000000 0.000000 0.000000 0.000000 0.000000 0.000000 0.000000 0.000000 0.000000 0.000000 0.000000 0.000000 0.000000 0.000000 0.000000 0.000000 0.000000 0.000000 0.000000 0.000000 0.000000 0.000000 0.000000 0.000000 0.000000 0.000000 0.000000 0.000000 0.000000 0.000000 0.000000 0.000000 0.000000 0.000000 0.000000 0.000000 0.000000 0.000000 0.000000 0.000000 0.000000 0.000000 0.000000 0.000000 0.000000 0.000000 0.000000 0.000000 0.000000 0.000000 0.000000 0.000000 0.000000 0.000000 0.000000 0.000000 0.000000 0.000000 0.000000 0.000000 0.000000 0.000000 0.000000 0.000000 0.000000 0.000000 0.000000 0.000000 0.000000 0.000000 0.000000 0.000000 0.000000 0.000000 0.000000 0.000000 0.000000 0.000000 0.000000 0.000000 0.000000 0.000000 0.000000 0.000000 0.000000 0.000000 0.000000 0.000000 0.000000 0.000000 0.000000 0.000000 0.000000 0.000000 0.000000 0.000000 0.000000 0.000000 
0.299780 0.403161 0.000000 0.000000 0.000000 0.000000 0.000000 0.000000 0.000000 0.000000 0.000000 0.000000 0.969753 0.316928 0.000000 0.000000 0.000000 0.000000 0.000000 0.000000 0.000000 0.000000 0.000000 0.000000 0.998390 0.177029 0.000000 0.000000 0.000000 0.000000 0.000000 0.000000 0.000000 0.000000 0.000000 0.000000 0.949603 0.048124 0.000000 0.000000 0.000000 0.000000 0.000000 0.000000 0.000000 0.000000 0.000000 0.000000 0.947667 0.165106 0.000000 0.000000 0.000000 0.000000 0.000000 0.000000 0.000000 0.000000 0.000000 0.000000 0.145973 0.151839 0.000000 0.000000 0.000000 0.000000 0.000000 0.000000 0.000000 0.000000 0.000000 0.000000 0.000000 0.000000 0.000000 0.000000 0.000000 0.000000 0.000000 0.000000 0.000000 0.000000 0.000000 0.000000 0.000000 0.000000 0.000000 0.000000 0.000000 0.000000 0.000000 0.000000 0.000000 0.000000 0.000000 0.000000 0.000000 0.000000 0.000000 0.000000 0.000000 0.000000 0.000000 0.000000 0.000000 0.000000 0.000000 0.000000 0.000000 0.000000 0.000000 0.000000 0.000000 0.000000 0.000000 0.000000 0.000000 0.000000 0.000000 0.000000 0.000000 0.000000 0.000000 0.000000 0.000000 0.000000 0.000000 0.000000 0.000000 0.000000 0.000000 0.000000 0.000000 0.000000 0.000000 0.000000 0.000000 0.000000 0.000000 0.000000 0.000000 0.000000 0.000000 0.000000 0.000000 0.000000 0.000000 0.000000 0.000000 0.000000 0.000000 0.000000 0.000000 0.000000 0.000000 0.000000 0.000000 0.000000 0.000000 0.000000 0.000000 0.000000 0.000000 0.000000 0.000000 0.000000 0.000000 0.000000 0.000000 0.000000 0.000000 0.000000 0.000000 0.000000 0.000000 0.000000 0.000000 0.000000 0.000000 0.000000 0.000000 0.000000 0.000000 0.000000 0.000000 0.000000 0.000000 0.000000 0.000000 0.000000 0.000000 0.000000 0.000000 0.000000 0.000000 0.000000 0.000000 0.000000 0.000000 0.000000 0.000000 0.000000 0.000000 0.000000 0.000000 0.000000 0.000000 0.000000 0.000000 0.000000 0.000000 0.000000 0.000000 0.000000 0.000000 0.000000 
0.642986 0.449752 0.000000 0.000000 0.000000 0.000000 0.000000 0.000000 0.000000 0.000000 0.000000 0.000000 0.035976 0.237630 0.000000 0.000000 0.000000 0.000000 0.000000 0.000000 0.000000 0.000000 0.000000 0.000000 0.301015 0.561588 0.000000 0.000000 0.000000 0.000000 0.000000 0.000000 0.000000 0.000000 0.000000 0.000000 0.616738 0.433103 0.000000 0.000000 0.000000 0.000000 0.000000 0.000000 0.000000 0.000000 0.000000 0.000000 0.780739 0.936225 0.000000 0.000000 0.000000 0.000000 0.000000 0.000000 0.000000 0.000000 0.000000 0.000000 0.678318 0.446323 0.000000 0.000000 0.000000 0.000000 0.000000 0.000000 0.000000 0.000000 0.000000 0.000000 0.000000 0.000000 0.000000 0.000000 0.000000 0.000000 0.000000 0.000000 0.000000 0.000000 0.000000 0.000000 0.000000 0.000000 0.000000 0.000000 0.000000 0.000000 0.000000 0.000000 0.000000 0.000000 0.000000 0.000000 0.000000 0.000000 0.000000 0.000000 0.000000 0.000000 0.000000 0.000000 0.000000 0.000000 0.000000 0.000000 0.000000 0.000000 0.000000 0.000000 0.000000 0.000000 0.000000 0.000000 0.000000 0.000000 0.000000 0.000000 0.000000 0.000000 0.000000 0.000000 0.000000 0.000000 0.000000 0.000000 0.000000 0.000000 0.000000 0.000000 0.000000 0.000000 0.000000 0.000000 0.000000 0.000000 0.000000 0.000000 0.000000 0.000000 0.000000 0.000000 0.000000 0.000000 0.000000 0.000000 0.000000 0.000000 0.000000 0.000000 0.000000 0.000000 0.000000 0.000000 0.000000 0.000000 0.000000 0.000000 0.000000 0.000000 0.000000 0.000000 0.000000 0.000000 0.000000 0.000000 0.000000 0.000000 0.000000 0.000000 0.000000 0.000000 0.000000 0.000000 0.000000 0.000000 0.000000 0.000000 0.000000 0.000000 0.000000 0.000000 0.000000 0.000000 0.000000 0.000000 0.000000 0.000000 0.000000 0.000000 0.000000 0.000000 0.000000 0.000000 0.000000 0.000000 0.000000 0.000000 0.000000 0.000000 0.000000 0.000000 0.000000 0.000000 0.000000 0.000000 0.000000 0.000000 0.000000 0.000000 0.000000 0.000000 0.000000 0.000000 
0.924289 0.100876 0.000000 0.000000 0.000000 0.000000 0.000000 0.000000 0.000000 0.000000 0.000000 0.000000 0.412148 0.493320 0.000000 0.000000 0.000000 0.000000 0.000000 0.000000 0.000000 0.000000 0.000000 0.000000 0.091500 0.570828 0.000000 0.000000 0.000000 0.000000 0.000000 0.000000 0.000000 0.000000 0.000000 0.000000 0.216152 0.357614 0.000000 0.000000 0.000000 0.000000 0.000000 0.000000 0.000000 0.000000 0.000000 0.000000 0.967464 0.102803 0.000000 0.000000 0.000000 0.000000 0.000000 0.000000 0.000000 0.000000 0.000000 0.000000 0.923095 0.499185 0.000000 0.000000 0.000000 0.000000 0.000000 0.000000 0.000000 0.000000 0.000000 0.000000 0.000000 0.000000 0.000000 0.000000 0.000000 0.000000 0.000000 0.000000 0.000000 0.000000 0.000000 0.000000 0.000000 0.000000 0.000000 0.000000 0.000000 0.000000 0.000000 0.000000 0.000000 0.000000 0.000000 0.000000 0.000000 0.000000 0.000000 0.000000 0.000000 0.000000 0.000000 0.000000 0.000000 0.000000 0.000000 0.000000 0.000000 0.000000 0.000000 0.000000 0.000000 0.000000 0.000000 0.000000 0.000000 0.000000 0.000000 0.000000 0.000000 0.000000 0.000000 0.000000 0.000000 0.000000 0.000000 0.000000 0.000000 0.000000 0.000000 0.000000 0.000000 0.000000 0.000000 0.000000 0.000000 0.000000 0.000000 0.000000 0.000000 0.000000 0.000000 0.000000 0.000000 0.000000 0.000000 0.000000 0.000000 0.000000 0.000000 0.000000 0.000000 0.000000 0.000000 0.000000 0.000000 0.000000 0.000000 0.000000 0.000000 0.000000 0.000000 0.000000 0.000000 0.000000 0.000000 0.000000 0.000000 0.000000 0.000000 0.000000 0.000000 0.000000 0.000000 0.000000 0.000000 0.000000 0.000000 0.000000 0.000000 0.000000 0.000000 0.000000 0.000000 0.000000 0.000000 0.000000 0.000000 0.000000 0.000000 0.000000 0.000000 0.000000 0.000000 0.000000 0.000000 0.000000 0.000000 0.000000 0.000000 0.000000 0.000000 0.000000 0.000000 0.000000 0.000000 0.000000 0.000000 0.000000 0.000000 0.000000 0.000000 0.000000 0.000000 0.000000 
0.849258 0.756538 0.000000 0.000000 0.000000 0.000000 0.000000 0.000000 0.000000 0.000000 0.000000 0.000000 0.070578 0.942635 0.000000 0.000000 0.000000 0.000000 0.000000 0.000000 0.000000 0.000000 0.000000 0.000000 0.504339 0.508778 0.000000 0.000000 0.000000 0.000000 0.000000 0.000000 0.000000 0.000000 0.000000 0.000000 0.596220 0.464080 0.000000 0.000000 0.000000 0.000000 0.000000 0.000000 0.000000 0.000000 0.000000 0.000000 0.278045 0.444913 0.000000 0.000000 0.000000 0.000000 0.000000 0.000000 0.000000 0.000000 0.000000 0.000000 0.436534 0.933655 0.000000 0.000000 0.000000 0.000000 0.000000 0.000000 0.000000 0.000000 0.000000 0.000000 0.000000 0.000000 0.000000 0.000000 0.000000 0.000000 0.000000 0.000000 0.000000 0.000000 0.000000 0.000000 0.000000 0.000000 0.000000 0.000000 0.000000 0.000000 0.000000 0.000000 0.000000 0.000000 0.000000 0.000000 0.000000 0.000000 0.000000 0.000000 0.000000 0.000000 0.000000 0.000000 0.000000 0.000000 0.000000 0.000000 0.000000 0.000000 0.000000 0.000000 0.000000 0.000000 0.000000 0.000000 0.000000 0.000000 0.000000 0.000000 0.000000 0.000000 0.000000 0.000000 0.000000 0.000000 0.000000 0.000000 0.000000 0.000000 0.000000 0.000000 0.000000 0.000000 0.000000 0.000000 0.000000 0.000000 0.000000 0.000000 0.000000 0.000000 0.000000 0.000000 0.000000 0.000000 0.000000 0.000000 0.000000 0.000000 0.000000 0.000000 0.000000 0.000000 0.000000 0.000000 0.000000 0.000000 0.000000 0.000000 0.000000 0.000000 0.000000 0.000000 0.000000 0.000000 0.000000 0.000000 0.000000 0.000000 0.000000 0.000000 0.000000 0.000000 0.000000 0.000000 0.000000 0.000000 0.000000 0.000000 0.000000 0.000000 0.000000 0.000000 0.000000 0.000000 0.000000 0.000000 0.000000 0.000000 0.000000 0.000000 0.000000 0.000000 0.000000 0.000000 0.000000 0.000000 0.000000 0.000000 0.000000 0.000000 0.000000 0.000000 0.000000 0.000000 0.000000 0.000000 0.000000 0.000000 0.000000 0.000000 0.000000 0.000000 0.000000 0.000000 
0.698138 0.940439 0.000000 0.000000 0.000000 0.000000 0.000000 0.000000 0.000000 0.000000 0.000000 0.000000 0.313978 0.868259 0.000000 0.000000 0.000000 0.000000 0.000000 0.000000 0.000000 0.000000 0.000000 0.000000 0.342190 0.767137 0.000000 0.000000 0.000000 0.000000 0.000000 0.000000 0.000000 0.000000 0.000000 0.000000 0.193273 0.509505 0.000000 0.000000 0.000000 0.000000 0.000000 0.000000 0.000000 0.000000 0.000000 0.000000 0.572467 0.247398 0.000000 0.000000 0.000000 0.000000 0.000000 0.000000 0.000000 0.000000 0.000000 0.000000 0.948500 0.631203 0.000000 0.000000 0.000000 0.000000 0.000000 0.000000 0.000000 0.000000 0.000000 0.000000 0.000000 0.000000 0.000000 0.000000 0.000000 0.000000 0.000000 0.000000 0.000000 0.000000 0.000000 0.000000 0.000000 0.000000 0.000000 0.000000 0.000000 0.000000 0.000000 0.000000 0.000000 0.000000 0.000000 0.000000 0.000000 0.000000 0.000000 0.000000 0.000000 0.000000 0.000000 0.000000 0.000000 0.000000 0.000000 0.000000 0.000000 0.000000 0.000000 0.000000 0.000000 0.000000 0.000000 0.000000 0.000000 0.000000 0.000000 0.000000 0.000000 0.000000 0.000000 0.000000 0.000000 0.000000 0.000000 0.000000 0.000000 0.000000 0.000000 0.000000 0.000000 0.000000 0.000000 0.000000 0.000000 0.000000 0.000000 0.000000 0.000000 0.000000 0.000000 0.000000 0.000000 0.000000 0.000000 0.000000 0.000000 0.000000 0.000000 0.000000 0.000000 0.000000 0.000000 0.000000 0.000000 0.000000 0.000000 0.000000 0.000000 0.000000 0.000000 0.000000 0.000000 0.000000 0.000000 0.000000 0.000000 0.000000 0.000000 0.000000 0.000000 0.000000 0.000000 0.000000 0.000000 0.000000 0.000000 0.000000 0.000000 0.000000 0.000000 0.000000 0.000000 0.000000 0.000000 0.000000 0.000000 0.000000 0.000000 0.000000 0.000000 0.000000 0.000000 0.000000 0.000000 0.000000 0.000000 0.000000 0.000000 0.000000 0.000000 0.000000 0.000000 0.000000 0.000000 0.000000 0.000000 0.000000 0.000000 0.000000 0.000000 0.000000 0.000000 0.000000 
0.568060 0.118352 0.000000 0.000000 0.000000 0.000000 0.000000 0.000000 0.000000 0.000000 0.000000 0.000000 0.751598 0.870782 0.000000 0.000000 0.000000 0.000000 0.000000 0.000000 0.000000 0.000000 0.000000 0.000000 0.218197 0.292981 0.000000 0.000000 0.000000 0.000000 0.000000 0.000000 0.000000 0.000000 0.000000 0.000000 0.094917 0.636848 0.000000 0.000000 0.000000 0.000000 0.000000 0.000000 0.000000 0.000000 0.000000 0.000000 0.147061 0.111372 0.000000 0.000000 0.000000 0.000000 0.000000 0.000000 0.000000 0.000000 0.000000 0.000000 0.871927 0.726387 0.000000 0.000000 0.000000 0.000000 0.000000 0.000000 0.000000 0.000000 0.000000 0.000000 0.000000 0.000000 0.000000 0.000000 0.000000 0.000000 0.000000 0.000000 0.000000 0.000000 0.000000 0.000000 0.000000 0.000000 0.000000 0.000000 0.000000 0.000000 0.000000 0.000000 0.000000 0.000000 0.000000 0.000000 0.000000 0.000000 0.000000 0.000000 0.000000 0.000000 0.000000 0.000000 0.000000 0.000000 0.000000 0.000000 0.000000 0.000000 0.000000 0.000000 0.000000 0.000000 0.000000 0.000000 0.000000 0.000000 0.000000 0.000000 0.000000 0.000000 0.000000 0.000000 0.000000 0.000000 0.000000 0.000000 0.000000 0.000000 0.000000 0.000000 0.000000 0.000000 0.000000 0.000000 0.000000 0.000000 0.000000 0.000000 0.000000 0.000000 0.000000 0.000000 0.000000 0.000000 0.000000 0.000000 0.000000 0.000000 0.000000 0.000000 0.000000 0.000000 0.000000 0.000000 0.000000 0.000000 0.000000 0.000000 0.000000 0.000000 0.000000 0.000000 0.000000 0.000000 0.000000 0.000000 0.000000 0.000000 0.000000 0.000000 0.000000 0.000000 0.000000 0.000000 0.000000 0.000000 0.000000 0.000000 0.000000 0.000000 0.000000 0.000000 0.000000 0.000000 0.000000 0.000000 0.000000 0.000000 0.000000 0.000000 0.000000 0.000000 0.000000 0.000000 0.000000 0.000000 0.000000 0.000000 0.000000 0.000000 0.000000 0.000000 0.000000 0.000000 0.000000 0.000000 0.000000 0.000000 0.000000 0.000000 0.000000 0.000000 0.000000 0.000000 
0.769221 0.392828 0.000000 0.000000 0.000000 0.000000 0.000000 0.000000 0.000000 0.000000 0.000000 0.000000 0.777378 0.001572 0.000000 0.000000 0.000000 0.000000 0.000000 0.000000 0.000000 0.000000 0.000000 0.000000 0.890181 0.985825 0.000000 0.000000 0.000000 0.000000 0.000000 0.000000 0.000000 0.000000 0.000000 0.000000 0.012467 0.678790 0.000000 0.000000 0.000000 0.000000 0.000000 0.000000 0.000000 0.000000 0.000000 0.000000 0.324039 0.976235 0.000000 0.000000 0.000000 0.000000 0.000000 0.000000 0.000000 0.000000 0.000000 0.000000 0.373411 0.180235 0.000000 0.000000 0.000000 0.000000 0.000000 0.000000 0.000000 0.000000 0.000000 0.000000 0.000000 0.000000 0.000000 0.000000 0.000000 0.000000 0.000000 0.000000 0.000000 0.000000 0.000000 0.000000 0.000000 0.000000 0.000000 0.000000 0.000000 0.000000 0.000000 0.000000 0.000000 0.000000 0.000000 0.000000 0.000000 0.000000 0.000000 0.000000 0.000000 0.000000 0.000000 0.000000 0.000000 0.000000 0.000000 0.000000 0.000000 0.000000 0.000000 0.000000 0.000000 0.000000 0.000000 0.000000 0.000000 0.000000 0.000000 0.000000 0.000000 0.000000 0.000000 0.000000 0.000000 0.000000 0.000000 0.000000 0.000000 0.000000 0.000000 0.000000 0.000000 0.000000 0.000000 0.000000 0.000000 0.000000 0.000000 0.000000 0.000000 0.000000 0.000000 0.000000 0.000000 0.000000 0.000000 0.000000 0.000000 0.000000 0.000000 0.000000 0.000000 0.000000 0.000000 0.000000 0.000000 0.000000 0.000000 0.000000 0.000000 0.000000 0.000000 0.000000 0.000000 0.000000 0.000000 0.000000 0.000000 0.000000 0.000000 0.000000 0.000000 0.000000 0.000000 0.000000 0.000000 0.000000 0.000000 0.000000 0.000000 0.000000 0.000000 0.000000 0.000000 0.000000 0.000000 0.000000 0.000000 0.000000 0.000000 0.000000 0.000000 0.000000 0.000000 0.000000 0.000000 0.000000 0.000000 0.000000 0.000000 0.000000 0.000000 0.000000 0.000000 0.000000 0.000000 0.000000 0.000000 0.000000 0.000000 0.000000 0.000000 0.000000 0.000000 0.000000 
0.756841 0.424817 0.000000 0.000000 0.000000 0.000000 0.000000 0.000000 0.000000 0.000000 0.000000 0.000000 0.870456 0.617571 0.000000 0.000000 0.000000 0.000000 0.000000 0.000000 0.000000 0.000000 0.000000 0.000000 0.830125 0.561984 0.000000 0.000000 0.000000 0.000000 0.000000 0.000000 0.000000 0.000000 0.000000 0.000000 0.163681 0.763875 0.000000 0.000000 0.000000 0.000000 0.000000 0.000000 0.000000 0.000000 0.000000 0.000000 0.560636 0.147094 0.000000 0.000000 0.000000 0.000000 0.000000 0.000000 0.000000 0.000000 0.000000 0.000000 0.965937 0.897271 0.000000 0.000000 0.000000 0.000000 0.000000 0.000000 0.000000 0.000000 0.000000 0.000000 0.000000 0.000000 0.000000 0.000000 0.000000 0.000000 0.000000 0.000000 0.000000 0.000000 0.000000 0.000000 0.000000 0.000000 0.000000 0.000000 0.000000 0.000000 0.000000 0.000000 0.000000 0.000000 0.000000 0.000000 0.000000 0.000000 0.000000 0.000000 0.000000 0.000000 0.000000 0.000000 0.000000 0.000000 0.000000 0.000000 0.000000 0.000000 0.000000 0.000000 0.000000 0.000000 0.000000 0.000000 0.000000 0.000000 0.000000 0.000000 0.000000 0.000000 0.000000 0.000000 0.000000 0.000000 0.000000 0.000000 0.000000 0.000000 0.000000 0.000000 0.000000 0.000000 0.000000 0.000000 0.000000 0.000000 0.000000 0.000000 0.000000 0.000000 0.000000 0.000000 0.000000 0.000000 0.000000 0.000000 0.000000 0.000000 0.000000 0.000000 0.000000 0.000000 0.000000 0.000000 0.000000 0.000000 0.000000 0.000000 0.000000 0.000000 0.000000 0.000000 0.000000 0.000000 0.000000 0.000000 0.000000 0.000000 0.000000 0.000000 0.000000 0.000000 0.000000 0.000000 0.000000 0.000000 0.000000 0.000000 0.000000 0.000000 0.000000 0.000000 0.000000 0.000000 0.000000 0.000000 0.000000 0.000000 0.000000 0.000000 0.000000 0.000000 0.000000 0.000000 0.000000 0.000000 0.000000 0.000000 0.000000 0.000000 0.000000 0.000000 0.000000 0.000000 0.000000 0.000000 0.000000 0.000000 0.000000 0.000000 0.000000 0.000000 0.000000 0.000000 
0.021012 0.585483 0.000000 0.000000 0.000000 0.000000 0.000000 0.000000 0.000000 0.000000 0.000000 0.000000 0.340412 0.065967 0.000000 0.000000 0.000000 0.000000 0.000000 0.000000 0.000000 0.000000 0.000000 0.000000 0.852830 0.764288 0.000000 0.000000 0.000000 0.000000 0.000000 0.000000 0.000000 0.000000 0.000000 0.000000 0.085554 0.231439 0.000000 0.000000 0.000000 0.000000 0.000000 0.000000 0.000000 0.000000 0.000000 0.000000 0.864276 0.541913 0.000000 0.000000 0.000000 0.000000 0.000000 0.000000 0.000000 0.000000 0.000000 0.000000 0.406837 0.137450 0.000000 0.000000 0.000000 0.000000 0.000000 0.000000 0.000000 0.000000 0.000000 0.000000 0.000000 0.000000 0.000000 0.000000 0.000000 0.000000 0.000000 0.000000 0.000000 0.000000 0.000000 0.000000 0.000000 0.000000 0.000000 0.000000 0.000000 0.000000 0.000000 0.000000 0.000000 0.000000 0.000000 0.000000 0.000000 0.000000 0.000000 0.000000 0.000000 0.000000 0.000000 0.000000 0.000000 0.000000 0.000000 0.000000 0.000000 0.000000 0.000000 0.000000 0.000000 0.000000 0.000000 0.000000 0.000000 0.000000 0.000000 0.000000 0.000000 0.000000 0.000000 0.000000 0.000000 0.000000 0.000000 0.000000 0.000000 0.000000 0.000000 0.000000 0.000000 0.000000 0.000000 0.000000 0.000000 0.000000 0.000000 0.000000 0.000000 0.000000 0.000000 0.000000 0.000000 0.000000 0.000000 0.000000 0.000000 0.000000 0.000000 0.000000 0.000000 0.000000 0.000000 0.000000 0.000000 0.000000 0.000000 0.000000 0.000000 0.000000 0.000000 0.000000 0.000000 0.000000 0.000000 0.000000 0.000000 0.000000 0.000000 0.000000 0.000000 0.000000 0.000000 0.000000 0.000000 0.000000 0.000000 0.000000 0.000000 0.000000 0.000000 0.000000 0.000000 0.000000 0.000000 0.000000 0.000000 0.000000 0.000000 0.000000 0.000000 0.000000 0.000000 0.000000 0.000000 0.000000 0.000000 0.000000 0.000000 0.000000 0.000000 0.000000 0.000000 0.000000 0.000000 0.000000 0.000000 0.000000 0.000000 0.000000 0.000000 0.000000 0.000000 0.000000 
0.742832 0.306805 0.000000 0.000000 0.000000 0.000000 0.000000 0.000000 0.000000 0.000000 0.000000 0.000000 0.806997 0.584804 0.000000 0.000000 0.000000 0.000000 0.000000 0.000000 0.000000 0.000000 0.000000 0.000000 0.893831 0.404120 0.000000 0.000000 0.000000 0.000000 0.000000 0.000000 0.000000 0.000000 0.000000 0.000000 0.437797 0.014727 0.000000 0.000000 0.000000 0.000000 0.000000 0.000000 0.000000 0.000000 0.000000 0.000000 0.558478 0.545568 0.000000 0.000000 0.000000 0.000000 0.000000 0.000000 0.000000 0.000000 0.000000 0.000000 0.154326 0.848305 0.000000 0.000000 0.000000 0.000000 0.000000 0.000000 0.000000 0.000000 0.000000 0.000000 0.000000 0.000000 0.000000 0.000000 0.000000 0.000000 0.000000 0.000000 0.000000 0.000000 0.000000 0.000000 0.000000 0.000000 0.000000 0.000000 0.000000 0.000000 0.000000 0.000000 0.000000 0.000000 0.000000 0.000000 0.000000 0.000000 0.000000 0.000000 0.000000 0.000000 0.000000 0.000000 0.000000 0.000000 0.000000 0.000000 0.000000 0.000000 0.000000 0.000000 0.000000 0.000000 0.000000 0.000000 0.000000 0.000000 0.000000 0.000000 0.000000 0.000000 0.000000 0.000000 0.000000 0.000000 0.000000 0.000000 0.000000 0.000000 0.000000 0.000000 0.000000 0.000000 0.000000 0.000000 0.000000 0.000000 0.000000 0.000000 0.000000 0.000000 0.000000 0.000000 0.000000 0.000000 0.000000 0.000000 0.000000 0.000000 0.000000 0.000000 0.000000 0.000000 0.000000 0.000000 0.000000 0.000000 0.000000 0.000000 0.000000 0.000000 0.000000 0.000000 0.000000 0.000000 0.000000 0.000000 0.000000 0.000000 0.000000 0.000000 0.000000 0.000000 0.000000 0.000000 0.000000 0.000000 0.000000 0.000000 0.000000 0.000000 0.000000 0.000000 0.000000 0.000000 0.000000 0.000000 0.000000 0.000000 0.000000 0.000000 0.000000 0.000000 0.000000 0.000000 0.000000 0.000000 0.000000 0.000000 0.000000 0.000000 0.000000 0.000000 0.000000 0.000000 0.000000 0.000000 0.000000 0.000000 0.000000 0.000000 0.000000 0.000000 0.000000 0.000000 
0.886719 0.504214 0.000000 0.000000 0.000000 0.000000 0.000000 0.000000 0.000000 0.000000 0.000000 0.000000 0.988242 0.065951 0.000000 0.000000 0.000000 0.000000 0.000000 0.000000 0.000000 0.000000 0.000000 0.000000 0.243319 0.214712 0.000000 0.000000 0.000000 0.000000 0.000000 0.000000 0.000000 0.000000 0.000000 0.000000 0.432551 0.334515 0.000000 0.000000 0.000000 0.000000 0.000000 0.000000 0.000000 0.000000 0.000000 0.000000 0.658377 0.293812 0.000000 0.000000 0.000000 0.000000 0.000000 0.000000 0.000000 0.000000 0.000000 0.000000 0.438825 0.289241 0.000000 0.000000 0.000000 0.000000 0.000000 0.000000 0.000000 0.000000 0.000000 0.000000 0.000000 0.000000 0.000000 0.000000 0.000000 0.000000 0.000000 0.000000 0.000000 0.000000 0.000000 0.000000 0.000000 0.000000 0.000000 0.000000 0.000000 0.000000 0.000000 0.000000 0.000000 0.000000 0.000000 0.000000 0.000000 0.000000 0.000000 0.000000 0.000000 0.000000 0.000000 0.000000 0.000000 0.000000 0.000000 0.000000 0.000000 0.000000 0.000000 0.000000 0.000000 0.000000 0.000000 0.000000 0.000000 0.000000 0.000000 0.000000 0.000000 0.000000 0.000000 0.000000 0.000000 0.000000 0.000000 0.000000 0.000000 0.000000 0.000000 0.000000 0.000000 0.000000 0.000000 0.000000 0.000000 0.000000 0.000000 0.000000 0.000000 0.000000 0.000000 0.000000 0.000000 0.000000 0.000000 0.000000 0.000000 0.000000 0.000000 0.000000 0.000000 0.000000 0.000000 0.000000 0.000000 0.000000 0.000000 0.000000 0.000000 0.000000 0.000000 0.000000 0.000000 0.000000 0.000000 0.000000 0.000000 0.000000 0.000000 0.000000 0.000000 0.000000 0.000000 0.000000 0.000000 0.000000 0.000000 0.000000 0.000000 0.000000 0.000000 0.000000 0.000000 0.000000 0.000000 0.000000 0.000000 0.000000 0.000000 0.000000 0.000000 0.000000 0.000000 0.000000 0.000000 0.000000 0.000000 0.000000 0.000000 0.000000 0.000000 0.000000 0.000000 0.000000 0.000000 0.000000 0.000000 0.000000 0.000000 0.000000 0.000000 0.000000 0.000000 0.000000 
0.041816 0.938249 0.000000 0.000000 0.000000 0.000000 0.000000 0.000000 0.000000 0.000000 0.000000 0.000000 0.581422 0.850835 0.000000 0.000000 0.000000 0.000000 0.000000 0.000000 0.000000 0.000000 0.000000 0.000000 0.216648 0.830970 0.000000 0.000000 0.000000 0.000000 0.000000 0.000000 0.000000 0.000000 0.000000 0.000000 0.044447 0.613021 0.000000 0.000000 0.000000 0.000000 0.000000 0.000000 0.000000 0.000000 0.000000 0.000000 0.370331 0.271258 0.000000 0.000000 0.000000 0.000000 0.000000 0.000000 0.000000 0.000000 0.000000 0.000000 0.802117 0.063606 0.000000 0.000000 0.000000 0.000000 0.000000 0.000000 0.000000 0.000000 0.000000 0.000000 0.000000 0.000000 0.000000 0.000000 0.000000 0.000000 0.000000 0.000000 0.000000 0.000000 0.000000 0.000000 0.000000 0.000000 0.000000 0.000000 0.000000 0.000000 0.000000 0.000000 0.000000 0.000000 0.000000 0.000000 0.000000 0.000000 0.000000 0.000000 0.000000 0.000000 0.000000 0.000000 0.000000 0.000000 0.000000 0.000000 0.000000 0.000000 0.000000 0.000000 0.000000 0.000000 0.000000 0.000000 0.000000 0.000000 0.000000 0.000000 0.000000 0.000000 0.000000 0.000000 0.000000 0.000000 0.000000 0.000000 0.000000 0.000000 0.000000 0.000000 0.000000 0.000000 0.000000 0.000000 0.000000 0.000000 0.000000 0.000000 0.000000 0.000000 0.000000 0.000000 0.000000 0.000000 0.000000 0.000000 0.000000 0.000000 0.000000 0.000000 0.000000 0.000000 0.000000 0.000000 0.000000 0.000000 0.000000 0.000000 0.000000 0.000000 0.000000 0.000000 0.000000 0.000000 0.000000 0.000000 0.000000 0.000000 0.000000 0.000000 0.000000 0.000000 0.000000 0.000000 0.000000 0.000000 0.000000 0.000000 0.000000 0.000000 0.000000 0.000000 0.000000 0.000000 0.000000 0.000000 0.000000 0.000000 0.000000 0.000000 0.000000 0.000000 0.000000 0.000000 0.000000 0.000000 0.000000 0.000000 0.000000 0.000000 0.000000 0.000000 0.000000 0.000000 0.000000 0.000000 0.000000 0.000000 0.000000 0.000000 0.000000 0.000000 0.000000 0.000000 
0.180448 0.901961 0.000000 0.000000 0.000000 0.000000 0.000000 0.000000 0.000000 0.000000 0.000000 0.000000 0.404809 0.945686 0.000000 0.000000 0.000000 0.000000 0.000000 0.000000 0.000000 0.000000 0.000000 0.000000 0.429391 0.282543 0.000000 0.000000 0.000000 0.000000 0.000000 0.000000 0.000000 0.000000 0.000000 0.000000 0.168965 0.994804 0.000000 0.000000 0.000000 0.000000 0.000000 0.000000 0.000000 0.000000 0.000000 0.000000 0.883580 0.610117 0.000000 0.000000 0.000000 0.000000 0.000000 0.000000 0.000000 0.000000 0.000000 0.000000 0.272308 0.945253 0.000000 0.000000 0.000000 0.000000 0.000000 0.000000 0.000000 0.000000 0.000000 0.000000 0.000000 0.000000 0.000000 0.000000 0.000000 0.000000 0.000000 0.000000 0.000000 0.000000 0.000000 0.000000 0.000000 0.000000 0.000000 0.000000 0.000000 0.000000 0.000000 0.000000 0.000000 0.000000 0.000000 0.000000 0.000000 0.000000 0.000000 0.000000 0.000000 0.000000 0.000000 0.000000 0.000000 0.000000 0.000000 0.000000 0.000000 0.000000 0.000000 0.000000 0.000000 0.000000 0.000000 0.000000 0.000000 0.000000 0.000000 0.000000 0.000000 0.000000 0.000000 0.000000 0.000000 0.000000 0.000000 0.000000 0.000000 0.000000 0.000000 0.000000 0.000000 0.000000 0.000000 0.000000 0.000000 0.000000 0.000000 0.000000 0.000000 0.000000 0.000000 0.000000 0.000000 0.000000 0.000000 0.000000 0.000000 0.000000 0.000000 0.000000 0.000000 0.000000 0.000000 0.000000 0.000000 0.000000 0.000000 0.000000 0.000000 0.000000 0.000000 0.000000 0.000000 0.000000 0.000000 0.000000 0.000000 0.000000 0.000000 0.000000 0.000000 0.000000 0.000000 0.000000 0.000000 0.000000 0.000000 0.000000 0.000000 0.000000 0.000000 0.000000 0.000000 0.000000 0.000000 0.000000 0.000000 0.000000 0.000000 0.000000 0.000000 0.000000 0.000000 0.000000 0.000000 0.000000 0.000000 0.000000 0.000000 0.000000 0.000000 0.000000 0.000000 0.000000 0.000000 0.000000 0.000000 0.000000 0.000000 0.000000 0.000000 0.000000 0.000000 0.000000 
0.556094 0.893906 0.000000 0.000000 0.000000 0.000000 0.000000 0.000000 0.000000 0.000000 0.000000 0.000000 0.131093 0.230231 0.000000 0.000000 0.000000 0.000000 0.000000 0.000000 0.000000 0.000000 0.000000 0.000000 0.194412 0.633189 0.000000 0.000000 0.000000 0.000000 0.000000 0.000000 0.000000 0.000000 0.000000 0.000000 0.630738 0.355152 0.000000 0.000000 0.000000 0.000000 0.000000 0.000000 0.000000 0.000000 0.000000 0.000000 0.737169 0.565301 0.000000 0.000000 0.000000 0.000000 0.000000 0.000000 0.000000 0.000000 0.000000 0.000000 0.441972 0.318375 0.000000 0.000000 0.000000 0.000000 0.000000 0.000000 0.000000 0.000000 0.000000 0.000000 0.000000 0.000000 0.000000 0.000000 0.000000 0.000000 0.000000 0.000000 0.000000 0.000000 0.000000 0.000000 0.000000 0.000000 0.000000 0.000000 0.000000 0.000000 0.000000 0.000000 0.000000 0.000000 0.000000 0.000000 0.000000 0.000000 0.000000 0.000000 0.000000 0.000000 0.000000 0.000000 0.000000 0.000000 0.000000 0.000000 0.000000 0.000000 0.000000 0.000000 0.000000 0.000000 0.000000 0.000000 0.000000 0.000000 0.000000 0.000000 0.000000 0.000000 0.000000 0.000000 0.000000 0.000000 0.000000 0.000000 0.000000 0.000000 0.000000 0.000000 0.000000 0.000000 0.000000 0.000000 0.000000 0.000000 0.000000 0.000000 0.000000 0.000000 0.000000 0.000000 0.000000 0.000000 0.000000 0.000000 0.000000 0.000000 0.000000 0.000000 0.000000 0.000000 0.000000 0.000000 0.000000 0.000000 0.000000 0.000000 0.000000 0.000000 0.000000 0.000000 0.000000 0.000000 0.000000 0.000000 0.000000 0.000000 0.000000 0.000000 0.000000 0.000000 0.000000 0.000000 0.000000 0.000000 0.000000 0.000000 0.000000 0.000000 0.000000 0.000000 0.000000 0.000000 0.000000 0.000000 0.000000 0.000000 0.000000 0.000000 0.000000 0.000000 0.000000 0.000000 0.000000 0.000000 0.000000 0.000000 0.000000 0.000000 0.000000 0.000000 0.000000 0.000000 0.000000 0.000000 0.000000 0.000000 0.000000 0.000000 0.000000 0.000000 0.000000 0.000000 
0.052579 0.176928 0.000000 0.000000 0.000000 0.000000 0.000000 0.000000 0.000000 0.000000 0.000000 0.000000 0.244662 0.031797 0.000000 0.000000 0.000000 0.000000 0.000000 0.000000 0.000000 0.000000 0.000000 0.000000 0.631414 0.438034 0.000000 0.000000 0.000000 0.000000 0.000000 0.000000 0.000000 0.000000 0.000000 0.000000 0.480860 0.834634 0.000000 0.000000 0.000000 0.000000 0.000000 0.000000 0.000000 0.000000 0.000000 0.000000 0.875781 0.573493 0.000000 0.000000 0.000000 0.000000 0.000000 0.000000 0.000000 0.000000 0.000000 0.000000 0.932470 0.888162 0.000000 0.000000 0.000000 0.000000 0.000000 0.000000 0.000000 0.000000 0.000000 0.000000 0.000000 0.000000 0.000000 0.000000 0.000000 0.000000 0.000000 0.000000 0.000000 0.000000 0.000000 0.000000 0.000000 0.000000 0.000000 0.000000 0.000000 0.000000 0.000000 0.000000 0.000000 0.000000 0.000000 0.000000 0.000000 0.000000 0.000000 0.000000 0.000000 0.000000 0.000000 0.000000 0.000000 0.000000 0.000000 0.000000 0.000000 0.000000 0.000000 0.000000 0.000000 0.000000 0.000000 0.000000 0.000000 0.000000 0.000000 0.000000 0.000000 0.000000 0.000000 0.000000 0.000000 0.000000 0.000000 0.000000 0.000000 0.000000 0.000000 0.000000 0.000000 0.000000 0.000000 0.000000 0.000000 0.000000 0.000000 0.000000 0.000000 0.000000 0.000000 0.000000 0.000000 0.000000 0.000000 0.000000 0.000000 0.000000 0.000000 0.000000 0.000000 0.000000 0.000000 0.000000 0.000000 0.000000 0.000000 0.000000 0.000000 0.000000 0.000000 0.000000 0.000000 0.000000 0.000000 0.000000 0.000000 0.000000 0.000000 0.000000 0.000000 0.000000 0.000000 0.000000 0.000000 0.000000 0.000000 0.000000 0.000000 0.000000 0.000000 0.000000 0.000000 0.000000 0.000000 0.000000 0.000000 0.000000 0.000000 0.000000 0.000000 0.000000 0.000000 0.000000 0.000000 0.000000 0.000000 0.000000 0.000000 0.000000 0.000000 0.000000 0.000000 0.000000 0.000000 0.000000 0.000000 0.000000 0.000000 0.000000 0.000000 0.000000 0.000000 0.000000 
0.466057 0.479854 0.000000 0.000000 0.000000 0.000000 0.000000 0.000000 0.000000 0.000000 0.000000 0.000000 0.558393 0.019182 0.000000 0.000000 0.000000 0.000000 0.000000 0.000000 0.000000 0.000000 0.000000 0.000000 0.778833 0.225576 0.000000 0.000000 0.000000 0.000000 0.000000 0.000000 0.000000 0.000000 0.000000 0.000000 0.157157 0.927290 0.000000 0.000000 0.000000 0.000000 0.000000 0.000000 0.000000 0.000000 0.000000 0.000000 0.190250 0.111574 0.000000 0.000000 0.000000 0.000000 0.000000 0.000000 0.000000 0.000000 0.000000 0.000000 0.060847 0.893424 0.000000 0.000000 0.000000 0.000000 0.000000 0.000000 0.000000 0.000000 0.000000 0.000000 0.000000 0.000000 0.000000 0.000000 0.000000 0.000000 0.000000 0.000000 0.000000 0.000000 0.000000 0.000000 0.000000 0.000000 0.000000 0.000000 0.000000 0.000000 0.000000 0.000000 0.000000 0.000000 0.000000 0.000000 0.000000 0.000000 0.000000 0.000000 0.000000 0.000000 0.000000 0.000000 0.000000 0.000000 0.000000 0.000000 0.000000 0.000000 0.000000 0.000000 0.000000 0.000000 0.000000 0.000000 0.000000 0.000000 0.000000 0.000000 0.000000 0.000000 0.000000 0.000000 0.000000 0.000000 0.000000 0.000000 0.000000 0.000000 0.000000 0.000000 0.000000 0.000000 0.000000 0.000000 0.000000 0.000000 0.000000 0.000000 0.000000 0.000000 0.000000 0.000000 0.000000 0.000000 0.000000 0.000000 0.000000 0.000000 0.000000 0.000000 0.000000 0.000000 0.000000 0.000000 0.000000 0.000000 0.000000 0.000000 0.000000 0.000000 0.000000 0.000000 0.000000 0.000000 0.000000 0.000000 0.000000 0.000000 0.000000 0.000000 0.000000 0.000000 0.000000 0.000000 0.000000 0.000000 0.000000 0.000000 0.000000 0.000000 0.000000 0.000000 0.000000 0.000000 0.000000 0.000000 0.000000 0.000000 0.000000 0.000000 0.000000 0.000000 0.000000 0.000000 0.000000 0.000000 0.000000 0.000000 0.000000 0.000000 0.000000 0.000000 0.000000 0.000000 0.000000 0.000000 0.000000 0.000000 0.000000 0.000000 0.000000 0.000000 0.000000 0.000000 
0.238803 0.191161 0.000000 0.000000 0.000000 0.000000 0.000000 0.000000 0.000000 0.000000 0.000000 0.000000 0.367711 0.148406 0.000000 0.000000 0.000000 0.000000 0.000000 0.000000 0.000000 0.000000 0.000000 0.000000 0.311062 0.288849 0.000000 0.000000 0.000000 0.000000 0.000000 0.000000 0.000000 0.000000 0.000000 0.000000 0.145061 0.188889 0.000000 0.000000 0.000000 0.000000 0.000000 0.000000 0.000000 0.000000 0.000000 0.000000 0.315359 0.080017 0.000000 0.000000 0.000000 0.000000 0.000000 0.000000 0.000000 0.000000 0.000000 0.000000 0.855806 0.817563 0.000000 0.000000 0.000000 0.000000 0.000000 0.000000 0.000000 0.000000 0.000000 0.000000 0.000000 0.000000 0.000000 0.000000 0.000000 0.000000 0.000000 0.000000 0.000000 0.000000 0.000000 0.000000 0.000000 0.000000 0.000000 0.000000 0.000000 0.000000 0.000000 0.000000 0.000000 0.000000 0.000000 0.000000 0.000000 0.000000 0.000000 0.000000 0.000000 0.000000 0.000000 0.000000 0.000000 0.000000 0.000000 0.000000 0.000000 0.000000 0.000000 0.000000 0.000000 0.000000 0.000000 0.000000 0.000000 0.000000 0.000000 0.000000 0.000000 0.000000 0.000000 0.000000 0.000000 0.000000 0.000000 0.000000 0.000000 0.000000 0.000000 0.000000 0.000000 0.000000 0.000000 0.000000 0.000000 0.000000 0.000000 0.000000 0.000000 0.000000 0.000000 0.000000 0.000000 0.000000 0.000000 0.000000 0.000000 0.000000 0.000000 0.000000 0.000000 0.000000 0.000000 0.000000 0.000000 0.000000 0.000000 0.000000 0.000000 0.000000 0.000000 0.000000 0.000000 0.000000 0.000000 0.000000 0.000000 0.000000 0.000000 0.000000 0.000000 0.000000 0.000000 0.000000 0.000000 0.000000 0.000000 0.000000 0.000000 0.000000 0.000000 0.000000 0.000000 0.000000 0.000000 0.000000 0.000000 0.000000 0.000000 0.000000 0.000000 0.000000 0.000000 0.000000 0.000000 0.000000 0.000000 0.000000 0.000000 0.000000 0.000000 0.000000 0.000000 0.000000 0.000000 0.000000 0.000000 0.000000 0.000000 0.000000 0.000000 0.000000 0.000000 0.000000 
0.413655 0.200814 0.000000 0.000000 0.000000 0.000000 0.000000 0.000000 0.000000 0.000000 0.000000 0.000000 0.405085 0.105243 0.000000 0.000000 0.000000 0.000000 0.000000 0.000000 0.000000 0.000000 0.000000 0.000000 0.039297 0.773436 0.000000 0.000000 0.000000 0.000000 0.000000 0.000000 0.000000 0.000000 0.000000 0.000000 0.629843 0.045077 0.000000 0.000000 0.000000 0.000000 0.000000 0.000000 0.000000 0.000000 0.000000 0.000000 0.012059 0.161032 0.000000 0.000000 0.000000 0.000000 0.000000 0.000000 0.000000 0.000000 0.000000 0.000000 0.761824 0.732101 0.000000 0.000000 0.000000 0.000000 0.000000 0.000000 0.000000 0.000000 0.000000 0.000000 0.000000 0.000000 0.000000 0.000000 0.000000 0.000000 0.000000 0.000000 0.000000 0.000000 0.000000 0.000000 0.000000 0.000000 0.000000 0.000000 0.000000 0.000000 0.000000 0.000000 0.000000 0.000000 0.000000 0.000000 0.000000 0.000000 0.000000 0.000000 0.000000 0.000000 0.000000 0.000000 0.000000 0.000000 0.000000 0.000000 0.000000 0.000000 0.000000 0.000000 0.000000 0.000000 0.000000 0.000000 0.000000 0.000000 0.000000 0.000000 0.000000 0.000000 0.000000 0.000000 0.000000 0.000000 0.000000 0.000000 0.000000 0.000000 0.000000 0.000000 0.000000 0.000000 0.000000 0.000000 0.000000 0.000000 0.000000 0.000000 0.000000 0.000000 0.000000 0.000000 0.000000 0.000000 0.000000 0.000000 0.000000 0.000000 0.000000 0.000000 0.000000 0.000000 0.000000 0.000000 0.000000 0.000000 0.000000 0.000000 0.000000 0.000000 0.000000 0.000000 0.000000 0.000000 0.000000 0.000000 0.000000 0.000000 0.000000 0.000000 0.000000 0.000000 0.000000 0.000000 0.000000 0.000000 0.000000 0.000000 0.000000 0.000000 0.000000 0.000000 0.000000 0.000000 0.000000 0.000000 0.000000 0.000000 0.000000 0.000000 0.000000 0.000000 0.000000 0.000000 0.000000 0.000000 0.000000 0.000000 0.000000 0.000000 0.000000 0.000000 0.000000 0.000000 0.000000 0.000000 0.000000 0.000000 0.000000 0.000000 0.000000 0.000000 0.000000 0.000000 
0.662069 0.858395 0.000000 0.000000 0.000000 0.000000 0.000000 0.000000 0.000000 0.000000 0.000000 0.000000 0.460360 0.109539 0.000000 0.000000 0.000000 0.000000 0.000000 0.000000 0.000000 0.000000 0.000000 0.000000 0.874161 0.077982 0.000000 0.000000 0.000000 0.000000 0.000000 0.000000 0.000000 0.000000 0.000000 0.000000 0.551529 0.538076 0.000000 0.000000 0.000000 0.000000 0.000000 0.000000 0.000000 0.000000 0.000000 0.000000 0.064659 0.661451 0.000000 0.000000 0.000000 0.000000 0.000000 0.000000 0.000000 0.000000 0.000000 0.000000 0.128626 0.985765 0.000000 0.000000 0.000000 0.000000 0.000000 0.000000 0.000000 0.000000 0.000000 0.000000 0.000000 0.000000 0.000000 0.000000 0.000000 0.000000 0.000000 0.000000 0.000000 0.000000 0.000000 0.000000 0.000000 0.000000 0.000000 0.000000 0.000000 0.000000 0.000000 0.000000 0.000000 0.000000 0.000000 0.000000 0.000000 0.000000 0.000000 0.000000 0.000000 0.000000 0.000000 0.000000 0.000000 0.000000 0.000000 0.000000 0.000000 0.000000 0.000000 0.000000 0.000000 0.000000 0.000000 0.000000 0.000000 0.000000 0.000000 0.000000 0.000000 0.000000 0.000000 0.000000 0.000000 0.000000 0.000000 0.000000 0.000000 0.000000 0.000000 0.000000 0.000000 0.000000 0.000000 0.000000 0.000000 0.000000 0.000000 0.000000 0.000000 0.000000 0.000000 0.000000 0.000000 0.000000 0.000000 0.000000 0.000000 0.000000 0.000000 0.000000 0.000000 0.000000 0.000000 0.000000 0.000000 0.000000 0.000000 0.000000 0.000000 0.000000 0.000000 0.000000 0.000000 0.000000 0.000000 0.000000 0.000000 0.000000 0.000000 0.000000 0.000000 0.000000 0.000000 0.000000 0.000000 0.000000 0.000000 0.000000 0.000000 0.000000 0.000000 0.000000 0.000000 0.000000 0.000000 0.000000 0.000000 0.000000 0.000000 0.000000 0.000000 0.000000 0.000000 0.000000 0.000000 0.000000 0.000000 0.000000 0.000000 0.000000 0.000000 0.000000 0.000000 0.000000 0.000000 0.000000 0.000000 0.000000 0.000000 0.000000 0.000000 0.000000 0.000000 0.000000 
0.056121 0.128804 0.000000 0.000000 0.000000 0.000000 0.000000 0.000000 0.000000 0.000000 0.000000 0.000000 0.213810 0.135853 0.000000 0.000000 0.000000 0.000000 0.000000 0.000000 0.000000 0.000000 0.000000 0.000000 0.469778 0.889769 0.000000 0.000000 0.000000 0.000000 0.000000 0.000000 0.000000 0.000000 0.000000 0.000000 0.810013 0.927207 0.000000 0.000000 0.000000 0.000000 0.000000 0.000000 0.000000 0.000000 0.000000 0.000000 0.796980 0.428199 0.000000 0.000000 0.000000 0.000000 0.000000 0.000000 0.000000 0.000000 0.000000 0.000000 0.788372 0.184896 0.000000 0.000000 0.000000 0.000000 0.000000 0.000000 0.000000 0.000000 0.000000 0.000000 0.000000 0.000000 0.000000 0.000000 0.000000 0.000000 0.000000 0.000000 0.000000 0.000000 0.000000 0.000000 0.000000 0.000000 0.000000 0.000000 0.000000 0.000000 0.000000 0.000000 0.000000 0.000000 0.000000 0.000000 0.000000 0.000000 0.000000 0.000000 0.000000 0.000000 0.000000 0.000000 0.000000 0.000000 0.000000 0.000000 0.000000 0.000000 0.000000 0.000000 0.000000 0.000000 0.000000 0.000000 0.000000 0.000000 0.000000 0.000000 0.000000 0.000000 0.000000 0.000000 0.000000 0.000000 0.000000 0.000000 0.000000 0.000000 0.000000 0.000000 0.000000 0.000000 0.000000 0.000000 0.000000 0.000000 0.000000 0.000000 0.000000 0.000000 0.000000 0.000000 0.000000 0.000000 0.000000 0.000000 0.000000 0.000000 0.000000 0.000000 0.000000 0.000000 0.000000 0.000000 0.000000 0.000000 0.000000 0.000000 0.000000 0.000000 0.000000 0.000000 0.000000 0.000000 0.000000 0.000000 0.000000 0.000000 0.000000 0.000000 0.000000 0.000000 0.000000 0.000000 0.000000 0.000000 0.000000 0.000000 0.000000 0.000000 0.000000 0.000000 0.000000 0.000000 0.000000 0.000000 0.000000 0.000000 0.000000 0.000000 0.000000 0.000000 0.000000 0.000000 0.000000 0.000000 0.000000 0.000000 0.000000 0.000000 0.000000 0.000000 0.000000 0.000000 0.000000 0.000000 0.000000 0.000000 0.000000 0.000000 0.000000 0.000000 0.000000 0.000000 
0.893077 0.097871 0.000000 0.000000 0.000000 0.000000 0.000000 0.000000 0.000000 0.000000 0.000000 0.000000 0.590476 0.702766 0.000000 0.000000 0.000000 0.000000 0.000000 0.000000 0.000000 0.000000 0.000000 0.000000 0.857912 0.007720 0.000000 0.000000 0.000000 0.000000 0.000000 0.000000 0.000000 0.000000 0.000000 0.000000 0.928969 0.295583 0.000000 0.000000 0.000000 0.000000 0.000000 0.000000 0.000000 0.000000 0.000000 0.000000 0.516053 0.988672 0.000000 0.000000 0.000000 0.000000 0.000000 0.000000 0.000000 0.000000 0.000000 0.000000 0.029142 0.617519 0.000000 0.000000 0.000000 0.000000 0.000000 0.000000 0.000000 0.000000 0.000000 0.000000 0.000000 0.000000 0.000000 0.000000 0.000000 0.000000 0.000000 0.000000 0.000000 0.000000 0.000000 0.000000 0.000000 0.000000 0.000000 0.000000 0.000000 0.000000 0.000000 0.000000 0.000000 0.000000 0.000000 0.000000 0.000000 0.000000 0.000000 0.000000 0.000000 0.000000 0.000000 0.000000 0.000000 0.000000 0.000000 0.000000 0.000000 0.000000 0.000000 0.000000 0.000000 0.000000 0.000000 0.000000 0.000000 0.000000 0.000000 0.000000 0.000000 0.000000 0.000000 0.000000 0.000000 0.000000 0.000000 0.000000 0.000000 0.000000 0.000000 0.000000 0.000000 0.000000 0.000000 0.000000 0.000000 0.000000 0.000000 0.000000 0.000000 0.000000 0.000000 0.000000 0.000000 0.000000 0.000000 0.000000 0.000000 0.000000 0.000000 0.000000 0.000000 0.000000 0.000000 0.000000 0.000000 0.000000 0.000000 0.000000 0.000000 0.000000 0.000000 0.000000 0.000000 0.000000 0.000000 0.000000 0.000000 0.000000 0.000000 0.000000 0.000000 0.000000 0.000000 0.000000 0.000000 0.000000 0.000000 0.000000 0.000000 0.000000 0.000000 0.000000 0.000000 0.000000 0.000000 0.000000 0.000000 0.000000 0.000000 0.000000 0.000000 0.000000 0.000000 0.000000 0.000000 0.000000 0.000000 0.000000 0.000000 0.000000 0.000000 0.000000 0.000000 0.000000 0.000000 0.000000 0.000000 0.000000 0.000000 0.000000 0.000000 0.000000 0.000000 0.000000 
0.050832 0.784484 0.000000 0.000000 0.000000 0.000000 0.000000 0.000000 0.000000 0.000000 0.000000 0.000000 0.009376 0.488962 0.000000 0.000000 0.000000 0.000000 0.000000 0.000000 0.000000 0.000000 0.000000 0.000000 0.373621 0.547851 0.000000 0.000000 0.000000 0.000000 0.000000 0.000000 0.000000 0.000000 0.000000 0.000000 0.006709 0.519772 0.000000 0.000000 0.000000 0.000000 0.000000 0.000000 0.000000 0.000000 0.000000 0.000000 0.693719 0.614287 0.000000 0.000000 0.000000 0.000000 0.000000 0.000000 0.000000 0.000000 0.000000 0.000000 0.985415 0.285648 0.000000 0.000000 0.000000 0.000000 0.000000 0.000000 0.000000 0.000000 0.000000 0.000000 0.000000 0.000000 0.000000 0.000000 0.000000 0.000000 0.000000 0.000000 0.000000 0.000000 0.000000 0.000000 0.000000 0.000000 0.000000 0.000000 0.000000 0.000000 0.000000 0.000000 0.000000 0.000000 0.000000 0.000000 0.000000 0.000000 0.000000 0.000000 0.000000 0.000000 0.000000 0.000000 0.000000 0.000000 0.000000 0.000000 0.000000 0.000000 0.000000 0.000000 0.000000 0.000000 0.000000 0.000000 0.000000 0.000000 0.000000 0.000000 0.000000 0.000000 0.000000 0.000000 0.000000 0.000000 0.000000 0.000000 0.000000 0.000000 0.000000 0.000000 0.000000 0.000000 0.000000 0.000000 0.000000 0.000000 0.000000 0.000000 0.000000 0.000000 0.000000 0.000000 0.000000 0.000000 0.000000 0.000000 0.000000 0.000000 0.000000 0.000000 0.000000 0.000000 0.000000 0.000000 0.000000 0.000000 0.000000 0.000000 0.000000 0.000000 0.000000 0.000000 0.000000 0.000000 0.000000 0.000000 0.000000 0.000000 0.000000 0.000000 0.000000 0.000000 0.000000 0.000000 0.000000 0.000000 0.000000 0.000000 0.000000 0.000000 0.000000 0.000000 0.000000 0.000000 0.000000 0.000000 0.000000 0.000000 0.000000 0.000000 0.000000 0.000000 0.000000 0.000000 0.000000 0.000000 0.000000 0.000000 0.000000 0.000000 0.000000 0.000000 0.000000 0.000000 0.000000 0.000000 0.000000 0.000000 0.000000 0.000000 0.000000 0.000000 0.000000 0.000000 
0.966730 0.111869 0.000000 0.000000 0.000000 0.000000 0.000000 0.000000 0.000000 0.000000 0.000000 0.000000 0.431663 0.291344 0.000000 0.000000 0.000000 0.000000 0.000000 0.000000 0.000000 0.000000 0.000000 0.000000 0.357848 0.401726 0.000000 0.000000 0.000000 0.000000 0.000000 0.000000 0.000000 0.000000 0.000000 0.000000 0.388466 0.683346 0.000000 0.000000 0.000000 0.000000 0.000000 0.000000 0.000000 0.000000 0.000000 0.000000 0.944100 0.601694 0.000000 0.000000 0.000000 0.000000 0.000000 0.000000 0.000000 0.000000 0.000000 0.000000 0.066488 0.441167 0.000000 0.000000 0.000000 0.000000 0.000000 0.000000 0.000000 0.000000 0.000000 0.000000 0.000000 0.000000 0.000000 0.000000 0.000000 0.000000 0.000000 0.000000 0.000000 0.000000 0.000000 0.000000 0.000000 0.000000 0.000000 0.000000 0.000000 0.000000 0.000000 0.000000 0.000000 0.000000 0.000000 0.000000 0.000000 0.000000 0.000000 0.000000 0.000000 0.000000 0.000000 0.000000 0.000000 0.000000 0.000000 0.000000 0.000000 0.000000 0.000000 0.000000 0.000000 0.000000 0.000000 0.000000 0.000000 0.000000 0.000000 0.000000 0.000000 0.000000 0.000000 0.000000 0.000000 0.000000 0.000000 0.000000 0.000000 0.000000 0.000000 0.000000 0.000000 0.000000 0.000000 0.000000 0.000000 0.000000 0.000000 0.000000 0.000000 0.000000 0.000000 0.000000 0.000000 0.000000 0.000000 0.000000 0.000000 0.000000 0.000000 0.000000 0.000000 0.000000 0.000000 0.000000 0.000000 0.000000 0.000000 0.000000 0.000000 0.000000 0.000000 0.000000 0.000000 0.000000 0.000000 0.000000 0.000000 0.000000 0.000000 0.000000 0.000000 0.000000 0.000000 0.000000 0.000000 0.000000 0.000000 0.000000 0.000000 0.000000 0.000000 0.000000 0.000000 0.000000 0.000000 0.000000 0.000000 0.000000 0.000000 0.000000 0.000000 0.000000 0.000000 0.000000 0.000000 0.000000 0.000000 0.000000 0.000000 0.000000 0.000000 0.000000 0.000000 0.000000 0.000000 0.000000 0.000000 0.000000 0.000000 0.000000 0.000000 0.000000 0.000000 0.000000 
0.868966 0.031128 0.000000 0.000000 0.000000 0.000000 0.000000 0.000000 0.000000 0.000000 0.000000 0.000000 0.344739 0.217242 0.000000 0.000000 0.000000 0.000000 0.000000 0.000000 0.000000 0.000000 0.000000 0.000000 0.667334 0.556367 0.000000 0.000000 0.000000 0.000000 0.000000 0.000000 0.000000 0.000000 0.000000 0.000000 0.757526 0.307945 0.000000 0.000000 0.000000 0.000000 0.000000 0.000000 0.000000 0.000000 0.000000 0.000000 0.418964 0.780798 0.000000 0.000000 0.000000 0.000000 0.000000 0.000000 0.000000 0.000000 0.000000 0.000000 0.181920 0.926872 0.000000 0.000000 0.000000 0.000000 0.000000 0.000000 0.000000 0.000000 0.000000 0.000000 0.000000 0.000000 0.000000 0.000000 0.000000 0.000000 0.000000 0.000000 0.000000 0.000000 0.000000 0.000000 0.000000 0.000000 0.000000 0.000000 0.000000 0.000000 0.000000 0.000000 0.000000 0.000000 0.000000 0.000000 0.000000 0.000000 0.000000 0.000000 0.000000 0.000000 0.000000 0.000000 0.000000 0.000000 0.000000 0.000000 0.000000 0.000000 0.000000 0.000000 0.000000 0.000000 0.000000 0.000000 0.000000 0.000000 0.000000 0.000000 0.000000 0.000000 0.000000 0.000000 0.000000 0.000000 0.000000 0.000000 0.000000 0.000000 0.000000 0.000000 0.000000 0.000000 0.000000 0.000000 0.000000 0.000000 0.000000 0.000000 0.000000 0.000000 0.000000 0.000000 0.000000 0.000000 0.000000 0.000000 0.000000 0.000000 0.000000 0.000000 0.000000 0.000000 0.000000 0.000000 0.000000 0.000000 0.000000 0.000000 0.000000 0.000000 0.000000 0.000000 0.000000 0.000000 0.000000 0.000000 0.000000 0.000000 0.000000 0.000000 0.000000 0.000000 0.000000 0.000000 0.000000 0.000000 0.000000 0.000000 0.000000 0.000000 0.000000 0.000000 0.000000 0.000000 0.000000 0.000000 0.000000 0.000000 0.000000 0.000000 0.000000 0.000000 0.000000 0.000000 0.000000 0.000000 0.000000 0.000000 0.000000 0.000000 0.000000 0.000000 0.000000 0.000000 0.000000 0.000000 0.000000 0.000000 0.000000 0.000000 0.000000 0.000000 0.000000 0.000000 
0.037109 0.892277 0.000000 0.000000 0.000000 0.000000 0.000000 0.000000 0.000000 0.000000 0.000000 0.000000 0.712868 0.472621 0.000000 0.000000 0.000000 0.000000 0.000000 0.000000 0.000000 0.000000 0.000000 0.000000 0.421436 0.352192 0.000000 0.000000 0.000000 0.000000 0.000000 0.000000 0.000000 0.000000 0.000000 0.000000 0.639990 0.178197 0.000000 0.000000 0.000000 0.000000 0.000000 0.000000 0.000000 0.000000 0.000000 0.000000 0.084053 0.721437 0.000000 0.000000 0.000000 0.000000 0.000000 0.000000 0.000000 0.000000 0.000000 0.000000 0.551239 0.470063 0.000000 0.000000 0.000000 0.000000 0.000000 0.000000 0.000000 0.000000 0.000000 0.000000 0.000000 0.000000 0.000000 0.000000 0.000000 0.000000 0.000000 0.000000 0.000000 0.000000 0.000000 0.000000 0.000000 0.000000 0.000000 0.000000 0.000000 0.000000 0.000000 0.000000 0.000000 0.000000 0.000000 0.000000 0.000000 0.000000 0.000000 0.000000 0.000000 0.000000 0.000000 0.000000 0.000000 0.000000 0.000000 0.000000 0.000000 0.000000 0.000000 0.000000 0.000000 0.000000 0.000000 0.000000 0.000000 0.000000 0.000000 0.000000 0.000000 0.000000 0.000000 0.000000 0.000000 0.000000 0.000000 0.000000 0.000000 0.000000 0.000000 0.000000 0.000000 0.000000 0.000000 0.000000 0.000000 0.000000 0.000000 0.000000 0.000000 0.000000 0.000000 0.000000 0.000000 0.000000 0.000000 0.000000 0.000000 0.000000 0.000000 0.000000 0.000000 0.000000 0.000000 0.000000 0.000000 0.000000 0.000000 0.000000 0.000000 0.000000 0.000000 0.000000 0.000000 0.000000 0.000000 0.000000 0.000000 0.000000 0.000000 0.000000 0.000000 0.000000 0.000000 0.000000 0.000000 0.000000 0.000000 0.000000 0.000000 0.000000 0.000000 0.000000 0.000000 0.000000 0.000000 0.000000 0.000000 0.000000 0.000000 0.000000 0.000000 0.000000 0.000000 0.000000 0.000000 0.000000 0.000000 0.000000 0.000000 0.000000 0.000000 0.000000 0.000000 0.000000 0.000000 0.000000 0.000000 0.000000 0.000000 0.000000 0.000000 0.000000 0.000000 0.000000 
0.618052 0.215800 0.000000 0.000000 0.000000 0.000000 0.000000 0.000000 0.000000 0.000000 0.000000 0.000000 0.438404 0.490458 0.000000 0.000000 0.000000 0.000000 0.000000 0.000000 0.000000 0.000000 0.000000 0.000000 0.846019 0.917080 0.000000 0.000000 0.000000 0.000000 0.000000 0.000000 0.000000 0.000000 0.000000 0.000000 0.934541 0.930538 0.000000 0.000000 0.000000 0.000000 0.000000 0.000000 0.000000 0.000000 0.000000 0.000000 0.641422 0.413521 0.000000 0.000000 0.000000 0.000000 0.000000 0.000000 0.000000 0.000000 0.000000 0.000000 0.591675 0.290281 0.000000 0.000000 0.000000 0.000000 0.000000 0.000000 0.000000 0.000000 0.000000 0.000000 0.000000 0.000000 0.000000 0.000000 0.000000 0.000000 0.000000 0.000000 0.000000 0.000000 0.000000 0.000000 0.000000 0.000000 0.000000 0.000000 0.000000 0.000000 0.000000 0.000000 0.000000 0.000000 0.000000 0.000000 0.000000 0.000000 0.000000 0.000000 0.000000 0.000000 0.000000 0.000000 0.000000 0.000000 0.000000 0.000000 0.000000 0.000000 0.000000 0.000000 0.000000 0.000000 0.000000 0.000000 0.000000 0.000000 0.000000 0.000000 0.000000 0.000000 0.000000 0.000000 0.000000 0.000000 0.000000 0.000000 0.000000 0.000000 0.000000 0.000000 0.000000 0.000000 0.000000 0.000000 0.000000 0.000000 0.000000 0.000000 0.000000 0.000000 0.000000 0.000000 0.000000 0.000000 0.000000 0.000000 0.000000 0.000000 0.000000 0.000000 0.000000 0.000000 0.000000 0.000000 0.000000 0.000000 0.000000 0.000000 0.000000 0.000000 0.000000 0.000000 0.000000 0.000000 0.000000 0.000000 0.000000 0.000000 0.000000 0.000000 0.000000 0.000000 0.000000 0.000000 0.000000 0.000000 0.000000 0.000000 0.000000 0.000000 0.000000 0.000000 0.000000 0.000000 0.000000 0.000000 0.000000 0.000000 0.000000 0.000000 0.000000 0.000000 0.000000 0.000000 0.000000 0.000000 0.000000 0.000000 0.000000 0.000000 0.000000 0.000000 0.000000 0.000000 0.000000 0.000000 0.000000 0.000000 0.000000 0.000000 0.000000 0.000000 0.000000 0.000000 
0.654911 0.010048 0.000000 0.000000 0.000000 0.000000 0.000000 0.000000 0.000000 0.000000 0.000000 0.000000 0.699764 0.233001 0.000000 0.000000 0.000000 0.000000 0.000000 0.000000 0.000000 0.000000 0.000000 0.000000 0.670519 0.203492 0.000000 0.000000 0.000000 0.000000 0.000000 0.000000 0.000000 0.000000 0.000000 0.000000 0.118587 0.575211 0.000000 0.000000 0.000000 0.000000 0.000000 0.000000 0.000000 0.000000 0.000000 0.000000 0.294662 0.023885 0.000000 0.000000 0.000000 0.000000 0.000000 0.000000 0.000000 0.000000 0.000000 0.000000 0.992466 0.841021 0.000000 0.000000 0.000000 0.000000 0.000000 0.000000 0.000000 0.000000 0.000000 0.000000 0.000000 0.000000 0.000000 0.000000 0.000000 0.000000 0.000000 0.000000 0.000000 0.000000 0.000000 0.000000 0.000000 0.000000 0.000000 0.000000 0.000000 0.000000 0.000000 0.000000 0.000000 0.000000 0.000000 0.000000 0.000000 0.000000 0.000000 0.000000 0.000000 0.000000 0.000000 0.000000 0.000000 0.000000 0.000000 0.000000 0.000000 0.000000 0.000000 0.000000 0.000000 0.000000 0.000000 0.000000 0.000000 0.000000 0.000000 0.000000 0.000000 0.000000 0.000000 0.000000 0.000000 0.000000 0.000000 0.000000 0.000000 0.000000 0.000000 0.000000 0.000000 0.000000 0.000000 0.000000 0.000000 0.000000 0.000000 0.000000 0.000000 0.000000 0.000000 0.000000 0.000000 0.000000 0.000000 0.000000 0.000000 0.000000 0.000000 0.000000 0.000000 0.000000 0.000000 0.000000 0.000000 0.000000 0.000000 0.000000 0.000000 0.000000 0.000000 0.000000 0.000000 0.000000 0.000000 0.000000 0.000000 0.000000 0.000000 0.000000 0.000000 0.000000 0.000000 0.000000 0.000000 0.000000 0.000000 0.000000 0.000000 0.000000 0.000000 0.000000 0.000000 0.000000 0.000000 0.000000 0.000000 0.000000 0.000000 0.000000 0.000000 0.000000 0.000000 0.000000 0.000000 0.000000 0.000000 0.000000 0.000000 0.000000 0.000000 0.000000 0.000000 0.000000 0.000000 0.000000 0.000000 0.000000 0.000000 0.000000 0.000000 0.000000 0.000000 0.000000 
0.426039 0.592612 0.000000 0.000000 0.000000 0.000000 0.000000 0.000000 0.000000 0.000000 0.000000 0.000000 0.693284 0.841756 0.000000 0.000000 0.000000 0.000000 0.000000 0.000000 0.000000 0.000000 0.000000 0.000000 0.022614 0.217069 0.000000 0.000000 0.000000 0.000000 0.000000 0.000000 0.000000 0.000000 0.000000 0.000000 0.045772 0.053466 0.000000 0.000000 0.000000 0.000000 0.000000 0.000000 0.000000 0.000000 0.000000 0.000000 0.199249 0.532109 0.000000 0.000000 0.000000 0.000000 0.000000 0.000000 0.000000 0.000000 0.000000 0.000000 0.568036 0.274168 0.000000 0.000000 0.000000 0.000000 0.000000 0.000000 0.000000 0.000000 0.000000 0.000000 0.000000 0.000000 0.000000 0.000000 0.000000 0.000000 0.000000 0.000000 0.000000 0.000000 0.000000 0.000000 0.000000 0.000000 0.000000 0.000000 0.000000 0.000000 0.000000 0.000000 0.000000 0.000000 0.000000 0.000000 0.000000 0.000000 0.000000 0.000000 0.000000 0.000000 0.000000 0.000000 0.000000 0.000000 0.000000 0.000000 0.000000 0.000000 0.000000 0.000000 0.000000 0.000000 0.000000 0.000000 0.000000 0.000000 0.000000 0.000000 0.000000 0.000000 0.000000 0.000000 0.000000 0.000000 0.000000 0.000000 0.000000 0.000000 0.000000 0.000000 0.000000 0.000000 0.000000 0.000000 0.000000 0.000000 0.000000 0.000000 0.000000 0.000000 0.000000 0.000000 0.000000 0.000000 0.000000 0.000000 0.000000 0.000000 0.000000 0.000000 0.000000 0.000000 0.000000 0.000000 0.000000 0.000000 0.000000 0.000000 0.000000 0.000000 0.000000 0.000000 0.000000 0.000000 0.000000 0.000000 0.000000 0.000000 0.000000 0.000000 0.000000 0.000000 0.000000 0.000000 0.000000 0.000000 0.000000 0.000000 0.000000 0.000000 0.000000 0.000000 0.000000 0.000000 0.000000 0.000000 0.000000 0.000000 0.000000 0.000000 0.000000 0.000000 0.000000 0.000000 0.000000 0.000000 0.000000 0.000000 0.000000 0.000000 0.000000 0.000000 0.000000 0.000000 0.000000 0.000000 0.000000 0.000000 0.000000 0.000000 0.000000 0.000000 0.000000 0.000000 
0.730879 0.521122 0.000000 0.000000 0.000000 0.000000 0.000000 0.000000 0.000000 0.000000 0.000000 0.000000 0.415645 0.240648 0.000000 0.000000 0.000000 0.000000 0.000000 0.000000 0.000000 0.000000 0.000000 0.000000 0.457250 0.042164 0.000000 0.000000 0.000000 0.000000 0.000000 0.000000 0.000000 0.000000 0.000000 0.000000 0.971575 0.435455 0.000000 0.000000 0.000000 0.000000 0.000000 0.000000 0.000000 0.000000 0.000000 0.000000 0.234721 0.850780 0.000000 0.000000 0.000000 0.000000 0.000000 0.000000 0.000000 0.000000 0.000000 0.000000 0.526751 0.232616 0.000000 0.000000 0.000000 0.000000 0.000000 0.000000 0.000000 0.000000 0.000000 0.000000 0.000000 0.000000 0.000000 0.000000 0.000000 0.000000 0.000000 0.000000 0.000000 0.000000 0.000000 0.000000 0.000000 0.000000 0.000000 0.000000 0.000000 0.000000 0.000000 0.000000 0.000000 0.000000 0.000000 0.000000 0.000000 0.000000 0.000000 0.000000 0.000000 0.000000 0.000000 0.000000 0.000000 0.000000 0.000000 0.000000 0.000000 0.000000 0.000000 0.000000 0.000000 0.000000 0.000000 0.000000 0.000000 0.000000 0.000000 0.000000 0.000000 0.000000 0.000000 0.000000 0.000000 0.000000 0.000000 0.000000 0.000000 0.000000 0.000000 0.000000 0.000000 0.000000 0.000000 0.000000 0.000000 0.000000 0.000000 0.000000 0.000000 0.000000 0.000000 0.000000 0.000000 0.000000 0.000000 0.000000 0.000000 0.000000 0.000000 0.000000 0.000000 0.000000 0.000000 0.000000 0.000000 0.000000 0.000000 0.000000 0.000000 0.000000 0.000000 0.000000 0.000000 0.000000 0.000000 0.000000 0.000000 0.000000 0.000000 0.000000 0.000000 0.000000 0.000000 0.000000 0.000000 0.000000 0.000000 0.000000 0.000000 0.000000 0.000000 0.000000 0.000000 0.000000 0.000000 0.000000 0.000000 0.000000 0.000000 0.000000 0.000000 0.000000 0.000000 0.000000 0.000000 0.000000 0.000000 0.000000 0.000000 0.000000 0.000000 0.000000 0.000000 0.000000 0.000000 0.000000 0.000000 0.000000 0.000000 0.000000 0.000000 0.000000 0.000000 0.000000 
0.767051 0.100916 0.000000 0.000000 0.000000 0.000000 0.000000 0.000000 0.000000 0.000000 0.000000 0.000000 0.763973 0.571254 0.000000 0.000000 0.000000 0.000000 0.000000 0.000000 0.000000 0.000000 0.000000 0.000000 0.654893 0.587271 0.000000 0.000000 0.000000 0.000000 0.000000 0.000000 0.000000 0.000000 0.000000 0.000000 0.376392 0.969465 0.000000 0.000000 0.000000 0.000000 0.000000 0.000000 0.000000 0.000000 0.000000 0.000000 0.949832 0.834536 0.000000 0.000000 0.000000 0.000000 0.000000 0.000000 0.000000 0.000000 0.000000 0.000000 0.450103 0.314139 0.000000 0.000000 0.000000 0.000000 0.000000 0.000000 0.000000 0.000000 0.000000 0.000000 0.000000 0.000000 0.000000 0.000000 0.000000 0.000000 0.000000 0.000000 0.000000 0.000000 0.000000 0.000000 0.000000 0.000000 0.000000 0.000000 0.000000 0.000000 0.000000 0.000000 0.000000 0.000000 0.000000 0.000000 0.000000 0.000000 0.000000 0.000000 0.000000 0.000000 0.000000 0.000000 0.000000 0.000000 0.000000 0.000000 0.000000 0.000000 0.000000 0.000000 0.000000 0.000000 0.000000 0.000000 0.000000 0.000000 0.000000 0.000000 0.000000 0.000000 0.000000 0.000000 0.000000 0.000000 0.000000 0.000000 0.000000 0.000000 0.000000 0.000000 0.000000 0.000000 0.000000 0.000000 0.000000 0.000000 0.000000 0.000000 0.000000 0.000000 0.000000 0.000000 0.000000 0.000000 0.000000 0.000000 0.000000 0.000000 0.000000 0.000000 0.000000 0.000000 0.000000 0.000000 0.000000 0.000000 0.000000 0.000000 0.000000 0.000000 0.000000 0.000000 0.000000 0.000000 0.000000 0.000000 0.000000 0.000000 0.000000 0.000000 0.000000 0.000000 0.000000 0.000000 0.000000 0.000000 0.000000 0.000000 0.000000 0.000000 0.000000 0.000000 0.000000 0.000000 0.000000 0.000000 0.000000 0.000000 0.000000 0.000000 0.000000 0.000000 0.000000 0.000000 0.000000 0.000000 0.000000 0.000000 0.000000 0.000000 0.000000 0.000000 0.000000 0.000000 0.000000 0.000000 0.000000 0.000000 0.000000 0.000000 0.000000 0.000000 0.000000 0.000000 
0.334284 0.852681 0.000000 0.000000 0.000000 0.000000 0.000000 0.000000 0.000000 0.000000 0.000000 0.000000 0.591599 0.671436 0.000000 0.000000 0.000000 0.000000 0.000000 0.000000 0.000000 0.000000 0.000000 0.000000 0.067659 0.010569 0.000000 0.000000 0.000000 0.000000 0.000000 0.000000 0.000000 0.000000 0.000000 0.000000 0.297290 0.039861 0.000000 0.000000 0.000000 0.000000 0.000000 0.000000 0.000000 0.000000 0.000000 0.000000 0.146190 0.815135 0.000000 0.000000 0.000000 0.000000 0.000000 0.000000 0.000000 0.000000 0.000000 0.000000 0.779681 0.997017 0.000000 0.000000 0.000000 0.000000 0.000000 0.000000 0.000000 0.000000 0.000000 0.000000 0.000000 0.000000 0.000000 0.000000 0.000000 0.000000 0.000000 0.000000 0.000000 0.000000 0.000000 0.000000 0.000000 0.000000 0.000000 0.000000 0.000000 0.000000 0.000000 0.000000 0.000000 0.000000 0.000000 0.000000 0.000000 0.000000 0.000000 0.000000 0.000000 0.000000 0.000000 0.000000 0.000000 0.000000 0.000000 0.000000 0.000000 0.000000 0.000000 0.000000 0.000000 0.000000 0.000000 0.000000 0.000000 0.000000 0.000000 0.000000 0.000000 0.000000 0.000000 0.000000 0.000000 0.000000 0.000000 0.000000 0.000000 0.000000 0.000000 0.000000 0.000000 0.000000 0.000000 0.000000 0.000000 0.000000 0.000000 0.000000 0.000000 0.000000 0.000000 0.000000 0.000000 0.000000 0.000000 0.000000 0.000000 0.000000 0.000000 0.000000 0.000000 0.000000 0.000000 0.000000 0.000000 0.000000 0.000000 0.000000 0.000000 0.000000 0.000000 0.000000 0.000000 0.000000 0.000000 0.000000 0.000000 0.000000 0.000000 0.000000 0.000000 0.000000 0.000000 0.000000 0.000000 0.000000 0.000000 0.000000 0.000000 0.000000 0.000000 0.000000 0.000000 0.000000 0.000000 0.000000 0.000000 0.000000 0.000000 0.000000 0.000000 0.000000 0.000000 0.000000 0.000000 0.000000 0.000000 0.000000 0.000000 0.000000 0.000000 0.000000 0.000000 0.000000 0.000000 0.000000 0.000000 0.000000 0.000000 0.000000 0.000000 0.000000 0.000000 0.000000 
0.134039 0.608430 0.000000 0.000000 0.000000 0.000000 0.000000 0.000000 0.000000 0.000000 0.000000 0.000000 0.535651 0.206055 0.000000 0.000000 0.000000 0.000000 0.000000 0.000000 0.000000 0.000000 0.000000 0.000000 0.665123 0.816021 0.000000 0.000000 0.000000 0.000000 0.000000 0.000000 0.000000 0.000000 0.000000 0.000000 0.139414 0.984243 0.000000 0.000000 0.000000 0.000000 0.000000 0.000000 0.000000 0.000000 0.000000 0.000000 0.402445 0.982528 0.000000 0.000000 0.000000 0.000000 0.000000 0.000000 0.000000 0.000000 0.000000 0.000000 0.693856 0.527324 0.000000 0.000000 0.000000 0.000000 0.000000 0.000000 0.000000 0.000000 0.000000 0.000000 0.000000 0.000000 0.000000 0.000000 0.000000 0.000000 0.000000 0.000000 0.000000 0.000000 0.000000 0.000000 0.000000 0.000000 0.000000 0.000000 0.000000 0.000000 0.000000 0.000000 0.000000 0.000000 0.000000 0.000000 0.000000 0.000000 0.000000 0.000000 0.000000 0.000000 0.000000 0.000000 0.000000 0.000000 0.000000 0.000000 0.000000 0.000000 0.000000 0.000000 0.000000 0.000000 0.000000 0.000000 0.000000 0.000000 0.000000 0.000000 0.000000 0.000000 0.000000 0.000000 0.000000 0.000000 0.000000 0.000000 0.000000 0.000000 0.000000 0.000000 0.000000 0.000000 0.000000 0.000000 0.000000 0.000000 0.000000 0.000000 0.000000 0.000000 0.000000 0.000000 0.000000 0.000000 0.000000 0.000000 0.000000 0.000000 0.000000 0.000000 0.000000 0.000000 0.000000 0.000000 0.000000 0.000000 0.000000 0.000000 0.000000 0.000000 0.000000 0.000000 0.000000 0.000000 0.000000 0.000000 0.000000 0.000000 0.000000 0.000000 0.000000 0.000000 0.000000 0.000000 0.000000 0.000000 0.000000 0.000000 0.000000 0.000000 0.000000 0.000000 0.000000 0.000000 0.000000 0.000000 0.000000 0.000000 0.000000 0.000000 0.000000 0.000000 0.000000 0.000000 0.000000 0.000000 0.000000 0.000000 0.000000 0.000000 0.000000 0.000000 0.000000 0.000000 0.000000 0.000000 0.000000 0.000000 0.000000 0.000000 0.000000 0.000000 0.000000 0.000000 
0.221059 0.176332 0.000000 0.000000 0.000000 0.000000 0.000000 0.000000 0.000000 0.000000 0.000000 0.000000 0.045647 0.239584 0.000000 0.000000 0.000000 0.000000 0.000000 0.000000 0.000000 0.000000 0.000000 0.000000 0.596208 0.962524 0.000000 0.000000 0.000000 0.000000 0.000000 0.000000 0.000000 0.000000 0.000000 0.000000 0.211966 0.700310 0.000000 0.000000 0.000000 0.000000 0.000000 0.000000 0.000000 0.000000 0.000000 0.000000 0.805205 0.623834 0.000000 0.000000 0.000000 0.000000 0.000000 0.000000 0.000000 0.000000 0.000000 0.000000 0.830018 0.438475 0.000000 0.000000 0.000000 0.000000 0.000000 0.000000 0.000000 0.000000 0.000000 0.000000 0.000000 0.000000 0.000000 0.000000 0.000000 0.000000 0.000000 0.000000 0.000000 0.000000 0.000000 0.000000 0.000000 0.000000 0.000000 0.000000 0.000000 0.000000 0.000000 0.000000 0.000000 0.000000 0.000000 0.000000 0.000000 0.000000 0.000000 0.000000 0.000000 0.000000 0.000000 0.000000 0.000000 0.000000 0.000000 0.000000 0.000000 0.000000 0.000000 0.000000 0.000000 0.000000 0.000000 0.000000 0.000000 0.000000 0.000000 0.000000 0.000000 0.000000 0.000000 0.000000 0.000000 0.000000 0.000000 0.000000 0.000000 0.000000 0.000000 0.000000 0.000000 0.000000 0.000000 0.000000 0.000000 0.000000 0.000000 0.000000 0.000000 0.000000 0.000000 0.000000 0.000000 0.000000 0.000000 0.000000 0.000000 0.000000 0.000000 0.000000 0.000000 0.000000 0.000000 0.000000 0.000000 0.000000 0.000000 0.000000 0.000000 0.000000 0.000000 0.000000 0.000000 0.000000 0.000000 0.000000 0.000000 0.000000 0.000000 0.000000 0.000000 0.000000 0.000000 0.000000 0.000000 0.000000 0.000000 0.000000 0.000000 0.000000 0.000000 0.000000 0.000000 0.000000 0.000000 0.000000 0.000000 0.000000 0.000000 0.000000 0.000000 0.000000 0.000000 0.000000 0.000000 0.000000 0.000000 0.000000 0.000000 0.000000 0.000000 0.000000 0.000000 0.000000 0.000000 0.000000 0.000000 0.000000 0.000000 0.000000 0.000000 0.000000 0.000000 0.000000 
0.618289 0.049896 0.000000 0.000000 0.000000 0.000000 0.000000 0.000000 0.000000 0.000000 0.000000 0.000000 0.756344 0.845010 0.000000 0.000000 0.000000 0.000000 0.000000 0.000000 0.000000 0.000000 0.000000 0.000000 0.056637 0.666449 0.000000 0.000000 0.000000 0.000000 0.000000 0.000000 0.000000 0.000000 0.000000 0.000000 0.377046 0.517967 0.000000 0.000000 0.000000 0.000000 0.000000 0.000000 0.000000 0.000000 0.000000 0.000000 0.144603 0.558899 0.000000 0.000000 0.000000 0.000000 0.000000 0.000000 0.000000 0.000000 0.000000 0.000000 0.324243 0.822907 0.000000 0.000000 0.000000 0.000000 0.000000 0.000000 0.000000 0.000000 0.000000 0.000000 0.000000 0.000000 0.000000 0.000000 0.000000 0.000000 0.000000 0.000000 0.000000 0.000000 0.000000 0.000000 0.000000 0.000000 0.000000 0.000000 0.000000 0.000000 0.000000 0.000000 0.000000 0.000000 0.000000 0.000000 0.000000 0.000000 0.000000 0.000000 0.000000 0.000000 0.000000 0.000000 0.000000 0.000000 0.000000 0.000000 0.000000 0.000000 0.000000 0.000000 0.000000 0.000000 0.000000 0.000000 0.000000 0.000000 0.000000 0.000000 0.000000 0.000000 0.000000 0.000000 0.000000 0.000000 0.000000 0.000000 0.000000 0.000000 0.000000 0.000000 0.000000 0.000000 0.000000 0.000000 0.000000 0.000000 0.000000 0.000000 0.000000 0.000000 0.000000 0.000000 0.000000 0.000000 0.000000 0.000000 0.000000 0.000000 0.000000 0.000000 0.000000 0.000000 0.000000 0.000000 0.000000 0.000000 0.000000 0.000000 0.000000 0.000000 0.000000 0.000000 0.000000 0.000000 0.000000 0.000000 0.000000 0.000000 0.000000 0.000000 0.000000 0.000000 0.000000 0.000000 0.000000 0.000000 0.000000 0.000000 0.000000 0.000000 0.000000 0.000000 0.000000 0.000000 0.000000 0.000000 0.000000 0.000000 0.000000 0.000000 0.000000 0.000000 0.000000 0.000000 0.000000 0.000000 0.000000 0.000000 0.000000 0.000000 0.000000 0.000000 0.000000 0.000000 0.000000 0.000000 0.000000 0.000000 0.000000 0.000000 0.000000 0.000000 0.000000 0.000000 
0.076340 0.821570 0.000000 0.000000 0.000000 0.000000 0.000000 0.000000 0.000000 0.000000 0.000000 0.000000 0.687137 0.617532 0.000000 0.000000 0.000000 0.000000 0.000000 0.000000 0.000000 0.000000 0.000000 0.000000 0.678279 0.765427 0.000000 0.000000 0.000000 0.000000 0.000000 0.000000 0.000000 0.000000 0.000000 0.000000 0.378936 0.163215 0.000000 0.000000 0.000000 0.000000 0.000000 0.000000 0.000000 0.000000 0.000000 0.000000 0.933524 0.454277 0.000000 0.000000 0.000000 0.000000 0.000000 0.000000 0.000000 0.000000 0.000000 0.000000 0.270454 0.746165 0.000000 0.000000 0.000000 0.000000 0.000000 0.000000 0.000000 0.000000 0.000000 0.000000 0.000000 0.000000 0.000000 0.000000 0.000000 0.000000 0.000000 0.000000 0.000000 0.000000 0.000000 0.000000 0.000000 0.000000 0.000000 0.000000 0.000000 0.000000 0.000000 0.000000 0.000000 0.000000 0.000000 0.000000 0.000000 0.000000 0.000000 0.000000 0.000000 0.000000 0.000000 0.000000 0.000000 0.000000 0.000000 0.000000 0.000000 0.000000 0.000000 0.000000 0.000000 0.000000 0.000000 0.000000 0.000000 0.000000 0.000000 0.000000 0.000000 0.000000 0.000000 0.000000 0.000000 0.000000 0.000000 0.000000 0.000000 0.000000 0.000000 0.000000 0.000000 0.000000 0.000000 0.000000 0.000000 0.000000 0.000000 0.000000 0.000000 0.000000 0.000000 0.000000 0.000000 0.000000 0.000000 0.000000 0.000000 0.000000 0.000000 0.000000 0.000000 0.000000 0.000000 0.000000 0.000000 0.000000 0.000000 0.000000 0.000000 0.000000 0.000000 0.000000 0.000000 0.000000 0.000000 0.000000 0.000000 0.000000 0.000000 0.000000 0.000000 0.000000 0.000000 0.000000 0.000000 0.000000 0.000000 0.000000 0.000000 0.000000 0.000000 0.000000 0.000000 0.000000 0.000000 0.000000 0.000000 0.000000 0.000000 0.000000 0.000000 0.000000 0.000000 0.000000 0.000000 0.000000 0.000000 0.000000 0.000000 0.000000 0.000000 0.000000 0.000000 0.000000 0.000000 0.000000 0.000000 0.000000 0.000000 0.000000 0.000000 0.000000 0.000000 0.000000 
0.479733 0.122524 0.000000 0.000000 0.000000 0.000000 0.000000 0.000000 0.000000 0.000000 0.000000 0.000000 0.306999 0.683185 0.000000 0.000000 0.000000 0.000000 0.000000 0.000000 0.000000 0.000000 0.000000 0.000000 0.002780 0.545829 0.000000 0.000000 0.000000 0.000000 0.000000 0.000000 0.000000 0.000000 0.000000 0.000000 0.476424 0.154475 0.000000 0.000000 0.000000 0.000000 0.000000 0.000000 0.000000 0.000000 0.000000 0.000000 0.948616 0.538406 0.000000 0.000000 0.000000 0.000000 0.000000 0.000000 0.000000 0.000000 0.000000 0.000000 0.920135 0.030921 0.000000 0.000000 0.000000 0.000000 0.000000 0.000000 0.000000 0.000000 0.000000 0.000000 0.000000 0.000000 0.000000 0.000000 0.000000 0.000000 0.000000 0.000000 0.000000 0.000000 0.000000 0.000000 0.000000 0.000000 0.000000 0.000000 0.000000 0.000000 0.000000 0.000000 0.000000 0.000000 0.000000 0.000000 0.000000 0.000000 0.000000 0.000000 0.000000 0.000000 0.000000 0.000000 0.000000 0.000000 0.000000 0.000000 0.000000 0.000000 0.000000 0.000000 0.000000 0.000000 0.000000 0.000000 0.000000 0.000000 0.000000 0.000000 0.000000 0.000000 0.000000 0.000000 0.000000 0.000000 0.000000 0.000000 0.000000 0.000000 0.000000 0.000000 0.000000 0.000000 0.000000 0.000000 0.000000 0.000000 0.000000 0.000000 0.000000 0.000000 0.000000 0.000000 0.000000 0.000000 0.000000 0.000000 0.000000 0.000000 0.000000 0.000000 0.000000 0.000000 0.000000 0.000000 0.000000 0.000000 0.000000 0.000000 0.000000 0.000000 0.000000 0.000000 0.000000 0.000000 0.000000 0.000000 0.000000 0.000000 0.000000 0.000000 0.000000 0.000000 0.000000 0.000000 0.000000 0.000000 0.000000 0.000000 0.000000 0.000000 0.000000 0.000000 0.000000 0.000000 0.000000 0.000000 0.000000 0.000000 0.000000 0.000000 0.000000 0.000000 0.000000 0.000000 0.000000 0.000000 0.000000 0.000000 0.000000 0.000000 0.000000 0.000000 0.000000 0.000000 0.000000 0.000000 0.000000 0.000000 0.000000 0.000000 0.000000 0.000000 0.000000 0.000000 
0.302287 0.084702 0.000000 0.000000 0.000000 0.000000 0.000000 0.000000 0.000000 0.000000 0.000000 0.000000 0.867308 0.198498 0.000000 0.000000 0.000000 0.000000 0.000000 0.000000 0.000000 0.000000 0.000000 0.000000 0.441828 0.030016 0.000000 0.000000 0.000000 0.000000 0.000000 0.000000 0.000000 0.000000 0.000000 0.000000 0.780508 0.627437 0.000000 0.000000 0.000000 0.000000 0.000000 0.000000 0.000000 0.000000 0.000000 0.000000 0.695443 0.714053 0.000000 0.000000 0.000000 0.000000 0.000000 0.000000 0.000000 0.000000 0.000000 0.000000 0.024911 0.407015 0.000000 0.000000 0.000000 0.000000 0.000000 0.000000 0.000000 0.000000 0.000000 0.000000 0.000000 0.000000 0.000000 0.000000 0.000000 0.000000 0.000000 0.000000 0.000000 0.000000 0.000000 0.000000 0.000000 0.000000 0.000000 0.000000 0.000000 0.000000 0.000000 0.000000 0.000000 0.000000 0.000000 0.000000 0.000000 0.000000 0.000000 0.000000 0.000000 0.000000 0.000000 0.000000 0.000000 0.000000 0.000000 0.000000 0.000000 0.000000 0.000000 0.000000 0.000000 0.000000 0.000000 0.000000 0.000000 0.000000 0.000000 0.000000 0.000000 0.000000 0.000000 0.000000 0.000000 0.000000 0.000000 0.000000 0.000000 0.000000 0.000000 0.000000 0.000000 0.000000 0.000000 0.000000 0.000000 0.000000 0.000000 0.000000 0.000000 0.000000 0.000000 0.000000 0.000000 0.000000 0.000000 0.000000 0.000000 0.000000 0.000000 0.000000 0.000000 0.000000 0.000000 0.000000 0.000000 0.000000 0.000000 0.000000 0.000000 0.000000 0.000000 0.000000 0.000000 0.000000 0.000000 0.000000 0.000000 0.000000 0.000000 0.000000 0.000000 0.000000 0.000000 0.000000 0.000000 0.000000 0.000000 0.000000 0.000000 0.000000 0.000000 0.000000 0.000000 0.000000 0.000000 0.000000 0.000000 0.000000 0.000000 0.000000 0.000000 0.000000 0.000000 0.000000 0.000000 0.000000 0.000000 0.000000 0.000000 0.000000 0.000000 0.000000 0.000000 0.000000 0.000000 0.000000 0.000000 0.000000 0.000000 0.000000 0.000000 0.000000 0.000000 0.000000 
0.018915 0.253311 0.000000 0.000000 0.000000 0.000000 0.000000 0.000000 0.000000 0.000000 0.000000 0.000000 0.101193 0.852889 0.000000 0.000000 0.000000 0.000000 0.000000 0.000000 0.000000 0.000000 0.000000 0.000000 0.201899 0.747304 0.000000 0.000000 0.000000 0.000000 0.000000 0.000000 0.000000 0.000000 0.000000 0.000000 0.845452 0.913557 0.000000 0.000000 0.000000 0.000000 0.000000 0.000000 0.000000 0.000000 0.000000 0.000000 0.515805 0.083593 0.000000 0.000000 0.000000 0.000000 0.000000 0.000000 0.000000 0.000000 0.000000 0.000000 0.250195 0.088051 0.000000 0.000000 0.000000 0.000000 0.000000 0.000000 0.000000 0.000000 0.000000 0.000000 0.000000 0.000000 0.000000 0.000000 0.000000 0.000000 0.000000 0.000000 0.000000 0.000000 0.000000 0.000000 0.000000 0.000000 0.000000 0.000000 0.000000 0.000000 0.000000 0.000000 0.000000 0.000000 0.000000 0.000000 0.000000 0.000000 0.000000 0.000000 0.000000 0.000000 0.000000 0.000000 0.000000 0.000000 0.000000 0.000000 0.000000 0.000000 0.000000 0.000000 0.000000 0.000000 0.000000 0.000000 0.000000 0.000000 0.000000 0.000000 0.000000 0.000000 0.000000 0.000000 0.000000 0.000000 0.000000 0.000000 0.000000 0.000000 0.000000 0.000000 0.000000 0.000000 0.000000 0.000000 0.000000 0.000000 0.000000 0.000000 0.000000 0.000000 0.000000 0.000000 0.000000 0.000000 0.000000 0.000000 0.000000 0.000000 0.000000 0.000000 0.000000 0.000000 0.000000 0.000000 0.000000 0.000000 0.000000 0.000000 0.000000 0.000000 0.000000 0.000000 0.000000 0.000000 0.000000 0.000000 0.000000 0.000000 0.000000 0.000000 0.000000 0.000000 0.000000 0.000000 0.000000 0.000000 0.000000 0.000000 0.000000 0.000000 0.000000 0.000000 0.000000 0.000000 0.000000 0.000000 0.000000 0.000000 0.000000 0.000000 0.000000 0.000000 0.000000 0.000000 0.000000 0.000000 0.000000 0.000000 0.000000 0.000000 0.000000 0.000000 0.000000 0.000000 0.000000 0.000000 0.000000 0.000000 0.000000 0.000000 0.000000 0.000000 0.000000 0.000000 
0.082097 0.811172 0.000000 0.000000 0.000000 0.000000 0.000000 0.000000 0.000000 0.000000 0.000000 0.000000 0.514516 0.300237 0.000000 0.000000 0.000000 0.000000 0.000000 0.000000 0.000000 0.000000 0.000000 0.000000 0.792193 0.477996 0.000000 0.000000 0.000000 0.000000 0.000000 0.000000 0.000000 0.000000 0.000000 0.000000 0.237954 0.076707 0.000000 0.000000 0.000000 0.000000 0.000000 0.000000 0.000000 0.000000 0.000000 0.000000 0.958380 0.876542 0.000000 0.000000 0.000000 0.000000 0.000000 0.000000 0.000000 0.000000 0.000000 0.000000 0.437554 0.049333 0.000000 0.000000 0.000000 0.000000 0.000000 0.000000 0.000000 0.000000 0.000000 0.000000 0.000000 0.000000 0.000000 0.000000 0.000000 0.000000 0.000000 0.000000 0.000000 0.000000 0.000000 0.000000 0.000000 0.000000 0.000000 0.000000 0.000000 0.000000 0.000000 0.000000 0.000000 0.000000 0.000000 0.000000 0.000000 0.000000 0.000000 0.000000 0.000000 0.000000 0.000000 0.000000 0.000000 0.000000 0.000000 0.000000 0.000000 0.000000 0.000000 0.000000 0.000000 0.000000 0.000000 0.000000 0.000000 0.000000 0.000000 0.000000 0.000000 0.000000 0.000000 0.000000 0.000000 0.000000 0.000000 0.000000 0.000000 0.000000 0.000000 0.000000 0.000000 0.000000 0.000000 0.000000 0.000000 0.000000 0.000000 0.000000 0.000000 0.000000 0.000000 0.000000 0.000000 0.000000 0.000000 0.000000 0.000000 0.000000 0.000000 0.000000 0.000000 0.000000 0.000000 0.000000 0.000000 0.000000 0.000000 0.000000 0.000000 0.000000 0.000000 0.000000 0.000000 0.000000 0.000000 0.000000 0.000000 0.000000 0.000000 0.000000 0.000000 0.000000 0.000000 0.000000 0.000000 0.000000 0.000000 0.000000 0.000000 0.000000 0.000000 0.000000 0.000000 0.000000 0.000000 0.000000 0.000000 0.000000 0.000000 0.000000 0.000000 0.000000 0.000000 0.000000 0.000000 0.000000 0.000000 0.000000 0.000000 0.000000 0.000000 0.000000 0.000000 0.000000 0.000000 0.000000 0.000000 0.000000 0.000000 0.000000 0.000000 0.000000 0.000000 0.000000 
0.846053 0.792261 0.000000 0.000000 0.000000 0.000000 0.000000 0.000000 0.000000 0.000000 0.000000 0.000000 0.962264 0.374485 0.000000 0.000000 0.000000 0.000000 0.000000 0.000000 0.000000 0.000000 0.000000 0.000000 0.248648 0.584443 0.000000 0.000000 0.000000 0.000000 0.000000 0.000000 0.000000 0.000000 0.000000 0.000000 0.820092 0.086896 0.000000 0.000000 0.000000 0.000000 0.000000 0.000000 0.000000 0.000000 0.000000 0.000000 0.649457 0.137488 0.000000 0.000000 0.000000 0.000000 0.000000 0.000000 0.000000 0.000000 0.000000 0.000000 0.161323 0.926490 0.000000 0.000000 0.000000 0.000000 0.000000 0.000000 0.000000 0.000000 0.000000 0.000000 0.000000 0.000000 0.000000 0.000000 0.000000 0.000000 0.000000 0.000000 0.000000 0.000000 0.000000 0.000000 0.000000 0.000000 0.000000 0.000000 0.000000 0.000000 0.000000 0.000000 0.000000 0.000000 0.000000 0.000000 0.000000 0.000000 0.000000 0.000000 0.000000 0.000000 0.000000 0.000000 0.000000 0.000000 0.000000 0.000000 0.000000 0.000000 0.000000 0.000000 0.000000 0.000000 0.000000 0.000000 0.000000 0.000000 0.000000 0.000000 0.000000 0.000000 0.000000 0.000000 0.000000 0.000000 0.000000 0.000000 0.000000 0.000000 0.000000 0.000000 0.000000 0.000000 0.000000 0.000000 0.000000 0.000000 0.000000 0.000000 0.000000 0.000000 0.000000 0.000000 0.000000 0.000000 0.000000 0.000000 0.000000 0.000000 0.000000 0.000000 0.000000 0.000000 0.000000 0.000000 0.000000 0.000000 0.000000 0.000000 0.000000 0.000000 0.000000 0.000000 0.000000 0.000000 0.000000 0.000000 0.000000 0.000000 0.000000 0.000000 0.000000 0.000000 0.000000 0.000000 0.000000 0.000000 0.000000 0.000000 0.000000 0.000000 0.000000 0.000000 0.000000 0.000000 0.000000 0.000000 0.000000 0.000000 0.000000 0.000000 0.000000 0.000000 0.000000 0.000000 0.000000 0.000000 0.000000 0.000000 0.000000 0.000000 0.000000 0.000000 0.000000 0.000000 0.000000 0.000000 0.000000 0.000000 0.000000 0.000000 0.000000 0.000000 0.000000 0.000000 
0.525435 0.207704 0.000000 0.000000 0.000000 0.000000 0.000000 0.000000 0.000000 0.000000 0.000000 0.000000 0.124773 0.944774 0.000000 0.000000 0.000000 0.000000 0.000000 0.000000 0.000000 0.000000 0.000000 0.000000 0.327819 0.005410 0.000000 0.000000 0.000000 0.000000 0.000000 0.000000 0.000000 0.000000 0.000000 0.000000 0.066425 0.445372 0.000000 0.000000 0.000000 0.000000 0.000000 0.000000 0.000000 0.000000 0.000000 0.000000 0.454633 0.704269 0.000000 0.000000 0.000000 0.000000 0.000000 0.000000 0.000000 0.000000 0.000000 0.000000 0.382423 0.949312 0.000000 0.000000 0.000000 0.000000 0.000000 0.000000 0.000000 0.000000 0.000000 0.000000 0.000000 0.000000 0.000000 0.000000 0.000000 0.000000 0.000000 0.000000 0.000000 0.000000 0.000000 0.000000 0.000000 0.000000 0.000000 0.000000 0.000000 0.000000 0.000000 0.000000 0.000000 0.000000 0.000000 0.000000 0.000000 0.000000 0.000000 0.000000 0.000000 0.000000 0.000000 0.000000 0.000000 0.000000 0.000000 0.000000 0.000000 0.000000 0.000000 0.000000 0.000000 0.000000 0.000000 0.000000 0.000000 0.000000 0.000000 0.000000 0.000000 0.000000 0.000000 0.000000 0.000000 0.000000 0.000000 0.000000 0.000000 0.000000 0.000000 0.000000 0.000000 0.000000 0.000000 0.000000 0.000000 0.000000 0.000000 0.000000 0.000000 0.000000 0.000000 0.000000 0.000000 0.000000 0.000000 0.000000 0.000000 0.000000 0.000000 0.000000 0.000000 0.000000 0.000000 0.000000 0.000000 0.000000 0.000000 0.000000 0.000000 0.000000 0.000000 0.000000 0.000000 0.000000 0.000000 0.000000 0.000000 0.000000 0.000000 0.000000 0.000000 0.000000 0.000000 0.000000 0.000000 0.000000 0.000000 0.000000 0.000000 0.000000 0.000000 0.000000 0.000000 0.000000 0.000000 0.000000 0.000000 0.000000 0.000000 0.000000 0.000000 0.000000 0.000000 0.000000 0.000000 0.000000 0.000000 0.000000 0.000000 0.000000 0.000000 0.000000 0.000000 0.000000 0.000000 0.000000 0.000000 0.000000 0.000000 0.000000 0.000000 0.000000 0.000000 0.000000 
0.854436 0.209561 0.000000 0.000000 0.000000 0.000000 0.000000 0.000000 0.000000 0.000000 0.000000 0.000000 0.784341 0.704126 0.000000 0.000000 0.000000 0.000000 0.000000 0.000000 0.000000 0.000000 0.000000 0.000000 0.724551 0.096645 0.000000 0.000000 0.000000 0.000000 0.000000 0.000000 0.000000 0.000000 0.000000 0.000000 0.480033 0.573622 0.000000 0.000000 0.000000 0.000000 0.000000 0.000000 0.000000 0.000000 0.000000 0.000000 0.612164 0.748381 0.000000 0.000000 0.000000 0.000000 0.000000 0.000000 0.000000 0.000000 0.000000 0.000000 0.032478 0.004814 0.000000 0.000000 0.000000 0.000000 0.000000 0.000000 0.000000 0.000000 0.000000 0.000000 0.000000 0.000000 0.000000 0.000000 0.000000 0.000000 0.000000 0.000000 0.000000 0.000000 0.000000 0.000000 0.000000 0.000000 0.000000 0.000000 0.000000 0.000000 0.000000 0.000000 0.000000 0.000000 0.000000 0.000000 0.000000 0.000000 0.000000 0.000000 0.000000 0.000000 0.000000 0.000000 0.000000 0.000000 0.000000 0.000000 0.000000 0.000000 0.000000 0.000000 0.000000 0.000000 0.000000 0.000000 0.000000 0.000000 0.000000 0.000000 0.000000 0.000000 0.000000 0.000000 0.000000 0.000000 0.000000 0.000000 0.000000 0.000000 0.000000 0.000000 0.000000 0.000000 0.000000 0.000000 0.000000 0.000000 0.000000 0.000000 0.000000 0.000000 0.000000 0.000000 0.000000 0.000000 0.000000 0.000000 0.000000 0.000000 0.000000 0.000000 0.000000 0.000000 0.000000 0.000000 0.000000 0.000000 0.000000 0.000000 0.000000 0.000000 0.000000 0.000000 0.000000 0.000000 0.000000 0.000000 0.000000 0.000000 0.000000 0.000000 0.000000 0.000000 0.000000 0.000000 0.000000 0.000000 0.000000 0.000000 0.000000 0.000000 0.000000 0.000000 0.000000 0.000000 0.000000 0.000000 0.000000 0.000000 0.000000 0.000000 0.000000 0.000000 0.000000 0.000000 0.000000 0.000000 0.000000 0.000000 0.000000 0.000000 0.000000 0.000000 0.000000 0.000000 0.000000 0.000000 0.000000 0.000000 0.000000 0.000000 0.000000 0.000000 0.000000 0.000000 
0.092977 0.964318 0.000000 0.000000 0.000000 0.000000 0.000000 0.000000 0.000000 0.000000 0.000000 0.000000 0.535025 0.703576 0.000000 0.000000 0.000000 0.000000 0.000000 0.000000 0.000000 0.000000 0.000000 0.000000 0.235385 0.575654 0.000000 0.000000 0.000000 0.000000 0.000000 0.000000 0.000000 0.000000 0.000000 0.000000 0.959541 0.918796 0.000000 0.000000 0.000000 0.000000 0.000000 0.000000 0.000000 0.000000 0.000000 0.000000 0.053605 0.791036 0.000000 0.000000 0.000000 0.000000 0.000000 0.000000 0.000000 0.000000 0.000000 0.000000 0.038069 0.313945 0.000000 0.000000 0.000000 0.000000 0.000000 0.000000 0.000000 0.000000 0.000000 0.000000 0.000000 0.000000 0.000000 0.000000 0.000000 0.000000 0.000000 0.000000 0.000000 0.000000 0.000000 0.000000 0.000000 0.000000 0.000000 0.000000 0.000000 0.000000 0.000000 0.000000 0.000000 0.000000 0.000000 0.000000 0.000000 0.000000 0.000000 0.000000 0.000000 0.000000 0.000000 0.000000 0.000000 0.000000 0.000000 0.000000 0.000000 0.000000 0.000000 0.000000 0.000000 0.000000 0.000000 0.000000 0.000000 0.000000 0.000000 0.000000 0.000000 0.000000 0.000000 0.000000 0.000000 0.000000 0.000000 0.000000 0.000000 0.000000 0.000000 0.000000 0.000000 0.000000 0.000000 0.000000 0.000000 0.000000 0.000000 0.000000 0.000000 0.000000 0.000000 0.000000 0.000000 0.000000 0.000000 0.000000 0.000000 0.000000 0.000000 0.000000 0.000000 0.000000 0.000000 0.000000 0.000000 0.000000 0.000000 0.000000 0.000000 0.000000 0.000000 0.000000 0.000000 0.000000 0.000000 0.000000 0.000000 0.000000 0.000000 0.000000 0.000000 0.000000 0.000000 0.000000 0.000000 0.000000 0.000000 0.000000 0.000000 0.000000 0.000000 0.000000 0.000000 0.000000 0.000000 0.000000 0.000000 0.000000 0.000000 0.000000 0.000000 0.000000 0.000000 0.000000 0.000000 0.000000 0.000000 0.000000 0.000000 0.000000 0.000000 0.000000 0.000000 0.000000 0.000000 0.000000 0.000000 0.000000 0.000000 0.000000 0.000000 0.000000 0.000000 0.000000 
0.501694 0.599178 0.000000 0.000000 0.000000 0.000000 0.000000 0.000000 0.000000 0.000000 0.000000 0.000000 0.804998 0.552864 0.000000 0.000000 0.000000 0.000000 0.000000 0.000000 0.000000 0.000000 0.000000 0.000000 0.078282 0.726788 0.000000 0.000000 0.000000 0.000000 0.000000 0.000000 0.000000 0.000000 0.000000 0.000000 0.166200 0.913185 0.000000 0.000000 0.000000 0.000000 0.000000 0.000000 0.000000 0.000000 0.000000 0.000000 0.568254 0.167043 0.000000 0.000000 0.000000 0.000000 0.000000 0.000000 0.000000 0.000000 0.000000 0.000000 0.032543 0.149858 0.000000 0.000000 0.000000 0.000000 0.000000 0.000000 0.000000 0.000000 0.000000 0.000000 0.000000 0.000000 0.000000 0.000000 0.000000 0.000000 0.000000 0.000000 0.000000 0.000000 0.000000 0.000000 0.000000 0.000000 0.000000 0.000000 0.000000 0.000000 0.000000 0.000000 0.000000 0.000000 0.000000 0.000000 0.000000 0.000000 0.000000 0.000000 0.000000 0.000000 0.000000 0.000000 0.000000 0.000000 0.000000 0.000000 0.000000 0.000000 0.000000 0.000000 0.000000 0.000000 0.000000 0.000000 0.000000 0.000000 0.000000 0.000000 0.000000 0.000000 0.000000 0.000000 0.000000 0.000000 0.000000 0.000000 0.000000 0.000000 0.000000 0.000000 0.000000 0.000000 0.000000 0.000000 0.000000 0.000000 0.000000 0.000000 0.000000 0.000000 0.000000 0.000000 0.000000 0.000000 0.000000 0.000000 0.000000 0.000000 0.000000 0.000000 0.000000 0.000000 0.000000 0.000000 0.000000 0.000000 0.000000 0.000000 0.000000 0.000000 0.000000 0.000000 0.000000 0.000000 0.000000 0.000000 0.000000 0.000000 0.000000 0.000000 0.000000 0.000000 0.000000 0.000000 0.000000 0.000000 0.000000 0.000000 0.000000 0.000000 0.000000 0.000000 0.000000 0.000000 0.000000 0.000000 0.000000 0.000000 0.000000 0.000000 0.000000 0.000000 0.000000 0.000000 0.000000 0.000000 0.000000 0.000000 0.000000 0.000000 0.000000 0.000000 0.000000 0.000000 0.000000 0.000000 0.000000 0.000000 0.000000 0.000000 0.000000 0.000000 0.000000 0.000000 
0.141218 0.795402 0.000000 0.000000 0.000000 0.000000 0.000000 0.000000 0.000000 0.000000 0.000000 0.000000 0.046935 0.861911 0.000000 0.000000 0.000000 0.000000 0.000000 0.000000 0.000000 0.000000 0.000000 0.000000 0.224122 0.440868 0.000000 0.000000 0.000000 0.000000 0.000000 0.000000 0.000000 0.000000 0.000000 0.000000 0.746505 0.361991 0.000000 0.000000 0.000000 0.000000 0.000000 0.000000 0.000000 0.000000 0.000000 0.000000 0.666879 0.510719 0.000000 0.000000 0.000000 0.000000 0.000000 0.000000 0.000000 0.000000 0.000000 0.000000 0.610852 0.171970 0.000000 0.000000 0.000000 0.000000 0.000000 0.000000 0.000000 0.000000 0.000000 0.000000 0.000000 0.000000 0.000000 0.000000 0.000000 0.000000 0.000000 0.000000 0.000000 0.000000 0.000000 0.000000 0.000000 0.000000 0.000000 0.000000 0.000000 0.000000 0.000000 0.000000 0.000000 0.000000 0.000000 0.000000 0.000000 0.000000 0.000000 0.000000 0.000000 0.000000 0.000000 0.000000 0.000000 0.000000 0.000000 0.000000 0.000000 0.000000 0.000000 0.000000 0.000000 0.000000 0.000000 0.000000 0.000000 0.000000 0.000000 0.000000 0.000000 0.000000 0.000000 0.000000 0.000000 0.000000 0.000000 0.000000 0.000000 0.000000 0.000000 0.000000 0.000000 0.000000 0.000000 0.000000 0.000000 0.000000 0.000000 0.000000 0.000000 0.000000 0.000000 0.000000 0.000000 0.000000 0.000000 0.000000 0.000000 0.000000 0.000000 0.000000 0.000000 0.000000 0.000000 0.000000 0.000000 0.000000 0.000000 0.000000 0.000000 0.000000 0.000000 0.000000 0.000000 0.000000 0.000000 0.000000 0.000000 0.000000 0.000000 0.000000 0.000000 0.000000 0.000000 0.000000 0.000000 0.000000 0.000000 0.000000 0.000000 0.000000 0.000000 0.000000 0.000000 0.000000 0.000000 0.000000 0.000000 0.000000 0.000000 0.000000 0.000000 0.000000 0.000000 0.000000 0.000000 0.000000 0.000000 0.000000 0.000000 0.000000 0.000000 0.000000 0.000000 0.000000 0.000000 0.000000 0.000000 0.000000 0.000000 0.000000 0.000000 0.000000 0.000000 0.000000 
